Not Found: /static/admin/css/base.css
Not Found: /static/admin/css/dark_mode.css
Not Found: /static/admin/js/theme.js
Not Found: /static/admin/css/nav_sidebar.css
Not Found: /static/admin/css/responsive.css
Not Found: /static/admin/css/login.css
Not Found: /static/admin/css/nav_sidebar.css
Not Found: /static/admin/js/nav_sidebar.js
Not Found: /static/admin/css/responsive.css
Not Found: /favicon.ico
Not Found: /robots.txt
Not Found: /favicon.ico
Not Found: /static/admin/css/base.css
Not Found: /static/admin/css/dark_mode.css
Not Found: /static/admin/css/nav_sidebar.css
Not Found: /static/admin/js/theme.js
Not Found: /static/admin/css/responsive.css
Not Found: /static/admin/css/login.css
Not Found: /static/admin/css/nav_sidebar.css
Not Found: /static/admin/js/nav_sidebar.js
Not Found: /static/admin/css/base.css
Not Found: /static/admin/css/dark_mode.css
Not Found: /static/admin/css/login.css
Not Found: /static/admin/css/nav_sidebar.css
Not Found: /static/admin/js/theme.js
Not Found: /static/admin/css/responsive.css
Not Found: /static/admin/js/nav_sidebar.js
Not Found: /static/admin/css/nav_sidebar.css
Not Found: /static/admin/css/login.css
Not Found: /static/admin/css/base.css
Not Found: /static/admin/css/responsive.css
Not Found: /static/admin/css/dark_mode.css
Not Found: /static/admin/css/nav_sidebar.css
Not Found: /static/admin/js/theme.js
Not Found: /static/admin/css/login.css
Not Found: /static/admin/js/nav_sidebar.js
Not Found: /static/admin/css/nav_sidebar.css
Not Found: /static/admin/css/responsive.css
Not Found: /static/admin/css/base.css
Not Found: /static/admin/css/responsive.css
Not Found: /static/admin/css/dashboard.css
Not Found: /static/admin/css/nav_sidebar.css
Not Found: /static/admin/css/dark_mode.css
Not Found: /static/admin/js/theme.js
Not Found: /static/admin/css/responsive.css
Not Found: /static/admin/css/nav_sidebar.css
Not Found: /static/admin/js/nav_sidebar.js
Not Found: /static/admin/css/dashboard.css
Not Found: /favicon.ico
Not Found: /media/teachers/images_VXpmfWl.jpeg/media/teachers/images%5fVXpmfWl.jpeg
Not Found: /media/logo/logo.png
Not Found: /media/WhatsApp_Image_2025-11-14_at_6.04.14_PM.jpeg/media/WhatsApp%5fImage%5f2025-11-14%5fat%5f6.04.14%5fPM.jpeg
Not Found: /media/banner/1762274334621.jpg
Not Found: /media/teachers/Screenshot_20251106-203016_1.png/media/teachers/Screenshot%5f20251106-203016%5f1.png
Not Found: /media/teachers/images_VXpmfWl.jpeg
Not Found: /media/teachers/images.jpeg
Not Found: /media/teachers/Screenshot_20251106-203016_1.png
Not Found: /media/logo/logo.png
Not Found: /media/teachers/man-avatar-profile-picture-isolated-background-avatar-profile-picture-man_12932_Wqztt8C.jpg
Not Found: /media/teachers/man-avatar-profile-picture-isolated-background-avatar-profile-picture-man_12932_Wqztt8C.jpg/media/teachers/man-avatar-profile-picture-isolated-background-avatar-profile-picture-man%5f12932%5fWqztt8C.jpg
Not Found: /z0f76a1d14fd21a8fb5fd0d03e0fdc3d3cedae52f
Not Found: /media/teachers/images.jpeg
Not Found: /media/banner/1762274334621.jpg
Not Found: /media/WhatsApp_Image_2025-11-14_at_6.04.14_PM.jpeg
Not Found: /z0f76a1d14fd21a8fb5fd0d03e0fdc3d3cedae52f
Not Found: /favicon.ico
Not Found: /robots.txt
Not Found: /favicon.ico
Not Found: /media/WhatsApp_Image_2025-11-14_at_6.04.14_PM.jpeg/media/WhatsApp%5fImage%5f2025-11-14%5fat%5f6.04.14%5fPM.jpeg
Not Found: /media/banner/1762274334621.jpg
Not Found: /robots.txt
Not Found: /favicon.ico
Not Found: /favicon.ico
Not Found: /favicon.ico
Not Found: /favicon.ico
Not Found: /googlefa56b54276f14880.html
Not Found: /google4ec7b66b006d9c70.html
Not Found: /google4ec7b66b006d9c70.html
Not Found: /favicon.ico
Not Found: /favicon.png
[UID:1092][3718961] Child process with pid: 3718982 was killed by signal: 15, core dumped: no
Not Found: /favicon.ico
Not Found: /favicon.ico
Not Found: /robots.txt
Not Found: /favicon.ico
Not Found: /favicon.ico
Not Found: /favicon.ico
Internal Server Error: /
Traceback (most recent call last):
  File "/home/rrwkwtlx/virtualenv/bms/3.11/lib/python3.11/site-packages/django/template/base.py", line 511, in parse
    compile_func = self.tags[command]
                   ~~~~~~~~~^^^^^^^^^
KeyError: 'endfor'

During handling of the above exception, another exception occurred:

Traceback (most recent call last):
  File "/home/rrwkwtlx/virtualenv/bms/3.11/lib/python3.11/site-packages/django/core/handlers/exception.py", line 55, in inner
    response = get_response(request)
               ^^^^^^^^^^^^^^^^^^^^^
  File "/home/rrwkwtlx/virtualenv/bms/3.11/lib/python3.11/site-packages/django/core/handlers/base.py", line 197, in _get_response
    response = wrapped_callback(request, *callback_args, **callback_kwargs)
               ^^^^^^^^^^^^^^^^^^^^^^^^^^^^^^^^^^^^^^^^^^^^^^^^^^^^^^^^^^^^
  File "/home/rrwkwtlx/bms/base/views.py", line 24, in home
    return render(r, 'home.html', context)
           ^^^^^^^^^^^^^^^^^^^^^^^^^^^^^^^
  File "/home/rrwkwtlx/virtualenv/bms/3.11/lib/python3.11/site-packages/django/shortcuts.py", line 25, in render
    content = loader.render_to_string(template_name, context, request, using=using)
              ^^^^^^^^^^^^^^^^^^^^^^^^^^^^^^^^^^^^^^^^^^^^^^^^^^^^^^^^^^^^^^^^^^^^^
  File "/home/rrwkwtlx/virtualenv/bms/3.11/lib/python3.11/site-packages/django/template/loader.py", line 62, in render_to_string
    return template.render(context, request)
           ^^^^^^^^^^^^^^^^^^^^^^^^^^^^^^^^^
  File "/home/rrwkwtlx/virtualenv/bms/3.11/lib/python3.11/site-packages/django/template/backends/django.py", line 107, in render
    return self.template.render(context)
           ^^^^^^^^^^^^^^^^^^^^^^^^^^^^^
  File "/home/rrwkwtlx/virtualenv/bms/3.11/lib/python3.11/site-packages/django/template/base.py", line 172, in render
    return self._render(context)
           ^^^^^^^^^^^^^^^^^^^^^
  File "/home/rrwkwtlx/virtualenv/bms/3.11/lib/python3.11/site-packages/django/template/base.py", line 164, in _render
    return self.nodelist.render(context)
           ^^^^^^^^^^^^^^^^^^^^^^^^^^^^^
  File "/home/rrwkwtlx/virtualenv/bms/3.11/lib/python3.11/site-packages/django/template/base.py", line 1018, in render
    return SafeString("".join([node.render_annotated(context) for node in self]))
                              ^^^^^^^^^^^^^^^^^^^^^^^^^^^^^^^^^^^^^^^^^^^^^^^^^
  File "/home/rrwkwtlx/virtualenv/bms/3.11/lib/python3.11/site-packages/django/template/base.py", line 1018, in <listcomp>
    return SafeString("".join([node.render_annotated(context) for node in self]))
                               ^^^^^^^^^^^^^^^^^^^^^^^^^^^^^^
  File "/home/rrwkwtlx/virtualenv/bms/3.11/lib/python3.11/site-packages/django/template/base.py", line 979, in render_annotated
    return self.render(context)
           ^^^^^^^^^^^^^^^^^^^^
  File "/home/rrwkwtlx/virtualenv/bms/3.11/lib/python3.11/site-packages/django/template/loader_tags.py", line 134, in render
    compiled_parent = self.get_parent(context)
                      ^^^^^^^^^^^^^^^^^^^^^^^^
  File "/home/rrwkwtlx/virtualenv/bms/3.11/lib/python3.11/site-packages/django/template/loader_tags.py", line 131, in get_parent
    return self.find_template(parent, context)
           ^^^^^^^^^^^^^^^^^^^^^^^^^^^^^^^^^^^
  File "/home/rrwkwtlx/virtualenv/bms/3.11/lib/python3.11/site-packages/django/template/loader_tags.py", line 109, in find_template
    template, origin = context.template.engine.find_template(
                       ^^^^^^^^^^^^^^^^^^^^^^^^^^^^^^^^^^^^^^
  File "/home/rrwkwtlx/virtualenv/bms/3.11/lib/python3.11/site-packages/django/template/engine.py", line 159, in find_template
    template = loader.get_template(name, skip=skip)
               ^^^^^^^^^^^^^^^^^^^^^^^^^^^^^^^^^^^^
  File "/home/rrwkwtlx/virtualenv/bms/3.11/lib/python3.11/site-packages/django/template/loaders/cached.py", line 57, in get_template
    template = super().get_template(template_name, skip)
               ^^^^^^^^^^^^^^^^^^^^^^^^^^^^^^^^^^^^^^^^^
  File "/home/rrwkwtlx/virtualenv/bms/3.11/lib/python3.11/site-packages/django/template/loaders/base.py", line 28, in get_template
    return Template(
           ^^^^^^^^^
  File "/home/rrwkwtlx/virtualenv/bms/3.11/lib/python3.11/site-packages/django/template/base.py", line 155, in __init__
    self.nodelist = self.compile_nodelist()
                    ^^^^^^^^^^^^^^^^^^^^^^^
  File "/home/rrwkwtlx/virtualenv/bms/3.11/lib/python3.11/site-packages/django/template/base.py", line 197, in compile_nodelist
    nodelist = parser.parse()
               ^^^^^^^^^^^^^^
  File "/home/rrwkwtlx/virtualenv/bms/3.11/lib/python3.11/site-packages/django/template/base.py", line 513, in parse
    self.invalid_block_tag(token, command, parse_until)
  File "/home/rrwkwtlx/virtualenv/bms/3.11/lib/python3.11/site-packages/django/template/base.py", line 578, in invalid_block_tag
    raise self.error(
django.template.exceptions.TemplateSyntaxError: Invalid block tag on line 481: 'endfor'. Did you forget to register or load this tag?
[UID:1092][3756517] Child process with pid: 3756527 was killed by signal: 15, core dumped: no
Not Found: /favicon.ico
Not Found: /favicon.ico
Not Found: /z0f76a1d14fd21a8fb5fd0d03e0fdc3d3cedae52f
Not Found: /favicon.ico
Not Found: /favicon.ico
Not Found: /favicon.png
Not Found: /favicon.ico
Not Found: /favicon.ico
Not Found: /favicon.ico
Not Found: /favicon.ico
Not Found: /favicon.png
[UID:1092][3972825] Child process with pid: 4079676 was killed by signal: 15, core dumped: no
Not Found: /favicon.ico
Not Found: /favicon.ico
[UID:1092][4106099] Child process with pid: 4145784 was killed by signal: 15, core dumped: no
Not Found: /wordpress/
Not Found: /favicon.ico
Not Found: /favicon.png
Not Found: /favicon.ico
Not Found: /favicon.ico
Not Found: /favicon.png
Not Found: /favicon.ico
Not Found: /favicon.ico
Not Found: /favicon.ico
Not Found: /favicon.png
Not Found: /favicon.ico
Not Found: /wordpress/
Not Found: /favicon.ico
Not Found: /ads.txt
Not Found: /app-ads.txt
Not Found: /sellers.json
Not Found: /favicon.ico
Not Found: /ads.txt
Not Found: /app-ads.txt
Not Found: /sellers.json
Not Found: /favicon.ico
Not Found: /wp-includes/wlwmanifest.xml
Not Found: /xmlrpc.php
Not Found: /wp-json/wp/v2/users/
Not Found: /wp-json/oembed/1.0/embed
Not Found: /xmlrpc.php
Not Found: /favicon.ico
[UID:1092][1206995] Child process with pid: 1211107 was killed by signal: 15, core dumped: no
Not Found: /media/teachers/man-avatar-profile-picture-isolated-background-avatar-profile-picture-man_12932_Wqztt8C.jpg/media/teachers/man-avatar-profile-picture-isolated-background-avatar-profile-picture-man%5f12932%5fWqztt8C.jpg
Not Found: /media/teachers/man-avatar-profile-picture-isolated-background-avatar-profile-picture-man_12932_Wqztt8C.jpg/media/teachers/man-avatar-profile-picture-isolated-background-avatar-profile-picture-man%5f12932%5fWqztt8C.jpg
[UID:1092][1266549] Child process with pid: 1280284 was killed by signal: 15, core dumped: no
Not Found: /favicon.ico
Not Found: /favicon.ico
Not Found: /robots.txt
Not Found: /z0f76a1d14fd21a8fb5fd0d03e0fdc3d3cedae52f
Not Found: /favicon.ico
Not Found: /favicon.ico
Not Found: /wp-login.php
Not Found: /favicon.ico
Not Found: /wordpress/wp-admin/setup-config.php
Not Found: /wordpress/wp-admin/setup-config.php
Not Found: /wp-admin/setup-config.php
Not Found: /wp-admin/setup-config.php
Not Found: /wordpress/wp-admin/setup-config.php
Not Found: /wp-admin/setup-config.php
Not Found: /.well-known/traffic-advice
Not Found: /favicon.ico
Not Found: /favicon.ico
Not Found: /wp-admin/setup-config.php
Not Found: /favicon.ico
Not Found: /wp-admin/setup-config.php
Not Found: /wordpress/wp-admin/setup-config.php
Not Found: /wordpress/wp-admin/setup-config.php
Not Found: /wp-admin/setup-config.php
Internal Server Error: /admin/base/porichalok/
Traceback (most recent call last):
  File "/home/rrwkwtlx/virtualenv/bms/3.11/lib/python3.11/site-packages/django/core/handlers/exception.py", line 55, in inner
    response = get_response(request)
               ^^^^^^^^^^^^^^^^^^^^^
  File "/home/rrwkwtlx/virtualenv/bms/3.11/lib/python3.11/site-packages/django/core/handlers/base.py", line 220, in _get_response
    response = response.render()
               ^^^^^^^^^^^^^^^^^
  File "/home/rrwkwtlx/virtualenv/bms/3.11/lib/python3.11/site-packages/django/template/response.py", line 114, in render
    self.content = self.rendered_content
                   ^^^^^^^^^^^^^^^^^^^^^
  File "/home/rrwkwtlx/virtualenv/bms/3.11/lib/python3.11/site-packages/django/template/response.py", line 92, in rendered_content
    return template.render(context, self._request)
           ^^^^^^^^^^^^^^^^^^^^^^^^^^^^^^^^^^^^^^^
  File "/home/rrwkwtlx/virtualenv/bms/3.11/lib/python3.11/site-packages/django/template/backends/django.py", line 107, in render
    return self.template.render(context)
           ^^^^^^^^^^^^^^^^^^^^^^^^^^^^^
  File "/home/rrwkwtlx/virtualenv/bms/3.11/lib/python3.11/site-packages/django/template/base.py", line 170, in render
    with context.bind_template(self):
  File "/opt/alt/python311/lib64/python3.11/contextlib.py", line 137, in __enter__
    return next(self.gen)
           ^^^^^^^^^^^^^^
  File "/home/rrwkwtlx/virtualenv/bms/3.11/lib/python3.11/site-packages/django/template/context.py", line 259, in bind_template
    context = processor(self.request)
              ^^^^^^^^^^^^^^^^^^^^^^^
  File "/home/rrwkwtlx/bms/base/context_processors.py", line 14, in global_context
    context['gallery'] = Gellery.objects.all().order_by('-id')
                         ^^^^^^^
NameError: name 'Gellery' is not defined
Not Found: /favicon.ico
Internal Server Error: /admin/
Traceback (most recent call last):
  File "/home/rrwkwtlx/virtualenv/bms/3.11/lib/python3.11/site-packages/django/core/handlers/exception.py", line 55, in inner
    response = get_response(request)
               ^^^^^^^^^^^^^^^^^^^^^
  File "/home/rrwkwtlx/virtualenv/bms/3.11/lib/python3.11/site-packages/django/core/handlers/base.py", line 220, in _get_response
    response = response.render()
               ^^^^^^^^^^^^^^^^^
  File "/home/rrwkwtlx/virtualenv/bms/3.11/lib/python3.11/site-packages/django/template/response.py", line 114, in render
    self.content = self.rendered_content
                   ^^^^^^^^^^^^^^^^^^^^^
  File "/home/rrwkwtlx/virtualenv/bms/3.11/lib/python3.11/site-packages/django/template/response.py", line 92, in rendered_content
    return template.render(context, self._request)
           ^^^^^^^^^^^^^^^^^^^^^^^^^^^^^^^^^^^^^^^
  File "/home/rrwkwtlx/virtualenv/bms/3.11/lib/python3.11/site-packages/django/template/backends/django.py", line 107, in render
    return self.template.render(context)
           ^^^^^^^^^^^^^^^^^^^^^^^^^^^^^
  File "/home/rrwkwtlx/virtualenv/bms/3.11/lib/python3.11/site-packages/django/template/base.py", line 170, in render
    with context.bind_template(self):
  File "/opt/alt/python311/lib64/python3.11/contextlib.py", line 137, in __enter__
    return next(self.gen)
           ^^^^^^^^^^^^^^
  File "/home/rrwkwtlx/virtualenv/bms/3.11/lib/python3.11/site-packages/django/template/context.py", line 259, in bind_template
    context = processor(self.request)
              ^^^^^^^^^^^^^^^^^^^^^^^
  File "/home/rrwkwtlx/bms/base/context_processors.py", line 14, in global_context
    context['gallery'] = Gellery.objects.all().order_by('-id')
                         ^^^^^^^
NameError: name 'Gellery' is not defined
Internal Server Error: /
Traceback (most recent call last):
  File "/home/rrwkwtlx/virtualenv/bms/3.11/lib/python3.11/site-packages/django/core/handlers/exception.py", line 55, in inner
    response = get_response(request)
               ^^^^^^^^^^^^^^^^^^^^^
  File "/home/rrwkwtlx/virtualenv/bms/3.11/lib/python3.11/site-packages/django/core/handlers/base.py", line 197, in _get_response
    response = wrapped_callback(request, *callback_args, **callback_kwargs)
               ^^^^^^^^^^^^^^^^^^^^^^^^^^^^^^^^^^^^^^^^^^^^^^^^^^^^^^^^^^^^
  File "/home/rrwkwtlx/bms/base/views.py", line 24, in home
    return render(r, 'home.html', context)
           ^^^^^^^^^^^^^^^^^^^^^^^^^^^^^^^
  File "/home/rrwkwtlx/virtualenv/bms/3.11/lib/python3.11/site-packages/django/shortcuts.py", line 25, in render
    content = loader.render_to_string(template_name, context, request, using=using)
              ^^^^^^^^^^^^^^^^^^^^^^^^^^^^^^^^^^^^^^^^^^^^^^^^^^^^^^^^^^^^^^^^^^^^^
  File "/home/rrwkwtlx/virtualenv/bms/3.11/lib/python3.11/site-packages/django/template/loader.py", line 62, in render_to_string
    return template.render(context, request)
           ^^^^^^^^^^^^^^^^^^^^^^^^^^^^^^^^^
  File "/home/rrwkwtlx/virtualenv/bms/3.11/lib/python3.11/site-packages/django/template/backends/django.py", line 107, in render
    return self.template.render(context)
           ^^^^^^^^^^^^^^^^^^^^^^^^^^^^^
  File "/home/rrwkwtlx/virtualenv/bms/3.11/lib/python3.11/site-packages/django/template/base.py", line 170, in render
    with context.bind_template(self):
  File "/opt/alt/python311/lib64/python3.11/contextlib.py", line 137, in __enter__
    return next(self.gen)
           ^^^^^^^^^^^^^^
  File "/home/rrwkwtlx/virtualenv/bms/3.11/lib/python3.11/site-packages/django/template/context.py", line 259, in bind_template
    context = processor(self.request)
              ^^^^^^^^^^^^^^^^^^^^^^^
  File "/home/rrwkwtlx/bms/base/context_processors.py", line 14, in global_context
    context['gallery'] = Gellery.objects.all().order_by('-id')
                         ^^^^^^^
NameError: name 'Gellery' is not defined
[UID:1092][2677766] Child process with pid: 2710349 was killed by signal: 15, core dumped: no
Not Found: /wordpress/wp-admin/setup-config.php
Not Found: /wp-admin/setup-config.php
Not Found: /wp-admin/setup-config.php
Not Found: /wp-admin/setup-config.php
Not Found: /wordpress/wp-admin/setup-config.php
Not Found: /wordpress/wp-admin/setup-config.php
Not Found: /robots.txt
Not Found: /favicon.ico
Not Found: /favicon.png
Not Found: /favicon.ico
Not Found: /wp-admin/setup-config.php
Not Found: /wp-admin/setup-config.php
Not Found: /wordpress/wp-admin/setup-config.php
Not Found: /wp-admin/setup-config.php
Not Found: /wp-admin/setup-config.php
Not Found: /wordpress/wp-admin/setup-config.php
Not Found: /wp-admin/setup-config.php
Not Found: /.well-known/traffic-advice
Not Found: /wp-admin/setup-config.php
Not Found: /wordpress/wp-admin/setup-config.php
Not Found: /wordpress/wp-admin/setup-config.php
Not Found: /wp-admin/setup-config.php
Not Found: /wordpress/wp-admin/setup-config.php
Not Found: /wordpress/wp-admin/setup-config.php
Not Found: /wordpress/wp-admin/setup-config.php
Not Found: /wp-admin/setup-config.php
Not Found: /wp-admin/setup-config.php
Not Found: /wordpress/wp-admin/setup-config.php
Not Found: /wp-admin/install.php
Not Found: /wp/wp-admin/install.php
Not Found: /new/wp-admin/install.php
Not Found: /old/wp-admin/install.php
Not Found: /wordpress/wp-admin/install.php
Not Found: /test/wp-admin/install.php
Not Found: /blog/wp-admin/install.php
Not Found: /cms/wp-admin/install.php
Not Found: /web/wp-admin/install.php
Not Found: /site/wp-admin/install.php
Not Found: /oldsite/wp-admin/install.php
Not Found: /shop/wp-admin/install.php
Not Found: /wp-includes/wlwmanifest.xml
Not Found: /xmlrpc.php
Not Found: /wp-admin/setup-config.php
Not Found: /wp-json/wp/v2/users/
Not Found: /wp-json/oembed/1.0/embed
Not Found: /xmlrpc.php
Not Found: /wordpress/wp-admin/setup-config.php
Not Found: /wordpress/wp-admin/setup-config.php
Not Found: /wp-admin/setup-config.php
Not Found: /wp-admin/setup-config.php
Not Found: /wordpress/wp-admin/setup-config.php
Not Found: /wordpress/wp-admin/setup-config.php
Not Found: /wp-admin/setup-config.php
Not Found: /vNyFhhL5
Not Found: /vNyFhhL5
Not Found: /YRWnWHy7
Not Found: /YRWnWHy7
Not Found: /sberchat008-prilca/
Not Found: /sberchat008-prilca/
Not Found: /lander/sberchat5v4_tds_newcrm_017-ec_register-_1732091122/index.php
Not Found: /lander/sberchat5v4_tds_newcrm_017-ec_register-_1732091122/index.php
Not Found: /NWJs6k27
Not Found: /NWJs6k27
Not Found: /lander/sberchat5v4_tds_newcrm_017-ec_register-_1730370309/index.php
Not Found: /lander/sberchat5v4_tds_newcrm_017-ec_register-_1730370309/index.php
Not Found: /BNp8hDTk
Not Found: /BNp8hDTk
Not Found: /SyhZkyvD
Not Found: /SyhZkyvD
Not Found: /n4TWwtZ4
Not Found: /n4TWwtZ4
Not Found: /yZdx79
Not Found: /yZdx79
Not Found: /nqw80
Not Found: /nqw80
Not Found: /sbr
Not Found: /sbr
Not Found: /4gpzSvhY
Not Found: /4gpzSvhY
Not Found: /cabinet
Not Found: /cabinet
Not Found: /28kxhS
Not Found: /28kxhS
Not Found: /6bXX29bt
Not Found: /6bXX29bt
Not Found: /lander/rosneft/
Not Found: /lander/rosneft/
Not Found: /sberbank-quiz-v2/
Not Found: /sberbank-quiz-v2/
Not Found: /Kd67Fq1x
Not Found: /Kd67Fq1x
Not Found: /3vt4yTCT
Not Found: /3vt4yTCT
Not Found: /lander/sberchat5v4_tds_newcrm_038-vnutr_1721815245/index.php
Not Found: /lander/sberchat5v4_tds_newcrm_038-vnutr_1721815245/index.php
Not Found: /prVdNCXD
Not Found: /prVdNCXD
Not Found: /262LBNFp
Not Found: /262LBNFp
Not Found: /lander/sberchat5v4_tds_newcrm_028-vnutr/index.php
Not Found: /lander/sberchat5v4_tds_newcrm_028-vnutr/index.php
Not Found: /KLFzmbdm
Not Found: /KLFzmbdm
Not Found: /9XgxmrM3
Not Found: /9XgxmrM3
Not Found: /q1gpDhK4
Not Found: /q1gpDhK4
Not Found: /sKmcMfjD
Not Found: /sKmcMfjD
Not Found: /GJcjXsGY
Not Found: /GJcjXsGY
Not Found: /lander/testsberv4-copy--1/
Not Found: /lander/testsberv4-copy--1/
Not Found: /n6PdMqLz
Not Found: /n6PdMqLz
Not Found: /lander/sberquiz-2223-3
Not Found: /lander/sberquiz-2223-3
Not Found: /mQ2bDkV4
Not Found: /mQ2bDkV4
Not Found: /lander/-bull--sovkombank_quiz/
Not Found: /lander/-bull--sovkombank_quiz/
Not Found: /lander/sber-fix/
Not Found: /lander/sber-fix/
Not Found: /83036323
Not Found: /83036323
Not Found: /fpyB8SZ3
Not Found: /fpyB8SZ3
Not Found: /tink_chat/
Not Found: /tink_chat/
Not Found: /kXMGtQpC
Not Found: /kXMGtQpC
Not Found: /BSDLw5Mp
Not Found: /BSDLw5Mp
Not Found: /zxDLJZ
Not Found: /zxDLJZ
Not Found: /dwztdbhG
Not Found: /dwztdbhG
Not Found: /zMmL28CN
Not Found: /zMmL28CN
Not Found: /9LBgkTzq
Not Found: /9LBgkTzq
Not Found: /p3y69
Not Found: /p3y69
Not Found: /xv2qwZ3s
Not Found: /xv2qwZ3s
Not Found: /CMdTKBx3
Not Found: /CMdTKBx3
Not Found: /j26HRfdD
Not Found: /j26HRfdD
Not Found: /nfvX2mRq
Not Found: /nfvX2mRq
Not Found: /SrBkPK64
Not Found: /SrBkPK64
Not Found: /sberbank-quiz-4
Not Found: /sberbank-quiz-4
Not Found: /5jshCV
Not Found: /5jshCV
Not Found: /lander/sber/
Not Found: /lander/sber/
Not Found: /n5cw4Z3Y
Not Found: /n5cw4Z3Y
Not Found: /sFRWyHsz
Not Found: /sFRWyHsz
Not Found: /gpLFR5sr
Not Found: /gpLFR5sr
Not Found: /YWy6BPtM
Not Found: /YWy6BPtM
Not Found: /9hs69
Not Found: /9hs69
Not Found: /5fH7sTTJ
Not Found: /5fH7sTTJ
Not Found: /CtdJ76V
Not Found: /CtdJ76V
Not Found: /qJYNKtCd
Not Found: /qJYNKtCd
Not Found: /wp-admin/setup-config.php
Not Found: /wp-admin/setup-config.php
Not Found: /wordpress/wp-admin/setup-config.php
Not Found: /wordpress/wp-admin/setup-config.php
Not Found: /wordpress/wp-admin/setup-config.php
Not Found: /wp-admin/setup-config.php
Not Found: /wordpress/wp-admin/setup-config.php
Not Found: /wp-admin/setup-config.php
OSError: LSAPI: File error
[UID:1092][3369160] Child process with pid: 3370956 was killed by signal: 15, core dumped: no
Not Found: /wp-admin/setup-config.php
Not Found: /wp-admin/setup-config.php
Not Found: /wordpress/wp-admin/setup-config.php
Not Found: /wordpress/wp-admin/setup-config.php
Not Found: /wordpress/wp-admin/setup-config.php
Not Found: /wordpress/wp-admin/setup-config.php
Not Found: /wp-admin/setup-config.php
Not Found: /wp-admin/setup-config.php
Not Found: /wordpress/wp-admin/setup-config.php
Not Found: /wp-admin/setup-config.php
Not Found: /wp-admin/setup-config.php
Not Found: /wordpress/wp-admin/setup-config.php
Not Found: /wordpress/wp-admin/setup-config.php
Not Found: /wp-admin/setup-config.php
Not Found: /wp-admin/setup-config.php
Not Found: /wp-admin/setup-config.php
Not Found: /wordpress/wp-admin/setup-config.php
Not Found: /wordpress/wp-admin/setup-config.php
Not Found: /wp-admin/setup-config.php
Not Found: /wordpress/wp-admin/setup-config.php
Not Found: /wordpress/wp-admin/setup-config.php
Not Found: /wp-admin/setup-config.php
Not Found: /wp-admin/setup-config.php
Not Found: /wordpress/wp-admin/setup-config.php
Not Found: /wp-admin/setup-config.php
Not Found: /wordpress/wp-admin/setup-config.php
Not Found: /wordpress/wp-admin/setup-config.php
Not Found: /wp-admin/setup-config.php
Not Found: /wordpress/wp-admin/setup-config.php
Not Found: /wp-admin/setup-config.php
Not Found: /wordpress/wp-admin/setup-config.php
Not Found: /wordpress/wp-admin/setup-config.php
Not Found: /wp-admin/setup-config.php
Not Found: /wordpress/wp-admin/setup-config.php
Not Found: /wp-admin/setup-config.php
Not Found: /favicon.ico
Not Found: /wordpress/wp-admin/setup-config.php
Not Found: /wp-admin/setup-config.php
Not Found: /wordpress/wp-admin/setup-config.php
Not Found: /wp-admin/setup-config.php
Not Found: /robots.txt
Not Found: /sitemap.xml
Not Found: /llms.txt
Not Found: /humans.txt
Not Found: /ads.txt
Not Found: /security.txt
Not Found: /.well-known/security.txt
Not Found: /robots.txt
Not Found: /wordpress/wp-admin/setup-config.php
Not Found: /wordpress/wp-admin/setup-config.php
Not Found: /wp-admin/setup-config.php
Not Found: /wp-admin/setup-config.php
Not Found: /sitemap.xml
Not Found: /robots.txt
Not Found: /sitemap.xml
Not Found: /robots.txt
Not Found: /wp-admin/setup-config.php
Not Found: /wordpress/wp-admin/setup-config.php
Not Found: /wp-admin/setup-config.php
Not Found: /wordpress/wp-admin/setup-config.php
Not Found: /wp-admin/setup-config.php
Not Found: /wordpress/wp-admin/setup-config.php
Not Found: /wp-admin/setup-config.php
Not Found: /wordpress/wp-admin/setup-config.php
Not Found: /wp-admin/setup-config.php
Not Found: /wordpress/wp-admin/setup-config.php
Not Found: /wp-admin/setup-config.php
Not Found: /wordpress/wp-admin/setup-config.php
Not Found: /ads.txt
Not Found: /wp-admin/setup-config.php
Not Found: /wordpress/wp-admin/setup-config.php
Not Found: /wp-admin/setup-config.php
Not Found: /wordpress/wp-admin/setup-config.php
Not Found: /wp-admin/setup-config.php
Not Found: /wordpress/wp-admin/setup-config.php
Not Found: /wp-admin/setup-config.php
Not Found: /wordpress/wp-admin/setup-config.php
Not Found: /wordpress/wp-admin/setup-config.php
Not Found: /wordpress/wp-admin/setup-config.php
Not Found: /wp-admin/setup-config.php
Not Found: /wp-admin/setup-config.php
Not Found: /wordpress/wp-admin/setup-config.php
Not Found: /wp-admin/setup-config.php
Not Found: /wp-admin/setup-config.php
Not Found: /wordpress/wp-admin/setup-config.php
Not Found: /wp-admin/setup-config.php
Not Found: /wordpress/wp-admin/setup-config.php
Not Found: /wordpress/wp-admin/setup-config.php
Not Found: /wp-admin/setup-config.php
Not Found: /wp-admin/setup-config.php
Not Found: /wp-admin/setup-config.php
Not Found: /wordpress/wp-admin/setup-config.php
Not Found: /wordpress/wp-admin/setup-config.php
Not Found: /media/system/js/core.js
Not Found: /wp-includes/js/jquery/jquery.js
Not Found: /wordpress/wp-admin/setup-config.php
Not Found: /wordpress/wp-admin/setup-config.php
Not Found: /wp-admin/setup-config.php
Not Found: /wp-admin/setup-config.php
Not Found: /wp-admin/setup-config.php
Not Found: /wp-admin/setup-config.php
Not Found: /wordpress/wp-admin/setup-config.php
Not Found: /wordpress/wp-admin/setup-config.php
Not Found: /wordpress/wp-admin/setup-config.php
Not Found: /wp-admin/setup-config.php
Not Found: /wordpress/wp-admin/setup-config.php
Not Found: /wp-admin/setup-config.php
Not Found: /wordpress/wp-admin/setup-config.php
Not Found: /wp-admin/setup-config.php
Not Found: /wordpress/
Not Found: /wp-admin/setup-config.php
Not Found: /wordpress/wp-admin/setup-config.php
Not Found: /wordpress/wp-admin/setup-config.php
Not Found: /wp-admin/setup-config.php
Not Found: /wordpress/wp-admin/setup-config.php
Not Found: /wp-admin/setup-config.php
Not Found: /wordpress/wp-admin/setup-config.php
Not Found: /wp-admin/setup-config.php
Not Found: /wordpress/wp-admin/setup-config.php
Not Found: /wp-admin/setup-config.php
Not Found: /wp-admin/setup-config.php
Not Found: /wordpress/wp-admin/setup-config.php
Not Found: /robots.txt
Not Found: /favicon.ico
Not Found: /robots.txt
Not Found: /robots.txt
Not Found: /favicon.ico
Not Found: /robots.txt
Not Found: /wp-admin/setup-config.php
Not Found: /wp-admin/setup-config.php
Not Found: /wordpress/wp-admin/setup-config.php
Not Found: /wordpress/wp-admin/setup-config.php
Not Found: /wordpress/wp-admin/setup-config.php
Not Found: /wp-admin/setup-config.php
Not Found: /wp-admin/setup-config.php
Not Found: /wordpress/wp-admin/setup-config.php
Not Found: /wordpress/wp-admin/setup-config.php
Not Found: /wp-admin/setup-config.php
Not Found: /wp-admin/setup-config.php
Not Found: /wordpress/wp-admin/setup-config.php
Not Found: /wordpress/wp-admin/setup-config.php
Not Found: /wordpress/wp-admin/setup-config.php
Not Found: /wp-admin/setup-config.php
Not Found: /wp-admin/setup-config.php
Not Found: /wordpress/wp-admin/setup-config.php
Not Found: /wp-admin/setup-config.php
Not Found: /wordpress/wp-admin/setup-config.php
Not Found: /wp-admin/setup-config.php
Not Found: /wordpress/wp-admin/setup-config.php
Not Found: /wordpress/wp-admin/setup-config.php
Not Found: /wp-admin/setup-config.php
Not Found: /wp-admin/setup-config.php
Not Found: /robots.txt
Not Found: /wp-admin/setup-config.php
Not Found: /wordpress/wp-admin/setup-config.php
Not Found: /wp-admin/setup-config.php
Not Found: /wordpress/wp-admin/setup-config.php
Not Found: /wordpress/wp-admin/setup-config.php
Not Found: /wp-admin/setup-config.php
Not Found: /wp-admin/setup-config.php
Not Found: /wordpress/wp-admin/setup-config.php
Internal Server Error: /subcategory/10/
Traceback (most recent call last):
  File "/home/rrwkwtlx/virtualenv/bms/3.11/lib/python3.11/site-packages/django/core/handlers/exception.py", line 55, in inner
    response = get_response(request)
               ^^^^^^^^^^^^^^^^^^^^^
  File "/home/rrwkwtlx/virtualenv/bms/3.11/lib/python3.11/site-packages/django/core/handlers/base.py", line 197, in _get_response
    response = wrapped_callback(request, *callback_args, **callback_kwargs)
               ^^^^^^^^^^^^^^^^^^^^^^^^^^^^^^^^^^^^^^^^^^^^^^^^^^^^^^^^^^^^
  File "/home/rrwkwtlx/bms/base/views.py", line 7, in subcategory_detail
    return render(request, 'content.html', {'text': subcategory.text})
           ^^^^^^^^^^^^^^^^^^^^^^^^^^^^^^^^^^^^^^^^^^^^^^^^^^^^^^^^^^^
  File "/home/rrwkwtlx/virtualenv/bms/3.11/lib/python3.11/site-packages/django/shortcuts.py", line 25, in render
    content = loader.render_to_string(template_name, context, request, using=using)
              ^^^^^^^^^^^^^^^^^^^^^^^^^^^^^^^^^^^^^^^^^^^^^^^^^^^^^^^^^^^^^^^^^^^^^
  File "/home/rrwkwtlx/virtualenv/bms/3.11/lib/python3.11/site-packages/django/template/loader.py", line 62, in render_to_string
    return template.render(context, request)
           ^^^^^^^^^^^^^^^^^^^^^^^^^^^^^^^^^
  File "/home/rrwkwtlx/virtualenv/bms/3.11/lib/python3.11/site-packages/django/template/backends/django.py", line 107, in render
    return self.template.render(context)
           ^^^^^^^^^^^^^^^^^^^^^^^^^^^^^
  File "/home/rrwkwtlx/virtualenv/bms/3.11/lib/python3.11/site-packages/django/template/base.py", line 170, in render
    with context.bind_template(self):
  File "/opt/alt/python311/lib64/python3.11/contextlib.py", line 137, in __enter__
    return next(self.gen)
           ^^^^^^^^^^^^^^
  File "/home/rrwkwtlx/virtualenv/bms/3.11/lib/python3.11/site-packages/django/template/context.py", line 259, in bind_template
    context = processor(self.request)
              ^^^^^^^^^^^^^^^^^^^^^^^
  File "/home/rrwkwtlx/bms/base/context_processors.py", line 15, in global_context
    context['calender'] = Calender.objects.first()
                          ^^^^^^^^
NameError: name 'Calender' is not defined
Internal Server Error: /
Traceback (most recent call last):
  File "/home/rrwkwtlx/virtualenv/bms/3.11/lib/python3.11/site-packages/django/core/handlers/exception.py", line 55, in inner
    response = get_response(request)
               ^^^^^^^^^^^^^^^^^^^^^
  File "/home/rrwkwtlx/virtualenv/bms/3.11/lib/python3.11/site-packages/django/core/handlers/base.py", line 197, in _get_response
    response = wrapped_callback(request, *callback_args, **callback_kwargs)
               ^^^^^^^^^^^^^^^^^^^^^^^^^^^^^^^^^^^^^^^^^^^^^^^^^^^^^^^^^^^^
  File "/home/rrwkwtlx/bms/base/views.py", line 24, in home
    return render(r, 'home.html', context)
           ^^^^^^^^^^^^^^^^^^^^^^^^^^^^^^^
  File "/home/rrwkwtlx/virtualenv/bms/3.11/lib/python3.11/site-packages/django/shortcuts.py", line 25, in render
    content = loader.render_to_string(template_name, context, request, using=using)
              ^^^^^^^^^^^^^^^^^^^^^^^^^^^^^^^^^^^^^^^^^^^^^^^^^^^^^^^^^^^^^^^^^^^^^
  File "/home/rrwkwtlx/virtualenv/bms/3.11/lib/python3.11/site-packages/django/template/loader.py", line 62, in render_to_string
    return template.render(context, request)
           ^^^^^^^^^^^^^^^^^^^^^^^^^^^^^^^^^
  File "/home/rrwkwtlx/virtualenv/bms/3.11/lib/python3.11/site-packages/django/template/backends/django.py", line 107, in render
    return self.template.render(context)
           ^^^^^^^^^^^^^^^^^^^^^^^^^^^^^
  File "/home/rrwkwtlx/virtualenv/bms/3.11/lib/python3.11/site-packages/django/template/base.py", line 170, in render
    with context.bind_template(self):
  File "/opt/alt/python311/lib64/python3.11/contextlib.py", line 137, in __enter__
    return next(self.gen)
           ^^^^^^^^^^^^^^
  File "/home/rrwkwtlx/virtualenv/bms/3.11/lib/python3.11/site-packages/django/template/context.py", line 259, in bind_template
    context = processor(self.request)
              ^^^^^^^^^^^^^^^^^^^^^^^
  File "/home/rrwkwtlx/bms/base/context_processors.py", line 15, in global_context
    context['calender'] = Calender.objects.first()
                          ^^^^^^^^
NameError: name 'Calender' is not defined
Not Found: /favicon.ico
Not Found: /wp-admin/setup-config.php
Not Found: /wp-admin/setup-config.php
Not Found: /wordpress/wp-admin/setup-config.php
Not Found: /wp-includes/wlwmanifest.xml
Not Found: /xmlrpc.php
Not Found: /wp-json/wp/v2/users/
Not Found: /wp-json/oembed/1.0/embed
Not Found: /xmlrpc.php
Not Found: /wordpress/wp-admin/setup-config.php
Not Found: /wordpress/wp-admin/setup-config.php
Not Found: /wp-admin/setup-config.php
Not Found: /wp-admin/setup-config.php
Not Found: /wordpress/wp-admin/setup-config.php
Not Found: /wp-login.php
Not Found: /robots.txt
Not Found: /wordpress/wp-admin/setup-config.php
Not Found: /wp-admin/setup-config.php
Not Found: /wordpress/wp-admin/setup-config.php
Not Found: /wp-admin/setup-config.php
Not Found: /wp-admin/setup-config.php
Not Found: /wordpress/wp-admin/setup-config.php
Not Found: /wp-admin/setup-config.php
Not Found: /wp-admin/setup-config.php
Not Found: /wordpress/wp-admin/setup-config.php
Not Found: /wp-admin/setup-config.php
Not Found: /wp-admin/setup-config.php
Not Found: /wordpress/wp-admin/setup-config.php
Not Found: /wordpress/wp-admin/setup-config.php
Not Found: /wordpress/wp-admin/setup-config.php
Not Found: /wordpress/wp-admin/setup-config.php
Not Found: /wp-admin/setup-config.php
Not Found: /wp-admin/setup-config.php
Not Found: /wp-admin/setup-config.php
Not Found: /wp-admin/setup-config.php
Not Found: /wordpress/wp-admin/setup-config.php
Not Found: /wordpress/wp-admin/setup-config.php
Not Found: /wordpress/wp-admin/setup-config.php
Not Found: /wp-admin/setup-config.php
Not Found: /wordpress/wp-admin/setup-config.php
Not Found: /wp-admin/setup-config.php
Not Found: /wp-admin/setup-config.php
Not Found: /wp-admin/setup-config.php
Not Found: /wordpress/wp-admin/setup-config.php
Not Found: /wordpress/wp-admin/setup-config.php
Not Found: /robots.txt
Not Found: /wordpress/wp-admin/setup-config.php
Not Found: /wordpress/wp-admin/setup-config.php
Not Found: /wp-admin/setup-config.php
Not Found: /wp-admin/setup-config.php
Not Found: /wordpress/wp-admin/setup-config.php
Not Found: /wp-admin/setup-config.php
Not Found: /wp-admin/setup-config.php
Not Found: /.well-known/traffic-advice
Not Found: /wordpress/wp-admin/setup-config.php
Not Found: /favicon.ico
Not Found: /ads.txt
Not Found: /app-ads.txt
Not Found: /sellers.json
Not Found: /favicon.ico
Not Found: /ads.txt
Not Found: /app-ads.txt
Not Found: /sellers.json
Not Found: /wordpress/wp-admin/setup-config.php
Not Found: /wp-admin/setup-config.php
Not Found: /wordpress/wp-admin/setup-config.php
Not Found: /wp-admin/setup-config.php
Not Found: /robots.txt
Not Found: /cmd_sco
Not Found: /cmd_sco
Not Found: /cmd_sco
Not Found: /cmd_sco
Not Found: /cmd_sco
Not Found: /wp-admin/setup-config.php
Not Found: /wp-admin/setup-config.php
Not Found: /wordpress/wp-admin/setup-config.php
Not Found: /wordpress/wp-admin/setup-config.php
Not Found: /robots.txt
Not Found: /robots.txt
Not Found: /robots.txt
Not Found: /robots.txt
Not Found: /robots.txt
Not Found: /robots.txt
Not Found: /robots.txt
Not Found: /robots.txt
Not Found: /robots.txt
Not Found: /robots.txt
Not Found: /robots.txt
Not Found: /robots.txt
Not Found: /wp-admin/setup-config.php
Not Found: /wordpress/wp-admin/setup-config.php
Not Found: /wordpress/wp-admin/setup-config.php
Not Found: /wp-admin/setup-config.php
Not Found: /wordpress/wp-admin/setup-config.php
Not Found: /wp-admin/setup-config.php
Not Found: /wp-admin/setup-config.php
Not Found: /wordpress/wp-admin/setup-config.php
Not Found: /main.js
Not Found: /wp-includes/wlwmanifest.xml
Not Found: /xmlrpc.php
Not Found: /wp-json/wp/v2/users/
Not Found: /wp-json/oembed/1.0/embed
Not Found: /xmlrpc.php
Not Found: /wordpress/wp-admin/setup-config.php
Not Found: /wordpress/wp-admin/setup-config.php
Not Found: /wp-admin/setup-config.php
Not Found: /wp-admin/setup-config.php
Not Found: /wp-admin/setup-config.php
Not Found: /wordpress/wp-admin/setup-config.php
Not Found: /wordpress/wp-admin/setup-config.php
Not Found: /wp-admin/setup-config.php
Not Found: /wp-admin/setup-config.php
Not Found: /wordpress/wp-admin/setup-config.php
Not Found: /wp-admin/setup-config.php
Not Found: /wordpress/wp-admin/setup-config.php
Not Found: /wordpress/wp-admin/setup-config.php
Not Found: /wp-admin/setup-config.php
Not Found: /wp-admin/setup-config.php
Not Found: /wordpress/wp-admin/setup-config.php
Not Found: /wordpress/wp-admin/setup-config.php
Not Found: /wp-admin/setup-config.php
Not Found: /wordpress/wp-admin/setup-config.php
Not Found: /wp-admin/setup-config.php
Not Found: /wp-admin/setup-config.php
Not Found: /wp-admin/setup-config.php
Not Found: /wordpress/wp-admin/setup-config.php
Not Found: /wordpress/wp-admin/setup-config.php
Not Found: /v1/models
Not Found: /v1/models
Not Found: /v1/models
Not Found: /favicon.ico
Not Found: /favicon.ico
Not Found: /wp-admin/setup-config.php
Not Found: /wp-admin/setup-config.php
Not Found: /3ds.php
Not Found: /3ds.php
Not Found: /merchant/code
Not Found: /merchant/code
Not Found: /merchant/z/payment/
Not Found: /merchant/z/payment/
Not Found: /3ds1633693954432212
Not Found: /3ds1633693954432212
Not Found: /5/130/narodanimat-1/index.html
Not Found: /5/130/narodanimat-1/index.html
Not Found: /wordpress/wp-admin/setup-config.php
Not Found: /wordpress/wp-admin/setup-config.php
Not Found: /wp-admin/setup-config.php
Not Found: /wordpress/wp-admin/setup-config.php
Not Found: /wp-admin/setup-config.php
Not Found: /wordpress/wp-admin/setup-config.php
Not Found: /wp-admin/setup-config.php
Not Found: /wordpress/wp-admin/setup-config.php
Not Found: /wordpress/wp-admin/setup-config.php
Not Found: /wp-admin/setup-config.php
Not Found: /wordpress/wp-admin/setup-config.php
Not Found: /wp-admin/setup-config.php
Not Found: /wordpress/wp-admin/setup-config.php
Not Found: /wp-admin/setup-config.php
Not Found: /wp-admin/setup-config.php
Not Found: /wordpress/wp-admin/setup-config.php
Not Found: /wordpress/wp-admin/setup-config.php
Not Found: /wp-admin/setup-config.php
Not Found: /wp-login.php
Not Found: /wordpress/wp-admin/setup-config.php
Not Found: /wordpress/wp-admin/setup-config.php
Not Found: /wp-admin/setup-config.php
Not Found: /wp-admin/setup-config.php
Not Found: /wp-admin/setup-config.php
Not Found: /wp-admin/setup-config.php
Not Found: /wordpress/wp-admin/setup-config.php
Not Found: /wordpress/wp-admin/setup-config.php
Not Found: /NWJs6k27
Not Found: /NWJs6k27
Not Found: /n6PdMqLz
Not Found: /n6PdMqLz
Not Found: /lander/testsberv4-copy--1/
Not Found: /lander/testsberv4-copy--1/
Not Found: /lander/-bull--sovkombank_quiz/
Not Found: /lander/-bull--sovkombank_quiz/
Not Found: /lander/rosneft/
Not Found: /lander/rosneft/
Not Found: /gpLFR5sr
Not Found: /gpLFR5sr
Not Found: /xv2qwZ3s
Not Found: /xv2qwZ3s
Not Found: /sberbank-quiz-4
Not Found: /sberbank-quiz-4
Not Found: /n4TWwtZ4
Not Found: /n4TWwtZ4
Not Found: /BNp8hDTk
Not Found: /BNp8hDTk
Not Found: /zMmL28CN
Not Found: /zMmL28CN
Not Found: /fpyB8SZ3
Not Found: /fpyB8SZ3
Not Found: /kXMGtQpC
Not Found: /kXMGtQpC
Not Found: /CtdJ76V
Not Found: /CtdJ76V
Not Found: /KLFzmbdm
Not Found: /83036323
Not Found: /83036323
Not Found: /sKmcMfjD
Not Found: /sKmcMfjD
Not Found: /lander/sberchat5v4_tds_newcrm_028-vnutr/index.php
Not Found: /lander/sberchat5v4_tds_newcrm_028-vnutr/index.php
Not Found: /28kxhS
Not Found: /28kxhS
Not Found: /5jshCV
Not Found: /5jshCV
Not Found: /5fH7sTTJ
Not Found: /5fH7sTTJ
Not Found: /lander/sber-fix/
Not Found: /lander/sber-fix/
Not Found: /SyhZkyvD
Not Found: /SyhZkyvD
Not Found: /sbr
Not Found: /sbr
Not Found: /n5cw4Z3Y
Not Found: /n5cw4Z3Y
Not Found: /lander/sberchat5v4_tds_newcrm_017-ec_register-_1732091122/index.php
Not Found: /lander/sberchat5v4_tds_newcrm_017-ec_register-_1732091122/index.php
Not Found: /lander/sberchat5v4_tds_newcrm_038-vnutr_1721815245/index.php
Not Found: /lander/sberchat5v4_tds_newcrm_038-vnutr_1721815245/index.php
Not Found: /j26HRfdD
Not Found: /j26HRfdD
Not Found: /yZdx79
Not Found: /yZdx79
Not Found: /3vt4yTCT
Not Found: /3vt4yTCT
Not Found: /nfvX2mRq
Not Found: /nfvX2mRq
Not Found: /4gpzSvhY
Not Found: /4gpzSvhY
Not Found: /9LBgkTzq
Not Found: /9LBgkTzq
Not Found: /YWy6BPtM
Not Found: /YWy6BPtM
Not Found: /tink_chat/
Not Found: /tink_chat/
Not Found: /9XgxmrM3
Not Found: /9XgxmrM3
Not Found: /sFRWyHsz
Not Found: /sFRWyHsz
Not Found: /lander/sberchat5v4_tds_newcrm_017-ec_register-_1730370309/index.php
Not Found: /lander/sberchat5v4_tds_newcrm_017-ec_register-_1730370309/index.php
Not Found: /Kd67Fq1x
Not Found: /Kd67Fq1x
Not Found: /prVdNCXD
Not Found: /prVdNCXD
Not Found: /6bXX29bt
Not Found: /6bXX29bt
Not Found: /CMdTKBx3
Not Found: /CMdTKBx3
Not Found: /zxDLJZ
Not Found: /zxDLJZ
Not Found: /262LBNFp
Not Found: /262LBNFp
Not Found: /sberbank-quiz-v2/
Not Found: /sberbank-quiz-v2/
Not Found: /cabinet
Not Found: /cabinet
Not Found: /lander/sberquiz-2223-3
Not Found: /lander/sberquiz-2223-3
Not Found: /BSDLw5Mp
Not Found: /BSDLw5Mp
Not Found: /q1gpDhK4
Not Found: /q1gpDhK4
Not Found: /sberchat008-prilca/
Not Found: /sberchat008-prilca/
Not Found: /YRWnWHy7
Not Found: /YRWnWHy7
Not Found: /dwztdbhG
Not Found: /dwztdbhG
Not Found: /9hs69
Not Found: /9hs69
Not Found: /GJcjXsGY
Not Found: /GJcjXsGY
Not Found: /p3y69
Not Found: /p3y69
Not Found: /nqw80
Not Found: /nqw80
Not Found: /SrBkPK64
Not Found: /SrBkPK64
Not Found: /lander/sber/
Not Found: /lander/sber/
Not Found: /qJYNKtCd
Not Found: /qJYNKtCd
Not Found: /mQ2bDkV4
Not Found: /mQ2bDkV4
Not Found: /vNyFhhL5
Not Found: /vNyFhhL5
Not Found: /wp-admin/setup-config.php
Not Found: /wp-admin/setup-config.php
Not Found: /wordpress/wp-admin/setup-config.php
Not Found: /wordpress/wp-admin/setup-config.php
Not Found: /favicon.ico
Not Found: /wordpress/wp-admin/setup-config.php
Not Found: /wordpress/wp-admin/setup-config.php
Not Found: /wp-admin/setup-config.php
Not Found: /wp-admin/setup-config.php
Not Found: /wordpress/wp-admin/setup-config.php
Not Found: /wordpress/wp-admin/setup-config.php
Not Found: /wp-admin/setup-config.php
Not Found: /wp-admin/setup-config.php
Not Found: /wp-admin/setup-config.php
Not Found: /wordpress/wp-admin/setup-config.php
Not Found: /wp-admin/setup-config.php
Not Found: /wordpress/wp-admin/setup-config.php
Not Found: /wp-admin/setup-config.php
Not Found: /wordpress/wp-admin/setup-config.php
Not Found: /wp-admin/setup-config.php
Not Found: /wordpress/wp-admin/setup-config.php
Not Found: /wp-admin/setup-config.php
Not Found: /wordpress/wp-admin/setup-config.php
Not Found: /wordpress/wp-admin/setup-config.php
Not Found: /wordpress/wp-admin/setup-config.php
Not Found: /wp-admin/setup-config.php
Not Found: /wp-admin/setup-config.php
Not Found: /wp-admin/setup-config.php
Not Found: /wp-admin/setup-config.php
Not Found: /wordpress/wp-admin/setup-config.php
Not Found: /wordpress/wp-admin/setup-config.php
Not Found: /wp-admin/setup-config.php
Not Found: /wordpress/wp-admin/setup-config.php
Not Found: /wordpress/wp-admin/setup-config.php
Not Found: /wp-admin/setup-config.php
Not Found: /wp-admin/setup-config.php
Not Found: /wp-admin/setup-config.php
Not Found: /wordpress/wp-admin/setup-config.php
Not Found: /wordpress/wp-admin/setup-config.php
Not Found: /wordpress/wp-admin/setup-config.php
Not Found: /wp-admin/setup-config.php
Not Found: /wp-admin/setup-config.php
Not Found: /wordpress/wp-admin/setup-config.php
Not Found: /wordpress/wp-admin/setup-config.php
Not Found: /wordpress/wp-admin/setup-config.php
Not Found: /wp-admin/setup-config.php
Not Found: /wp-admin/setup-config.php
Not Found: /wordpress/wp-admin/setup-config.php
Not Found: /wp-admin/setup-config.php
Not Found: /wp-admin/setup-config.php
Not Found: /wordpress/wp-admin/setup-config.php
Not Found: /wp-admin/setup-config.php
Not Found: /wp-admin/setup-config.php
Not Found: /wordpress/wp-admin/setup-config.php
Not Found: /wordpress/wp-admin/setup-config.php
Not Found: /robots.txt
Not Found: /wordpress/wp-admin/setup-config.php
Not Found: /wp-admin/setup-config.php
Not Found: /wordpress/wp-admin/setup-config.php
Not Found: /wp-admin/setup-config.php
Not Found: /wp-admin/setup-config.php
Not Found: /wordpress/wp-admin/setup-config.php
Not Found: /wordpress/wp-admin/setup-config.php
Not Found: /wp-admin/setup-config.php
Not Found: /wp-includes/wlwmanifest.xml
Not Found: /xmlrpc.php
Not Found: /wp-json/wp/v2/users/
Not Found: /wp-json/oembed/1.0/embed
Not Found: /xmlrpc.php
Not Found: /wp-admin/setup-config.php
Not Found: /wordpress/wp-admin/setup-config.php
Not Found: /wordpress/wp-admin/setup-config.php
Not Found: /wp-admin/setup-config.php
Not Found: /wp-login.php
Not Found: /wordpress/wp-admin/setup-config.php
Not Found: /wp-admin/setup-config.php
Not Found: /wordpress/wp-admin/setup-config.php
Not Found: /wp-admin/setup-config.php
Not Found: /wp-admin/setup-config.php
Not Found: /wp-admin/setup-config.php
Not Found: /wordpress/wp-admin/setup-config.php
Not Found: /wordpress/wp-admin/setup-config.php
Not Found: /wp-admin/setup-config.php
Not Found: /wordpress/wp-admin/setup-config.php
Not Found: /wordpress/wp-admin/setup-config.php
Not Found: /wp-admin/setup-config.php
Not Found: /wp-admin/setup-config.php
Not Found: /wp-admin/setup-config.php
Not Found: /wordpress/wp-admin/setup-config.php
Not Found: /wordpress/wp-admin/setup-config.php
Not Found: /wordpress/wp-admin/setup-config.php
Not Found: /wp-admin/setup-config.php
Not Found: /wp-admin/setup-config.php
Not Found: /wordpress/wp-admin/setup-config.php
Not Found: /wordpress/wp-admin/setup-config.php
Not Found: /wp-admin/setup-config.php
Not Found: /wordpress/wp-admin/setup-config.php
Not Found: /wp-admin/setup-config.php
Not Found: /wordpress/wp-admin/setup-config.php
Not Found: /wp-admin/setup-config.php
Not Found: /wp-admin/setup-config.php
Not Found: /wordpress/wp-admin/setup-config.php
Not Found: /robots.txt
Not Found: /sitemap.xml
Not Found: /sitemap_index.xml
Not Found: /wp-admin/setup-config.php
Not Found: /wordpress/wp-admin/setup-config.php
Not Found: /wp-admin/setup-config.php
Not Found: /wordpress/wp-admin/setup-config.php
Not Found: /wp-admin/setup-config.php
Not Found: /wp-admin/setup-config.php
Not Found: /wordpress/wp-admin/setup-config.php
Not Found: /wordpress/wp-admin/setup-config.php
Not Found: /wordpress/wp-admin/setup-config.php
Not Found: /wordpress/wp-admin/setup-config.php
Not Found: /wp-admin/setup-config.php
Not Found: /wp-admin/setup-config.php
Not Found: /wp-admin/setup-config.php
Not Found: /wordpress/wp-admin/setup-config.php
Not Found: /wordpress/wp-admin/setup-config.php
Not Found: /wp-admin/setup-config.php
Forbidden (Referer checking failed - no Referer.): /
[UID:1092][1456590] packetLen < 0
Not Found: /.well-known/security.txt
Not Found: /.well-known/openid-configuration
Not Found: /.well-known/oauth-authorization-server
Not Found: /.well-known/webfinger
Not Found: /.well-known/apple-app-site-association
Not Found: /.well-known/assetlinks.json
Not Found: /.well-known/change-password
Not Found: /.well-known/delete-account
Not Found: /.well-known/mta-sts.txt
Not Found: /.well-known/openpgpkey/hu/
Not Found: /robots.txt
Not Found: /invalid-page-1765848313939517855
Not Found: /robots.txt
Not Found: /wordpress/wp-admin/setup-config.php
Not Found: /wordpress/wp-admin/setup-config.php
Not Found: /wp-admin/setup-config.php
Not Found: /wp-admin/setup-config.php
Not Found: /robots.txt
Not Found: /wordpress/wp-admin/setup-config.php
Not Found: /wp-admin/setup-config.php
Not Found: /wp-admin/setup-config.php
Not Found: /wordpress/wp-admin/setup-config.php
Not Found: /media/teachers/1765687679016_KZXfFse.jpg/media/teachers/1765687679016%5fKZXfFse.jpg
Not Found: /wordpress/wp-admin/setup-config.php
Not Found: /wp-admin/setup-config.php
Not Found: /wp-admin/setup-config.php
Not Found: /wordpress/wp-admin/setup-config.php
Not Found: /wordpress/wp-admin/setup-config.php
Not Found: /wp-admin/setup-config.php
Not Found: /wp-admin/setup-config.php
Not Found: /wordpress/wp-admin/setup-config.php
Not Found: /wp-admin/setup-config.php
Not Found: /wordpress/wp-admin/setup-config.php
Not Found: /wp-admin/setup-config.php
Not Found: /wordpress/wp-admin/setup-config.php
Not Found: /wordpress/wp-admin/setup-config.php
Not Found: /wordpress/wp-admin/setup-config.php
Not Found: /wp-admin/setup-config.php
Not Found: /wp-admin/setup-config.php
Not Found: /wp-admin/setup-config.php
Not Found: /wp-admin/setup-config.php
Not Found: /wordpress/wp-admin/setup-config.php
Not Found: /wordpress/wp-admin/setup-config.php
Not Found: /wp-admin/setup-config.php
Not Found: /wordpress/wp-admin/setup-config.php
Not Found: /wp-admin/setup-config.php
Not Found: /wordpress/wp-admin/setup-config.php
Not Found: /wordpress/wp-admin/setup-config.php
Not Found: /wp-admin/setup-config.php
Not Found: /wp-admin/setup-config.php
Not Found: /wordpress/wp-admin/setup-config.php
Not Found: /wordpress/wp-admin/setup-config.php
Not Found: /wp-admin/setup-config.php
Not Found: /wp-admin/setup-config.php
Not Found: /wp-admin/setup-config.php
Not Found: /wp-admin/setup-config.php
Not Found: /wordpress/wp-admin/setup-config.php
Not Found: /wordpress/wp-admin/setup-config.php
Not Found: /wp-admin/setup-config.php
Not Found: /wp-admin/setup-config.php
Not Found: /wordpress/wp-admin/setup-config.php
Not Found: /wordpress/wp-admin/setup-config.php
Not Found: /wp-admin/setup-config.php
Not Found: /wp-admin/setup-config.php
Not Found: /wordpress/wp-admin/setup-config.php
Not Found: /wordpress/wp-admin/setup-config.php
Not Found: /wp-admin/setup-config.php
Not Found: /wp-admin/setup-config.php
Not Found: /wordpress/wp-admin/setup-config.php
Not Found: /wordpress/wp-admin/setup-config.php
Not Found: /wp-admin/setup-config.php
Not Found: /wordpress/wp-admin/setup-config.php
Not Found: /wordpress/wp-admin/setup-config.php
Not Found: /wp-admin/setup-config.php
Not Found: /wordpress/wp-admin/setup-config.php
Not Found: /wp-admin/setup-config.php
Not Found: /wordpress/wp-admin/setup-config.php
Not Found: /wp-admin/setup-config.php
Not Found: /wordpress/wp-admin/setup-config.php
Not Found: /wordpress/wp-admin/setup-config.php
Not Found: /wp-admin/setup-config.php
Not Found: /wp-admin/setup-config.php
Not Found: /wordpress/wp-admin/setup-config.php
Not Found: /wordpress/wp-admin/setup-config.php
Not Found: /wp-admin/setup-config.php
Not Found: /wp-admin/setup-config.php
Not Found: /wp-admin/setup-config.php
Not Found: /wordpress/wp-admin/setup-config.php
Not Found: /wordpress/wp-admin/setup-config.php
Not Found: /wp-admin/setup-config.php
Not Found: /wp-admin/setup-config.php
Not Found: /wordpress/wp-admin/setup-config.php
Not Found: /wordpress/wp-admin/setup-config.php
Not Found: /wp-admin/setup-config.php
Not Found: /wp-admin/setup-config.php
Not Found: /wordpress/wp-admin/setup-config.php
Not Found: /wp-admin/setup-config.php
Not Found: /wordpress/wp-admin/setup-config.php
Not Found: /wp-admin/setup-config.php
Not Found: /wordpress/wp-admin/setup-config.php
Not Found: /wp-admin/setup-config.php
Not Found: /wp-admin/setup-config.php
Not Found: /wordpress/wp-admin/setup-config.php
Not Found: /wp-admin/setup-config.php
Not Found: /wp-admin/setup-config.php
Not Found: /wordpress/wp-admin/setup-config.php
Not Found: /wordpress/wp-admin/setup-config.php
Not Found: /wp-admin/setup-config.php
Not Found: /wordpress/wp-admin/setup-config.php
Not Found: /wordpress/wp-admin/setup-config.php
Not Found: /wp-admin/setup-config.php
Not Found: /wordpress/wp-admin/setup-config.php
Not Found: /wordpress/wp-admin/setup-config.php
Not Found: /wp-admin/setup-config.php
Not Found: /wp-admin/setup-config.php
Not Found: /wp-admin/setup-config.php
Not Found: /wordpress/wp-admin/setup-config.php
Not Found: /wp-admin/setup-config.php
Not Found: /wordpress/wp-admin/setup-config.php
Not Found: /merchant/z/payment/
Not Found: /merchant/z/payment/
Not Found: /merchant/code
Not Found: /merchant/code
Not Found: /3ds.php
Not Found: /3ds.php
Not Found: /3ds1633693954432212
Not Found: /3ds1633693954432212
Not Found: /5/130/narodanimat-1/index.html
Not Found: /5/130/narodanimat-1/index.html
Not Found: /wp-admin/setup-config.php
Not Found: /wordpress/wp-admin/setup-config.php
Not Found: /wordpress/wp-admin/setup-config.php
Not Found: /wp-admin/setup-config.php
Not Found: /.well-known/traffic-advice
Not Found: /wp-admin/setup-config.php
Not Found: /wp-admin/setup-config.php
Not Found: /wordpress/wp-admin/setup-config.php
Not Found: /wordpress/wp-admin/setup-config.php
Not Found: /wp-admin/setup-config.php
Not Found: /wordpress/wp-admin/setup-config.php
Not Found: /wordpress/wp-admin/setup-config.php
Not Found: /wp-admin/setup-config.php
Not Found: /wp-admin/setup-config.php
Not Found: /wordpress/wp-admin/setup-config.php
Not Found: /wordpress/wp-admin/setup-config.php
Not Found: /wp-admin/setup-config.php
Not Found: /wp-admin/setup-config.php
Not Found: /wordpress/wp-admin/setup-config.php
Not Found: /wp-admin/setup-config.php
Not Found: /wp-admin/setup-config.php
Not Found: /wordpress/wp-admin/setup-config.php
Not Found: /wordpress/wp-admin/setup-config.php
Not Found: /wordpress/wp-admin/setup-config.php
Not Found: /wordpress/wp-admin/setup-config.php
Not Found: /wp-admin/setup-config.php
Not Found: /wp-admin/setup-config.php
Not Found: /wordpress/wp-admin/setup-config.php
Not Found: /wordpress/wp-admin/setup-config.php
Not Found: /wp-admin/setup-config.php
Not Found: /wp-admin/setup-config.php
Not Found: /wp-admin/setup-config.php
Not Found: /wordpress/wp-admin/setup-config.php
Not Found: /wp-admin/setup-config.php
Not Found: /wordpress/wp-admin/setup-config.php
Not Found: /wp-admin/setup-config.php
Not Found: /wp-admin/setup-config.php
Not Found: /wordpress/wp-admin/setup-config.php
Not Found: /wordpress/wp-admin/setup-config.php
Not Found: /wp-admin/setup-config.php
Not Found: /wordpress/wp-admin/setup-config.php
Not Found: /wordpress/wp-admin/setup-config.php
Not Found: /wp-admin/setup-config.php
Not Found: /wp-admin/setup-config.php
Not Found: /wordpress/wp-admin/setup-config.php
Not Found: /wp-admin/setup-config.php
Not Found: /wordpress/wp-admin/setup-config.php
Not Found: /wp-admin/setup-config.php
Not Found: /wp-admin/setup-config.php
Not Found: /wordpress/wp-admin/setup-config.php
Not Found: /wp-admin/setup-config.php
Not Found: /wordpress/wp-admin/setup-config.php
Not Found: /wp-admin/setup-config.php
Not Found: /wordpress/wp-admin/setup-config.php
Not Found: /wp-admin/setup-config.php
Not Found: /wordpress/wp-admin/setup-config.php
Not Found: /wp-admin/setup-config.php
Not Found: /wordpress/wp-admin/setup-config.php
Not Found: /wp-admin/setup-config.php
Not Found: /wordpress/wp-admin/setup-config.php
Not Found: /wp-admin/setup-config.php
Not Found: /wordpress/wp-admin/setup-config.php
Not Found: /wp-admin/setup-config.php
Not Found: /.well-known/traffic-advice
Not Found: /wp-admin/setup-config.php
Not Found: /wordpress/wp-admin/setup-config.php
Not Found: /wordpress/wp-admin/setup-config.php
Not Found: /wp-admin/setup-config.php
Not Found: /wordpress/wp-admin/setup-config.php
Not Found: /wp-admin/setup-config.php
Not Found: /wordpress/wp-admin/setup-config.php
Not Found: /wp-admin/setup-config.php
Not Found: /wordpress/wp-admin/setup-config.php
Not Found: /wp-admin/setup-config.php
Not Found: /wordpress/wp-admin/setup-config.php
Not Found: /wp-admin/setup-config.php
Not Found: /wp-login.php
Not Found: /wordpress/wp-admin/setup-config.php
Not Found: /wordpress/wp-admin/setup-config.php
Not Found: /wp-admin/setup-config.php
Not Found: /wp-admin/setup-config.php
Not Found: /wp-admin/setup-config.php
Not Found: /wordpress/wp-admin/setup-config.php
Not Found: /wp-admin/setup-config.php
Not Found: /wordpress/wp-admin/setup-config.php
Not Found: /wordpress/wp-admin/setup-config.php
Not Found: /wordpress/wp-admin/setup-config.php
Not Found: /wp-admin/setup-config.php
Not Found: /wordpress/wp-admin/setup-config.php
Not Found: /wp-admin/setup-config.php
Not Found: /wp-admin/setup-config.php
Not Found: /wordpress/wp-admin/setup-config.php
Not Found: /wp-admin/setup-config.php
Not Found: /wordpress/wp-admin/setup-config.php
Not Found: /wordpress/wp-admin/setup-config.php
Not Found: /wp-admin/setup-config.php
Not Found: /wp-admin/setup-config.php
Not Found: /wordpress/wp-admin/setup-config.php
Not Found: /wp-admin/setup-config.php
Not Found: /wordpress/wp-admin/setup-config.php
Not Found: /wp-admin/setup-config.php
Not Found: /wp-admin/setup-config.php
Not Found: /wordpress/wp-admin/setup-config.php
Not Found: /wordpress/wp-admin/setup-config.php
Not Found: /wp-admin/setup-config.php
Not Found: /wordpress/wp-admin/setup-config.php
Not Found: /wp-admin/setup-config.php
Not Found: /wordpress/wp-admin/setup-config.php
Not Found: /wordpress/wp-admin/setup-config.php
Not Found: /wordpress/wp-admin/setup-config.php
Not Found: /wp-admin/setup-config.php
Not Found: /wp-admin/setup-config.php
Not Found: /wp-admin/setup-config.php
Not Found: /wordpress/wp-admin/setup-config.php
Not Found: /wordpress/wp-admin/setup-config.php
Not Found: /wp-admin/setup-config.php
Not Found: /robots.txt
Not Found: /sitemap.xml
Not Found: /sitemap.xml
Not Found: /robots.txt
Not Found: /wp-admin/setup-config.php
Not Found: /wp-admin/setup-config.php
Not Found: /wordpress/wp-admin/setup-config.php
Not Found: /wordpress/wp-admin/setup-config.php
Not Found: /robots.txt
Not Found: /wordpress/wp-admin/setup-config.php
Not Found: /wordpress/wp-admin/setup-config.php
Not Found: /wp-admin/setup-config.php
Not Found: /wp-admin/setup-config.php
Not Found: /wp-admin/setup-config.php
Not Found: /wordpress/wp-admin/setup-config.php
Not Found: /wp-admin/setup-config.php
Not Found: /wordpress/wp-admin/setup-config.php
Not Found: /wordpress/wp-admin/setup-config.php
Not Found: /wp-admin/setup-config.php
Not Found: /wordpress/wp-admin/setup-config.php
Not Found: /wp-admin/setup-config.php
Not Found: /wordpress/wp-admin/setup-config.php
Not Found: /wp-admin/setup-config.php
Not Found: /wp-admin/setup-config.php
Not Found: /wordpress/wp-admin/setup-config.php
Not Found: /wp-admin/setup-config.php
Not Found: /wordpress/wp-admin/setup-config.php
Not Found: /wordpress/wp-admin/setup-config.php
Not Found: /wp-admin/setup-config.php
Not Found: /wordpress/wp-admin/setup-config.php
Not Found: /wordpress/wp-admin/setup-config.php
Not Found: /wp-admin/setup-config.php
Not Found: /wp-admin/setup-config.php
Not Found: /wp-admin/setup-config.php
Not Found: /wordpress/wp-admin/setup-config.php
Not Found: /wordpress/wp-admin/setup-config.php
Not Found: /wp-admin/setup-config.php
Not Found: /.well-known/traffic-advice
Not Found: /wordpress/wp-admin/setup-config.php
Not Found: /wp-admin/setup-config.php
Not Found: /wp-admin/setup-config.php
Not Found: /wordpress/wp-admin/setup-config.php
Not Found: /wp-admin/setup-config.php
Not Found: /wordpress/wp-admin/setup-config.php
Not Found: /wp-admin/setup-config.php
Not Found: /wordpress/wp-admin/setup-config.php
Not Found: /wp-admin/setup-config.php
Not Found: /wordpress/wp-admin/setup-config.php
Not Found: /wordpress/wp-admin/setup-config.php
Not Found: /wp-admin/setup-config.php
Not Found: /wp-admin/setup-config.php
Not Found: /wp-admin/setup-config.php
Not Found: /wordpress/wp-admin/setup-config.php
Not Found: /wordpress/wp-admin/setup-config.php
Not Found: /wp-admin/setup-config.php
Not Found: /wordpress/wp-admin/setup-config.php
Not Found: /wp-admin/setup-config.php
Not Found: /wordpress/wp-admin/setup-config.php
Not Found: /wp-includes/wlwmanifest.xml
Not Found: /xmlrpc.php
Not Found: /wp-json/wp/v2/users/
Not Found: /wp-json/oembed/1.0/embed
Not Found: /xmlrpc.php
Not Found: /wordpress/wp-admin/setup-config.php
Not Found: /wp-admin/setup-config.php
Not Found: /wordpress/wp-admin/setup-config.php
Not Found: /wp-admin/setup-config.php
Not Found: /wp-admin/setup-config.php
Not Found: /wordpress/wp-admin/setup-config.php
Not Found: /wp-admin/setup-config.php
Not Found: /wordpress/wp-admin/setup-config.php
Not Found: /favicon.ico
Not Found: /favicon.png
Not Found: /favicon.ico
Not Found: /wp-admin/setup-config.php
Not Found: /wordpress/wp-admin/setup-config.php
Not Found: /wordpress/wp-admin/setup-config.php
Not Found: /wp-admin/setup-config.php
Not Found: /wp-admin/setup-config.php
Not Found: /wp-admin/setup-config.php
Not Found: /wordpress/wp-admin/setup-config.php
Not Found: /wordpress/wp-admin/setup-config.php
Not Found: /wp-admin/setup-config.php
Not Found: /wordpress/wp-admin/setup-config.php
Not Found: /wordpress/wp-admin/setup-config.php
Not Found: /wp-admin/setup-config.php
Not Found: /NxPpZntn
Not Found: /thYYFVhM
Not Found: /wp-admin/setup-config.php
Not Found: /wordpress/wp-admin/setup-config.php
Not Found: /wordpress/wp-admin/setup-config.php
Not Found: /wp-admin/setup-config.php
Not Found: /wordpress/wp-admin/setup-config.php
Not Found: /wp-admin/setup-config.php
Not Found: /wp-admin/setup-config.php
Not Found: /wordpress/wp-admin/setup-config.php
Not Found: /wp-admin/setup-config.php
Not Found: /wordpress/wp-admin/setup-config.php
Not Found: /wp-admin/setup-config.php
Not Found: /wordpress/wp-admin/setup-config.php
Not Found: /.well-known/traffic-advice
Not Found: /wp-admin/setup-config.php
Not Found: /wp-admin/setup-config.php
Not Found: /wordpress/wp-admin/setup-config.php
Not Found: /wordpress/wp-admin/setup-config.php
Not Found: /robots.txt
Not Found: /wp-admin/setup-config.php
Not Found: /wordpress/wp-admin/setup-config.php
Not Found: /wordpress/wp-admin/setup-config.php
Not Found: /wp-admin/setup-config.php
Not Found: /wp-admin/setup-config.php
Not Found: /wp-admin/setup-config.php
Not Found: /wordpress/wp-admin/setup-config.php
Not Found: /wordpress/wp-admin/setup-config.php
Not Found: /wp-admin/setup-config.php
Not Found: /wordpress/wp-admin/setup-config.php
Not Found: /wp-admin/setup-config.php
Not Found: /wordpress/wp-admin/setup-config.php
Not Found: /favicon.ico
Not Found: /wordpress/wp-admin/setup-config.php
Not Found: /wp-admin/setup-config.php
Not Found: /wp-admin/setup-config.php
Not Found: /wordpress/wp-admin/setup-config.php
Not Found: /wp-admin/setup-config.php
Not Found: /wordpress/wp-admin/setup-config.php
Not Found: /wp-admin/setup-config.php
Not Found: /wordpress/wp-admin/setup-config.php
Not Found: /wp-admin/setup-config.php
Not Found: /wp-admin/setup-config.php
Not Found: /wordpress/wp-admin/setup-config.php
Not Found: /wordpress/wp-admin/setup-config.php
Not Found: /.well-known/traffic-advice
Not Found: /wordpress/wp-admin/setup-config.php
Not Found: /wp-admin/setup-config.php
Not Found: /wp-admin/setup-config.php
Not Found: /wordpress/wp-admin/setup-config.php
Not Found: /wordpress/wp-admin/setup-config.php
Not Found: /wordpress/wp-admin/setup-config.php
Not Found: /wp-admin/setup-config.php
Not Found: /wp-admin/setup-config.php
Not Found: /wordpress/wp-admin/setup-config.php
Not Found: /wordpress/wp-admin/setup-config.php
Not Found: /wp-admin/setup-config.php
Not Found: /wp-admin/setup-config.php
Not Found: /wordpress/wp-admin/setup-config.php
Not Found: /wp-admin/setup-config.php
Not Found: /wp-admin/setup-config.php
Not Found: /wordpress/wp-admin/setup-config.php
Not Found: /wordpress/wp-admin/setup-config.php
Not Found: /wp-admin/setup-config.php
Not Found: /wordpress/wp-admin/setup-config.php
Not Found: /wp-admin/setup-config.php
Not Found: /wordpress/wp-admin/setup-config.php
Not Found: /wp-admin/setup-config.php
Not Found: /wordpress/wp-admin/setup-config.php
Not Found: /wp-admin/setup-config.php
Not Found: /wp-admin/setup-config.php
Not Found: /wp-admin/setup-config.php
Not Found: /wordpress/wp-admin/setup-config.php
Not Found: /wordpress/wp-admin/setup-config.php
Not Found: /wordpress/wp-admin/setup-config.php
Not Found: /wp-admin/setup-config.php
Not Found: /wp-admin/setup-config.php
Not Found: /wordpress/wp-admin/setup-config.php
Not Found: /wp-admin/setup-config.php
Not Found: /wp-admin/setup-config.php
Not Found: /wordpress/wp-admin/setup-config.php
Not Found: /wordpress/wp-admin/setup-config.php
Not Found: /wordpress/wp-admin/setup-config.php
Not Found: /wp-admin/setup-config.php
Not Found: /wordpress/wp-admin/setup-config.php
Not Found: /wp-admin/setup-config.php
Not Found: /wordpress/wp-admin/setup-config.php
Not Found: /wp-admin/setup-config.php
Not Found: /wp-admin/setup-config.php
Not Found: /wordpress/wp-admin/setup-config.php
Not Found: /wordpress/wp-admin/setup-config.php
Not Found: /wp-admin/setup-config.php
Not Found: /wp-admin/setup-config.php
Not Found: /wordpress/wp-admin/setup-config.php
Not Found: /wordpress/wp-admin/setup-config.php
Not Found: /wordpress/wp-admin/setup-config.php
Not Found: /wp-admin/setup-config.php
Not Found: /wp-admin/setup-config.php
Not Found: /wp-admin/setup-config.php
Not Found: /wordpress/wp-admin/setup-config.php
Not Found: /wordpress/wp-admin/setup-config.php
Not Found: /wp-admin/setup-config.php
Not Found: /wordpress/wp-admin/setup-config.php
Not Found: /wp-admin/setup-config.php
Not Found: /wp-admin/setup-config.php
Not Found: /wordpress/wp-admin/setup-config.php
Not Found: /wp-admin/setup-config.php
Not Found: /wp-admin/setup-config.php
Not Found: /wordpress/wp-admin/setup-config.php
Not Found: /wordpress/wp-admin/setup-config.php
Not Found: /media/system/js/core.js
Not Found: /wp-includes/js/jquery/jquery.js
Not Found: /wordpress/wp-admin/setup-config.php
Not Found: /wordpress/wp-admin/setup-config.php
Not Found: /wp-admin/setup-config.php
Not Found: /wp-admin/setup-config.php
Not Found: /robots.txt
Not Found: /wp-admin/setup-config.php
Not Found: /wp-admin/setup-config.php
Not Found: /wordpress/wp-admin/setup-config.php
Not Found: /wordpress/wp-admin/setup-config.php
Not Found: /wp-admin/setup-config.php
Not Found: /wp-admin/setup-config.php
Not Found: /wordpress/wp-admin/setup-config.php
Not Found: /wordpress/wp-admin/setup-config.php
Not Found: /wp-includes/wlwmanifest.xml
Not Found: /xmlrpc.php
Not Found: /wp-json/wp/v2/users/
Not Found: /wp-json/oembed/1.0/embed
Not Found: /xmlrpc.php
Not Found: /wordpress/wp-admin/setup-config.php
Not Found: /wp-admin/setup-config.php
Not Found: /wp-admin/setup-config.php
Not Found: /wp-admin/setup-config.php
Not Found: /wp-admin/setup-config.php
Not Found: /wordpress/wp-admin/setup-config.php
Not Found: /wordpress/wp-admin/setup-config.php
Not Found: /5/130/narodanimat-1/index.html
Not Found: /5/130/narodanimat-1/index.html
Not Found: /3ds.php
Not Found: /3ds.php
Not Found: /merchant/code
Not Found: /merchant/code
Not Found: /3ds1633693954432212
Not Found: /3ds1633693954432212
Not Found: /merchant/z/payment/
Not Found: /merchant/z/payment/
Not Found: /wordpress/wp-admin/setup-config.php
Not Found: /wp-admin/setup-config.php
Not Found: /wp-admin/setup-config.php
Not Found: /wordpress/wp-admin/setup-config.php
Not Found: /wordpress/wp-admin/setup-config.php
Not Found: /wp-admin/setup-config.php
Not Found: /wordpress/wp-admin/setup-config.php
Not Found: /wp-admin/setup-config.php
Not Found: /wp-admin/setup-config.php
Not Found: /wp-admin/setup-config.php
Not Found: /wordpress/wp-admin/setup-config.php
Not Found: /wordpress/wp-admin/setup-config.php
Not Found: /wp-admin/setup-config.php
Not Found: /wordpress/wp-admin/setup-config.php
Not Found: /wordpress/wp-admin/setup-config.php
Not Found: /wp-admin/setup-config.php
Not Found: /wp-admin/setup-config.php
Not Found: /wordpress/wp-admin/setup-config.php
Not Found: /wordpress/wp-admin/setup-config.php
Not Found: /wp-admin/setup-config.php
Not Found: /wordpress/
Not Found: /wp-admin/setup-config.php
Not Found: /wp-admin/setup-config.php
Not Found: /wordpress/wp-admin/setup-config.php
Not Found: /wordpress/wp-admin/setup-config.php
Not Found: /wordpress/wp-admin/setup-config.php
Not Found: /robots.txt
Not Found: /wp-admin/setup-config.php
Not Found: /wp-admin/setup-config.php
Not Found: /wp-admin/setup-config.php
Not Found: /wordpress/wp-admin/setup-config.php
Not Found: /wp-admin/setup-config.php
Not Found: /wordpress/wp-admin/setup-config.php
Not Found: /wordpress/wp-admin/setup-config.php
Not Found: /wordpress/wp-admin/setup-config.php
Not Found: /wp-admin/setup-config.php
Not Found: /wp-admin/setup-config.php
Not Found: /wordpress/wp-admin/setup-config.php
Not Found: /wordpress/wp-admin/setup-config.php
Not Found: /wp-admin/setup-config.php
Not Found: /wp-admin/setup-config.php
Not Found: /favicon.ico
Not Found: /wp-admin/setup-config.php
Not Found: /wordpress/wp-admin/setup-config.php
Not Found: /wordpress/wp-admin/setup-config.php
Not Found: /wp-admin/setup-config.php
Not Found: /wp-admin/setup-config.php
Not Found: /wordpress/wp-admin/setup-config.php
Not Found: /wp-admin/setup-config.php
Not Found: /wordpress/wp-admin/setup-config.php
Not Found: /wordpress/wp-admin/setup-config.php
Not Found: /wordpress/wp-admin/setup-config.php
Not Found: /wp-admin/setup-config.php
Not Found: /wp-admin/setup-config.php
Not Found: /wordpress/wp-admin/setup-config.php
Not Found: /wordpress/wp-admin/setup-config.php
Not Found: /wp-admin/setup-config.php
Not Found: /wp-admin/setup-config.php
Not Found: /wp-admin/setup-config.php
Not Found: /wp-admin/setup-config.php
Not Found: /wordpress/wp-admin/setup-config.php
Not Found: /wordpress/wp-admin/setup-config.php
Not Found: /wp-admin/setup-config.php
Not Found: /wp-admin/setup-config.php
Not Found: /wordpress/wp-admin/setup-config.php
Not Found: /wordpress/wp-admin/setup-config.php
Not Found: /wp-admin/setup-config.php
Not Found: /wordpress/wp-admin/setup-config.php
Not Found: /wordpress/wp-admin/setup-config.php
Not Found: /wp-admin/setup-config.php
Not Found: /wp-admin/setup-config.php
Not Found: /wordpress/wp-admin/setup-config.php
Not Found: /wp-admin/setup-config.php
Not Found: /wordpress/wp-admin/setup-config.php
Not Found: /robots.txt
Not Found: /wp-admin/setup-config.php
Not Found: /wordpress/wp-admin/setup-config.php
Not Found: /wordpress/wp-admin/setup-config.php
Not Found: /wp-admin/setup-config.php
Not Found: /wordpress/wp-admin/setup-config.php
Not Found: /wp-admin/setup-config.php
Not Found: /wordpress/wp-admin/setup-config.php
Not Found: /wp-admin/setup-config.php
Not Found: /wp-admin/setup-config.php
Not Found: /wordpress/wp-admin/setup-config.php
Not Found: /wp-admin/setup-config.php
Not Found: /wordpress/wp-admin/setup-config.php
Not Found: /wp-admin/setup-config.php
Not Found: /wp-admin/setup-config.php
Not Found: /wordpress/wp-admin/setup-config.php
Not Found: /wordpress/wp-admin/setup-config.php
Not Found: /wp-admin/setup-config.php
Not Found: /wordpress/wp-admin/setup-config.php
Not Found: /wp-admin/setup-config.php
Not Found: /wordpress/wp-admin/setup-config.php
Not Found: /wordpress/wp-admin/setup-config.php
Not Found: /wordpress/wp-admin/setup-config.php
Not Found: /wp-admin/setup-config.php
Not Found: /wp-admin/setup-config.php
Not Found: /wp-admin/setup-config.php
Not Found: /wordpress/wp-admin/setup-config.php
Not Found: /wordpress/wp-admin/setup-config.php
Not Found: /wp-admin/setup-config.php
Not Found: /wp-admin/setup-config.php
Not Found: /wordpress/wp-admin/setup-config.php
Not Found: /wordpress/wp-admin/setup-config.php
Not Found: /wp-admin/setup-config.php
Not Found: /wp-admin/setup-config.php
Not Found: /wordpress/wp-admin/setup-config.php
Not Found: /wp-admin/setup-config.php
Not Found: /wordpress/wp-admin/setup-config.php
Not Found: /wordpress/wp-admin/setup-config.php
Not Found: /wordpress/wp-admin/setup-config.php
Not Found: /wp-admin/setup-config.php
Not Found: /wp-admin/setup-config.php
Not Found: /wordpress/wp-admin/setup-config.php
Not Found: /wordpress/wp-admin/setup-config.php
Not Found: /wp-admin/setup-config.php
Not Found: /wp-admin/setup-config.php
Not Found: /wp-admin/setup-config.php
Not Found: /wordpress/wp-admin/setup-config.php
Not Found: /wp-admin/setup-config.php
Not Found: /wordpress/wp-admin/setup-config.php
Not Found: /wp-admin/setup-config.php
Not Found: /wordpress/wp-admin/setup-config.php
Not Found: /wp-admin/setup-config.php
Not Found: /wordpress/wp-admin/setup-config.php
Not Found: /wp-admin/setup-config.php
Not Found: /wp-admin/setup-config.php
Not Found: /wordpress/wp-admin/setup-config.php
Not Found: /wp-admin/setup-config.php
Not Found: /wordpress/wp-admin/setup-config.php
Not Found: /wordpress/wp-admin/setup-config.php
Not Found: /wordpress/wp-admin/setup-config.php
Not Found: /wp-admin/setup-config.php
Not Found: /wp-admin/setup-config.php
Not Found: /wordpress/wp-admin/setup-config.php
Not Found: /wp-admin/setup-config.php
Not Found: /wordpress/wp-admin/setup-config.php
Not Found: /wp-admin/setup-config.php
Not Found: /wordpress/wp-admin/setup-config.php
Not Found: /wordpress/wp-admin/setup-config.php
Not Found: /wp-admin/setup-config.php
Not Found: /wp-admin/setup-config.php
Not Found: /wp-admin/setup-config.php
Not Found: /wordpress/wp-admin/setup-config.php
Not Found: /wp-admin/setup-config.php
Not Found: /wordpress/wp-admin/setup-config.php
Not Found: /wordpress/wp-admin/setup-config.php
Not Found: /wordpress/wp-admin/setup-config.php
Not Found: /wp-admin/setup-config.php
Not Found: /wp-admin/setup-config.php
Not Found: /wp-admin/setup-config.php
Not Found: /wordpress/wp-admin/setup-config.php
Not Found: /favicon.ico
Not Found: /wp-admin/setup-config.php
Not Found: /wordpress/wp-admin/setup-config.php
Not Found: /wp-admin/setup-config.php
Not Found: /wordpress/wp-admin/setup-config.php
Not Found: /wordpress/wp-admin/setup-config.php
Not Found: /wp-admin/setup-config.php
Not Found: /wordpress/wp-admin/setup-config.php
Not Found: /wordpress/wp-admin/setup-config.php
Not Found: /wp-admin/setup-config.php
Not Found: /wp-admin/setup-config.php
Not Found: /robots.txt
Not Found: /wp-admin/setup-config.php
Not Found: /wordpress/wp-admin/setup-config.php
Not Found: /wordpress/wp-admin/setup-config.php
Not Found: /wp-admin/setup-config.php
Not Found: /wp-admin/setup-config.php
Not Found: /wp-admin/setup-config.php
Not Found: /wordpress/wp-admin/setup-config.php
Not Found: /wordpress/wp-admin/setup-config.php
Not Found: /xmlrpc.php
Not Found: /wordpress/wp-admin/setup-config.php
Not Found: /wp-admin/setup-config.php
Not Found: /wp-admin/setup-config.php
Not Found: /wordpress/wp-admin/setup-config.php
Not Found: /wordpress/wp-admin/setup-config.php
Not Found: /wp-admin/setup-config.php
Not Found: /wp-admin/setup-config.php
Not Found: /wordpress/wp-admin/setup-config.php
Not Found: /wp-login.php
Not Found: /wp-admin/setup-config.php
Not Found: /wordpress/wp-admin/setup-config.php
Not Found: /wp-admin/setup-config.php
Not Found: /wordpress/wp-admin/setup-config.php
Not Found: /wordpress/wp-admin/setup-config.php
Not Found: /wp-admin/setup-config.php
Not Found: /wordpress/wp-admin/setup-config.php
Not Found: /wp-admin/setup-config.php
Not Found: /wordpress/wp-admin/setup-config.php
Not Found: /favicon.ico
Not Found: /wordpress/wp-admin/setup-config.php
Not Found: /wp-admin/setup-config.php
Not Found: /wp-admin/setup-config.php
Not Found: /wordpress/wp-admin/setup-config.php
Not Found: /wp-admin/setup-config.php
Not Found: /wordpress/wp-admin/setup-config.php
Not Found: /wp-admin/setup-config.php
Not Found: /wordpress/wp-admin/setup-config.php
Not Found: /wordpress/wp-admin/setup-config.php
Not Found: /wp-admin/setup-config.php
Not Found: /wordpress/wp-admin/setup-config.php
Not Found: /wordpress/wp-admin/setup-config.php
Not Found: /wp-admin/setup-config.php
Not Found: /wp-admin/setup-config.php
Not Found: /favicon.ico
Not Found: /wp-admin/setup-config.php
Not Found: /wordpress/wp-admin/setup-config.php
Not Found: /wp-admin/setup-config.php
Not Found: /wordpress/wp-admin/setup-config.php
Not Found: /wp-admin/setup-config.php
Not Found: /wp-admin/setup-config.php
Not Found: /wordpress/wp-admin/setup-config.php
Not Found: /wordpress/wp-admin/setup-config.php
Not Found: /wp-admin/setup-config.php
Not Found: /wordpress/wp-admin/setup-config.php
Not Found: /wp-admin/setup-config.php
Not Found: /wordpress/wp-admin/setup-config.php
Not Found: /wordpress/wp-admin/setup-config.php
Not Found: /wordpress/wp-admin/setup-config.php
Not Found: /wp-admin/setup-config.php
Not Found: /wp-admin/setup-config.php
Not Found: /wp-admin/setup-config.php
Not Found: /wordpress/wp-admin/setup-config.php
Not Found: /wordpress/wp-admin/setup-config.php
Not Found: /wp-admin/setup-config.php
Not Found: /wordpress/wp-admin/setup-config.php
Not Found: /wordpress/wp-admin/setup-config.php
Not Found: /wp-admin/setup-config.php
Not Found: /wp-admin/setup-config.php
Not Found: /wp-admin/setup-config.php
Not Found: /wp-admin/setup-config.php
Not Found: /wordpress/wp-admin/setup-config.php
Not Found: /wordpress/wp-admin/setup-config.php
Not Found: /wordpress/wp-admin/setup-config.php
Not Found: /wordpress/wp-admin/setup-config.php
Not Found: /wp-admin/setup-config.php
Not Found: /wp-admin/setup-config.php
Not Found: /wordpress/wp-admin/setup-config.php
Not Found: /wp-admin/setup-config.php
Not Found: /wordpress/wp-admin/setup-config.php
Not Found: /wp-admin/setup-config.php
Not Found: /wordpress/wp-admin/setup-config.php
Not Found: /wp-admin/setup-config.php
Not Found: /wordpress/wp-admin/setup-config.php
Not Found: /wp-admin/setup-config.php
Not Found: /wordpress/wp-admin/setup-config.php
Not Found: /wordpress/wp-admin/setup-config.php
Not Found: /wp-admin/setup-config.php
Not Found: /wp-admin/setup-config.php
Not Found: /wp-admin/setup-config.php
Not Found: /wp-admin/setup-config.php
Not Found: /wordpress/wp-admin/setup-config.php
Not Found: /wordpress/wp-admin/setup-config.php
Not Found: /wordpress/wp-admin/setup-config.php
Not Found: /wordpress/wp-admin/setup-config.php
Not Found: /wp-admin/setup-config.php
Not Found: /wp-admin/setup-config.php
Not Found: /wordpress/wp-admin/setup-config.php
Not Found: /wp-admin/setup-config.php
Not Found: /wp-admin/setup-config.php
Not Found: /wordpress/wp-admin/setup-config.php
Not Found: /wp-admin/setup-config.php
Not Found: /wordpress/wp-admin/setup-config.php
Not Found: /wp-admin/setup-config.php
Not Found: /wordpress/wp-admin/setup-config.php
Not Found: /wp-login.php
Not Found: /wordpress/wp-admin/setup-config.php
Not Found: /wp-admin/setup-config.php
Not Found: /wordpress/wp-admin/setup-config.php
Not Found: /wp-admin/setup-config.php
Not Found: /wp-admin/setup-config.php
Not Found: /wordpress/wp-admin/setup-config.php
Not Found: /wp-admin/setup-config.php
Not Found: /wordpress/wp-admin/setup-config.php
Not Found: /wordpress/wp-admin/setup-config.php
Not Found: /wp-admin/setup-config.php
Not Found: /wp-admin/setup-config.php
Not Found: /wordpress/wp-admin/setup-config.php
Not Found: /robots.txt
Not Found: /wp-admin/setup-config.php
Not Found: /wordpress/wp-admin/setup-config.php
Not Found: /wordpress/wp-admin/setup-config.php
Not Found: /wp-admin/setup-config.php
Not Found: /wp-admin/setup-config.php
Not Found: /wordpress/wp-admin/setup-config.php
Not Found: /wp-admin/setup-config.php
Not Found: /wordpress/wp-admin/setup-config.php
Not Found: /wordpress/wp-admin/setup-config.php
Not Found: /wordpress/wp-admin/setup-config.php
Not Found: /wp-admin/setup-config.php
Not Found: /wp-admin/setup-config.php
Not Found: /wordpress/wp-admin/setup-config.php
Not Found: /wp-admin/setup-config.php
Not Found: /wordpress/wp-admin/setup-config.php
Not Found: /wp-admin/setup-config.php
Not Found: /wp-admin/setup-config.php
Not Found: /wordpress/wp-admin/setup-config.php
Not Found: /wp-admin/setup-config.php
Not Found: /wp-admin/setup-config.php
Not Found: /wordpress/wp-admin/setup-config.php
Not Found: /robots.txt
Not Found: /wordpress/wp-admin/setup-config.php
Not Found: /wp-admin/setup-config.php
Not Found: /wordpress/wp-admin/setup-config.php
Not Found: /wp-admin/setup-config.php
Not Found: /robots.txt
Not Found: /wp-admin/setup-config.php
Not Found: /wp-admin/setup-config.php
Not Found: /wordpress/wp-admin/setup-config.php
Not Found: /wordpress/wp-admin/setup-config.php
Not Found: /wp-admin/setup-config.php
Not Found: /wordpress/wp-admin/setup-config.php
Not Found: /wordpress/wp-admin/setup-config.php
Not Found: /wp-admin/setup-config.php
Not Found: /wordpress/wp-admin/setup-config.php
Not Found: /wp-admin/setup-config.php
Not Found: /wordpress/wp-admin/setup-config.php
Not Found: /wp-admin/setup-config.php
Not Found: /wordpress/wp-admin/setup-config.php
Not Found: /wp-admin/setup-config.php
Not Found: /wordpress/wp-admin/setup-config.php
Not Found: /wp-admin/setup-config.php
Not Found: /wp-admin/setup-config.php
Not Found: /wordpress/wp-admin/setup-config.php
Not Found: /wordpress/wp-admin/setup-config.php
Not Found: /wp-admin/setup-config.php
Not Found: /wordpress/wp-admin/setup-config.php
Not Found: /wordpress/wp-admin/setup-config.php
Not Found: /wp-admin/setup-config.php
Not Found: /wp-admin/setup-config.php
Not Found: /wp-admin/setup-config.php
Not Found: /wordpress/wp-admin/setup-config.php
Not Found: /wordpress/wp-admin/setup-config.php
Not Found: /wp-admin/setup-config.php
Not Found: /wordpress/wp-admin/setup-config.php
Not Found: /wordpress/wp-admin/setup-config.php
Not Found: /wp-admin/setup-config.php
Not Found: /wordpress/wp-admin/setup-config.php
Not Found: /wp-admin/setup-config.php
Not Found: /wp-admin/setup-config.php
Not Found: /wordpress/wp-admin/setup-config.php
Not Found: /robots.txt
Not Found: /wordpress/wp-admin/setup-config.php
Not Found: /wp-admin/setup-config.php
Not Found: /wp-admin/setup-config.php
Not Found: /wordpress/wp-admin/setup-config.php
Not Found: /wordpress/wp-admin/setup-config.php
Not Found: /wp-admin/setup-config.php
Not Found: /wp-admin/setup-config.php
Not Found: /wordpress/wp-admin/setup-config.php
Not Found: /wordpress/wp-admin/setup-config.php
Not Found: /wp-admin/setup-config.php
Not Found: /wordpress/wp-admin/setup-config.php
Not Found: /wp-admin/setup-config.php
Not Found: /wp-admin/setup-config.php
Not Found: /wp-admin/setup-config.php
Not Found: /wordpress/wp-admin/setup-config.php
Not Found: /wordpress/wp-admin/setup-config.php
Not Found: /wp-admin/setup-config.php
Not Found: /wordpress/wp-admin/setup-config.php
Not Found: /wordpress/wp-admin/setup-config.php
Not Found: /wp-admin/setup-config.php
Not Found: /wp-admin/setup-config.php
Not Found: /wordpress/wp-admin/setup-config.php
Not Found: /wp-admin/setup-config.php
Not Found: /wordpress/wp-admin/setup-config.php
Not Found: /wp-admin/setup-config.php
Not Found: /wordpress/wp-admin/setup-config.php
Not Found: /wp-admin/setup-config.php
Not Found: /wordpress/wp-admin/setup-config.php
Not Found: /wordpress/wp-admin/setup-config.php
Not Found: /wp-admin/setup-config.php
Not Found: /wordpress/wp-admin/setup-config.php
Not Found: /wp-admin/setup-config.php
Not Found: /robots.txt
Not Found: /wp-admin/setup-config.php
Not Found: /wordpress/wp-admin/setup-config.php
Not Found: /wp-admin/setup-config.php
Not Found: /wordpress/wp-admin/setup-config.php
Not Found: /wp-admin/setup-config.php
Not Found: /wp-admin/setup-config.php
Not Found: /wordpress/wp-admin/setup-config.php
Not Found: /wordpress/wp-admin/setup-config.php
Not Found: /wp-includes/ID3/license.txt
Not Found: /feed/
Not Found: /xmlrpc.php
Not Found: /blog/wp-includes/wlwmanifest.xml
Not Found: /web/wp-includes/wlwmanifest.xml
Not Found: /wordpress/wp-includes/wlwmanifest.xml
Not Found: /wp/wp-includes/wlwmanifest.xml
Not Found: /2020/wp-includes/wlwmanifest.xml
Not Found: /2019/wp-includes/wlwmanifest.xml
Not Found: /2021/wp-includes/wlwmanifest.xml
Not Found: /shop/wp-includes/wlwmanifest.xml
Not Found: /wp1/wp-includes/wlwmanifest.xml
Not Found: /wp-admin/setup-config.php
Not Found: /wp-admin/setup-config.php
Not Found: /wordpress/wp-admin/setup-config.php
Not Found: /wordpress/wp-admin/setup-config.php
Not Found: /wp-admin/setup-config.php
Not Found: /wordpress/wp-admin/setup-config.php
Not Found: /wordpress/wp-admin/setup-config.php
Not Found: /wp-admin/setup-config.php
Not Found: /wordpress/wp-admin/setup-config.php
Not Found: /wordpress/wp-admin/setup-config.php
Not Found: /wp-admin/setup-config.php
Not Found: /wp-admin/setup-config.php
Not Found: /robots.txt
Not Found: /wp-admin/setup-config.php
Not Found: /wp-admin/setup-config.php
Not Found: /wordpress/wp-admin/setup-config.php
Not Found: /wordpress/wp-admin/setup-config.php
Not Found: /wordpress/wp-admin/setup-config.php
Not Found: /wp-admin/setup-config.php
Not Found: /wordpress/wp-admin/setup-config.php
Not Found: /wp-admin/setup-config.php
Not Found: /wp-admin/setup-config.php
Not Found: /wp-admin/setup-config.php
Not Found: /wordpress/wp-admin/setup-config.php
Not Found: /wordpress/wp-admin/setup-config.php
Not Found: /wp-admin/setup-config.php
Not Found: /wp-admin/setup-config.php
Not Found: /wordpress/wp-admin/setup-config.php
Not Found: /wordpress/wp-admin/setup-config.php
Not Found: /robots.txt
Not Found: /wordpress/wp-admin/setup-config.php
Not Found: /wp-admin/setup-config.php
Not Found: /wp-admin/setup-config.php
Not Found: /wordpress/wp-admin/setup-config.php
Not Found: /wordpress/wp-admin/setup-config.php
Not Found: /wordpress/wp-admin/setup-config.php
Not Found: /wp-admin/setup-config.php
Not Found: /wp-admin/setup-config.php
Not Found: /wordpress/wp-admin/setup-config.php
Not Found: /wordpress/wp-admin/setup-config.php
Not Found: /wp-admin/setup-config.php
Not Found: /wp-admin/setup-config.php
Not Found: /wp-admin/setup-config.php
Not Found: /wordpress/wp-admin/setup-config.php
Not Found: /wordpress/wp-admin/setup-config.php
Not Found: /wp-admin/setup-config.php
Not Found: /wordpress/wp-admin/setup-config.php
Not Found: /wp-admin/setup-config.php
Not Found: /wp-admin/setup-config.php
Not Found: /wordpress/wp-admin/setup-config.php
Not Found: /wp-admin/setup-config.php
Not Found: /wordpress/wp-admin/setup-config.php
Not Found: /wordpress/wp-admin/setup-config.php
Not Found: /wp-admin/setup-config.php
Not Found: /wordpress/wp-admin/setup-config.php
Not Found: /wp-admin/setup-config.php
Not Found: /wordpress/wp-admin/setup-config.php
Not Found: /wp-admin/setup-config.php
Not Found: /wp-admin/setup-config.php
Not Found: /wordpress/wp-admin/setup-config.php
Not Found: /wp-admin/setup-config.php
Not Found: /wordpress/wp-admin/setup-config.php
Not Found: /wordpress/wp-admin/setup-config.php
Not Found: /wp-admin/setup-config.php
Not Found: /wordpress/wp-admin/setup-config.php
Not Found: /wp-admin/setup-config.php
Not Found: /wp-admin/setup-config.php
Not Found: /wp-admin/setup-config.php
Not Found: /wp-admin/setup-config.php
Not Found: /wordpress/wp-admin/setup-config.php
Not Found: /wordpress/wp-admin/setup-config.php
Not Found: /wp-admin/setup-config.php
Not Found: /.well-known/traffic-advice
Not Found: /wp-admin/setup-config.php
Not Found: /wordpress/wp-admin/setup-config.php
Not Found: /wordpress/wp-admin/setup-config.php
Not Found: /wp-admin/setup-config.php
Not Found: /wp-admin/setup-config.php
Not Found: /wordpress/wp-admin/setup-config.php
Not Found: /wp-admin/setup-config.php
Not Found: /wordpress/wp-admin/setup-config.php
Not Found: /robots.txt
Not Found: /wp-admin/setup-config.php
Not Found: /wordpress/wp-admin/setup-config.php
Not Found: /wordpress/wp-admin/setup-config.php
Not Found: /wp-admin/setup-config.php
Not Found: /wp-admin/setup-config.php
Not Found: /wordpress/wp-admin/setup-config.php
Not Found: /wp-admin/setup-config.php
Not Found: /wordpress/wp-admin/setup-config.php
Not Found: /favicon.ico
Not Found: /favicon.ico
Not Found: /favicon.ico
Not Found: /favicon.ico
Not Found: /favicon.ico
Not Found: /favicon.ico
Not Found: /wp-admin/setup-config.php
Not Found: /favicon.ico
Not Found: /favicon.ico
Not Found: /wp-admin/setup-config.php
Not Found: /wordpress/wp-admin/setup-config.php
Not Found: /wordpress/wp-admin/setup-config.php
Not Found: /favicon.ico
Not Found: /favicon.ico
Not Found: /favicon.ico
Not Found: /favicon.ico
Not Found: /favicon.ico
Not Found: /favicon.ico
Not Found: /robots.txt
Not Found: /wordpress/wp-admin/setup-config.php
Not Found: /wp-admin/setup-config.php
Not Found: /wordpress/wp-admin/setup-config.php
Not Found: /wp-admin/setup-config.php
Not Found: /wordpress/wp-admin/setup-config.php
Not Found: /wp-admin/setup-config.php
Not Found: /wp-admin/setup-config.php
Not Found: /wordpress/wp-admin/setup-config.php
Not Found: /wp-admin/setup-config.php
Not Found: /wordpress/wp-admin/setup-config.php
Not Found: /wp-admin/setup-config.php
Not Found: /wordpress/wp-admin/setup-config.php
Not Found: /wordpress/wp-admin/setup-config.php
Not Found: /wordpress/wp-admin/setup-config.php
Not Found: /wp-admin/setup-config.php
Not Found: /wp-admin/setup-config.php
Not Found: /wordpress/wp-admin/setup-config.php
Not Found: /wp-login.php
Not Found: /wordpress/wp-admin/setup-config.php
Not Found: /wp-admin/setup-config.php
Not Found: /wp-admin/setup-config.php
Not Found: /wordpress/wp-admin/setup-config.php
Not Found: /wordpress/wp-admin/setup-config.php
Not Found: /wp-admin/setup-config.php
Not Found: /wp-admin/setup-config.php
Not Found: /wp-includes/wlwmanifest.xml
Not Found: /xmlrpc.php
Not Found: /wp-json/wp/v2/users/
Not Found: /wp-json/oembed/1.0/embed
Not Found: /xmlrpc.php
Not Found: /wordpress/wp-admin/setup-config.php
Not Found: /wordpress/wp-admin/setup-config.php
Not Found: /wp-admin/setup-config.php
Not Found: /wp-admin/setup-config.php
Not Found: /wp-admin/setup-config.php
Not Found: /wordpress/wp-admin/setup-config.php
Not Found: /wordpress/wp-admin/setup-config.php
Not Found: /wp-admin/setup-config.php
Not Found: /wordpress/wp-admin/setup-config.php
Not Found: /wp-admin/setup-config.php
Not Found: /wordpress/wp-admin/setup-config.php
Not Found: /wp-admin/setup-config.php
Not Found: /wordpress/wp-admin/setup-config.php
Not Found: /wp-admin/setup-config.php
Not Found: /wp-admin/setup-config.php
Not Found: /wordpress/wp-admin/setup-config.php
Not Found: /wordpress/wp-admin/setup-config.php
Not Found: /wp-admin/setup-config.php
Not Found: /wordpress/wp-admin/setup-config.php
Not Found: /wp-admin/setup-config.php
Not Found: /wp-admin/setup-config.php
Not Found: /wordpress/wp-admin/setup-config.php
Not Found: /wp-admin/setup-config.php
Not Found: /wordpress/wp-admin/setup-config.php
Not Found: /wordpress/wp-admin/setup-config.php
Not Found: /wp-admin/setup-config.php
Not Found: /wordpress/wp-admin/setup-config.php
Not Found: /wp-admin/setup-config.php
Not Found: /wp-admin/setup-config.php
Not Found: /wordpress/wp-admin/setup-config.php
Not Found: /wp-admin/setup-config.php
Not Found: /wordpress/wp-admin/setup-config.php
Not Found: /wordpress/wp-admin/setup-config.php
Not Found: /wp-admin/setup-config.php
Not Found: /wordpress/wp-admin/setup-config.php
Not Found: /wordpress/wp-admin/setup-config.php
Not Found: /wordpress/wp-admin/setup-config.php
Not Found: /wp-admin/setup-config.php
Not Found: /wp-admin/setup-config.php
Not Found: /wordpress/wp-admin/setup-config.php
Not Found: /wp-admin/setup-config.php
Not Found: /wp-admin/setup-config.php
Not Found: /wordpress/wp-admin/setup-config.php
Not Found: /wp-admin/setup-config.php
Not Found: /wp-admin/setup-config.php
Not Found: /wordpress/wp-admin/setup-config.php
Not Found: /wordpress/wp-admin/setup-config.php
Not Found: /robots.txt
Not Found: /wordpress/wp-admin/setup-config.php
Not Found: /wordpress/wp-admin/setup-config.php
Not Found: /wp-admin/setup-config.php
Not Found: /wp-admin/setup-config.php
Not Found: /wp-admin/setup-config.php
Not Found: /wordpress/wp-admin/setup-config.php
Not Found: /wp-admin/setup-config.php
Not Found: /wordpress/wp-admin/setup-config.php
Not Found: /wordpress/wp-admin/setup-config.php
Not Found: /wordpress/wp-admin/setup-config.php
Not Found: /wp-admin/setup-config.php
Not Found: /wp-admin/setup-config.php
Not Found: /wordpress/wp-admin/setup-config.php
Not Found: /wp-admin/setup-config.php
Not Found: /wp-admin/setup-config.php
Not Found: /wordpress/wp-admin/setup-config.php
Not Found: /wordpress/wp-admin/setup-config.php
Not Found: /wp-admin/setup-config.php
Not Found: /wp-admin/setup-config.php
Not Found: /wordpress/wp-admin/setup-config.php
Not Found: /wp-admin/setup-config.php
Not Found: /wordpress/wp-admin/setup-config.php
Not Found: /wordpress/wp-admin/setup-config.php
Not Found: /wp-admin/setup-config.php
Not Found: /wordpress/wp-admin/setup-config.php
Not Found: /wordpress/wp-admin/setup-config.php
Not Found: /wp-admin/setup-config.php
Not Found: /wp-admin/setup-config.php
Not Found: /wp-admin/setup-config.php
Not Found: /wordpress/wp-admin/setup-config.php
Not Found: /wordpress/wp-admin/setup-config.php
Not Found: /wp-admin/setup-config.php
Not Found: /wp-admin/setup-config.php
Not Found: /wp-admin/setup-config.php
Not Found: /wordpress/wp-admin/setup-config.php
Not Found: /wordpress/wp-admin/setup-config.php
Not Found: /wp-admin/setup-config.php
Not Found: /wordpress/wp-admin/setup-config.php
Not Found: /wordpress/wp-admin/setup-config.php
Not Found: /wp-admin/setup-config.php
Not Found: /z0f76a1d14fd21a8fb5fd0d03e0fdc3d3cedae52f
Not Found: /wp-admin/setup-config.php
Not Found: /wordpress/wp-admin/setup-config.php
Not Found: /wordpress/wp-admin/setup-config.php
Not Found: /wp-admin/setup-config.php
Not Found: /wordpress/wp-admin/setup-config.php
Not Found: /wp-admin/setup-config.php
Not Found: /wp-admin/setup-config.php
Not Found: /wordpress/wp-admin/setup-config.php
Not Found: /wordpress/wp-admin/setup-config.php
Not Found: /wp-admin/setup-config.php
Not Found: /wp-admin/setup-config.php
Not Found: /wordpress/wp-admin/setup-config.php
Not Found: /wordpress/wp-admin/setup-config.php
Not Found: /wordpress/wp-admin/setup-config.php
Not Found: /wp-admin/setup-config.php
Not Found: /wp-admin/setup-config.php
Not Found: /wp-includes/wlwmanifest.xml
Not Found: /xmlrpc.php
Not Found: /wp-json/wp/v2/users/
Not Found: /wp-json/oembed/1.0/embed
Not Found: /xmlrpc.php
Not Found: /wp-admin/setup-config.php
Not Found: /wp-admin/setup-config.php
Not Found: /wordpress/wp-admin/setup-config.php
Not Found: /wordpress/wp-admin/setup-config.php
Not Found: /wordpress/wp-admin/setup-config.php
Not Found: /wp-admin/setup-config.php
Not Found: /wordpress/wp-admin/setup-config.php
Not Found: /wp-admin/setup-config.php
Not Found: /wp-admin/setup-config.php
Not Found: /wordpress/wp-admin/setup-config.php
Not Found: /wordpress/wp-admin/setup-config.php
Not Found: /wp-admin/setup-config.php
Not Found: /wp-admin/setup-config.php
Not Found: /wordpress/wp-admin/setup-config.php
Not Found: /wordpress/wp-admin/setup-config.php
Not Found: /wp-admin/setup-config.php
Not Found: /wp-admin/setup-config.php
Not Found: /wp-admin/setup-config.php
Not Found: /wordpress/wp-admin/setup-config.php
Not Found: /wordpress/wp-admin/setup-config.php
Not Found: /wordpress/wp-admin/setup-config.php
Not Found: /wp-admin/setup-config.php
Not Found: /wordpress/wp-admin/setup-config.php
Not Found: /wp-admin/setup-config.php
Not Found: /wp-admin/setup-config.php
Not Found: /wp-admin/setup-config.php
Not Found: /wordpress/wp-admin/setup-config.php
Not Found: /wordpress/wp-admin/setup-config.php
Not Found: /wordpress/wp-admin/setup-config.php
Not Found: /wp-admin/setup-config.php
Not Found: /wp-admin/setup-config.php
Not Found: /wp-admin/setup-config.php
Not Found: /wordpress/wp-admin/setup-config.php
Not Found: /wp-admin/setup-config.php
Not Found: /wordpress/wp-admin/setup-config.php
Not Found: /wordpress/wp-admin/setup-config.php
Not Found: /wp-admin/setup-config.php
Not Found: /wp-admin/setup-config.php
Not Found: /wordpress/wp-admin/setup-config.php
Not Found: /robots.txt
Not Found: /wordpress/wp-admin/setup-config.php
Not Found: /wp-admin/setup-config.php
Not Found: /wordpress/wp-admin/setup-config.php
Not Found: /wp-admin/setup-config.php
Not Found: /wordpress/wp-admin/setup-config.php
Not Found: /wordpress/wp-admin/setup-config.php
Not Found: /wp-admin/setup-config.php
Not Found: /wp-admin/setup-config.php
Not Found: /wordpress/wp-admin/setup-config.php
Not Found: /wp-admin/setup-config.php
Not Found: /wp-admin/setup-config.php
Not Found: /wordpress/wp-admin/setup-config.php
Not Found: /wordpress/wp-admin/setup-config.php
Not Found: /wordpress/wp-admin/setup-config.php
Not Found: /wp-admin/setup-config.php
Not Found: /wp-admin/setup-config.php
Not Found: /wordpress/wp-admin/setup-config.php
Not Found: /wp-admin/setup-config.php
Not Found: /wordpress/wp-admin/setup-config.php
Not Found: /wp-admin/setup-config.php
Not Found: /wp-admin/setup-config.php
Not Found: /wordpress/wp-admin/setup-config.php
Not Found: /wp-admin/setup-config.php
Not Found: /wordpress/wp-admin/setup-config.php
Not Found: /wordpress/wp-admin/setup-config.php
Not Found: /wp-admin/setup-config.php
Not Found: /wp-admin/setup-config.php
Not Found: /wordpress/wp-admin/setup-config.php
Not Found: /wp-admin/setup-config.php
Not Found: /wordpress/wp-admin/setup-config.php
Not Found: /wordpress/wp-admin/setup-config.php
Not Found: /wp-admin/setup-config.php
Not Found: /wp-admin/setup-config.php
Not Found: /wp-admin/setup-config.php
Not Found: /wordpress/wp-admin/setup-config.php
Not Found: /wordpress/wp-admin/setup-config.php
Not Found: /wordpress/wp-admin/setup-config.php
Not Found: /wp-admin/setup-config.php
Not Found: /wordpress/wp-admin/setup-config.php
Not Found: /wp-admin/setup-config.php
Not Found: /wordpress/wp-admin/setup-config.php
Not Found: /wp-admin/setup-config.php
Not Found: /wp-admin/setup-config.php
Not Found: /wordpress/wp-admin/setup-config.php
Not Found: /wp-admin/setup-config.php
Not Found: /wordpress/wp-admin/setup-config.php
Not Found: /wp-admin/setup-config.php
Not Found: /wordpress/wp-admin/setup-config.php
Not Found: /wp-admin/setup-config.php
Not Found: /wordpress/wp-admin/setup-config.php
Not Found: /wordpress/wp-admin/setup-config.php
Not Found: /wp-admin/setup-config.php
Not Found: /wp-admin/setup-config.php
Not Found: /wordpress/wp-admin/setup-config.php
Not Found: /wp-admin/setup-config.php
Not Found: /wordpress/wp-admin/setup-config.php
Not Found: /wordpress/wp-admin/setup-config.php
Not Found: /wp-admin/setup-config.php
Not Found: /wordpress/wp-admin/setup-config.php
Not Found: /wp-admin/setup-config.php
Not Found: /wordpress/wp-admin/setup-config.php
Not Found: /wp-admin/setup-config.php
Not Found: /wordpress/wp-admin/setup-config.php
Not Found: /wp-admin/setup-config.php
Not Found: /wordpress/wp-admin/setup-config.php
Not Found: /wp-admin/setup-config.php
Not Found: /wordpress/wp-admin/setup-config.php
Not Found: /wp-admin/setup-config.php
Not Found: /wp-admin/setup-config.php
Not Found: /wp-admin/setup-config.php
Not Found: /wordpress/wp-admin/setup-config.php
Not Found: /wordpress/wp-admin/setup-config.php
Not Found: /wordpress/wp-admin/setup-config.php
Not Found: /wordpress/wp-admin/setup-config.php
Not Found: /wp-admin/setup-config.php
Not Found: /wp-admin/setup-config.php
Not Found: /wordpress/wp-admin/setup-config.php
Not Found: /wp-admin/setup-config.php
Not Found: /wp-admin/setup-config.php
Not Found: /wordpress/wp-admin/setup-config.php
Not Found: /robots.txt
Not Found: /wp-admin/setup-config.php
Not Found: /wordpress/wp-admin/setup-config.php
Not Found: /wordpress/wp-admin/setup-config.php
Not Found: /wp-admin/setup-config.php
Not Found: /wordpress/wp-admin/setup-config.php
Not Found: /wp-admin/setup-config.php
Not Found: /wordpress/wp-admin/setup-config.php
Not Found: /wp-admin/setup-config.php
Not Found: /wp-admin/setup-config.php
Not Found: /wordpress/wp-admin/setup-config.php
Not Found: /wordpress/wp-admin/setup-config.php
Not Found: /wp-admin/setup-config.php
Not Found: /wordpress/wp-admin/setup-config.php
Not Found: /wp-admin/setup-config.php
Not Found: /wp-admin/setup-config.php
Not Found: /wordpress/wp-admin/setup-config.php
Not Found: /wordpress/wp-admin/setup-config.php
Not Found: /wp-admin/setup-config.php
Not Found: /wp-admin/setup-config.php
Not Found: /wordpress/wp-admin/setup-config.php
Not Found: /robots.txt
Not Found: /wp-admin/setup-config.php
Not Found: /wordpress/wp-admin/setup-config.php
Not Found: /wordpress/wp-admin/setup-config.php
Not Found: /wordpress/wp-admin/setup-config.php
Not Found: /wp-admin/setup-config.php
Not Found: /wp-admin/setup-config.php
Not Found: /wordpress/wp-admin/setup-config.php
Not Found: /wordpress/wp-admin/setup-config.php
Not Found: /wp-admin/setup-config.php
Not Found: /wp-login.php
Not Found: /wordpress/wp-admin/setup-config.php
Not Found: /wp-admin/setup-config.php
Not Found: /wordpress/wp-admin/setup-config.php
Not Found: /wp-admin/setup-config.php
Not Found: /wp-admin/setup-config.php
Not Found: /wordpress/wp-admin/setup-config.php
Not Found: /wp-admin/setup-config.php
Not Found: /wordpress/wp-admin/setup-config.php
Not Found: /wordpress/wp-admin/setup-config.php
Not Found: /wordpress/wp-admin/setup-config.php
Not Found: /wp-admin/setup-config.php
Not Found: /wp-admin/setup-config.php
Not Found: /wp-admin/setup-config.php
Not Found: /wordpress/wp-admin/setup-config.php
Not Found: /wordpress/wp-admin/setup-config.php
Not Found: /wp-admin/setup-config.php
Not Found: /wordpress/wp-admin/setup-config.php
Not Found: /wp-admin/setup-config.php
Not Found: /wp-admin/setup-config.php
Not Found: /wordpress/wp-admin/setup-config.php
Not Found: /wp-admin/setup-config.php
Not Found: /wordpress/wp-admin/setup-config.php
Not Found: /wordpress/wp-admin/setup-config.php
Not Found: /wp-admin/setup-config.php
Not Found: /wp-admin/setup-config.php
Not Found: /wp-admin/setup-config.php
Not Found: /wordpress/wp-admin/setup-config.php
Not Found: /wordpress/wp-admin/setup-config.php
Not Found: /wordpress/wp-admin/setup-config.php
Not Found: /wp-admin/setup-config.php
Not Found: /wp-admin/setup-config.php
Not Found: /wordpress/wp-admin/setup-config.php
Not Found: /wp-admin/setup-config.php
Not Found: /wp-admin/setup-config.php
Not Found: /wordpress/wp-admin/setup-config.php
Not Found: /wordpress/wp-admin/setup-config.php
Not Found: /wp-admin/setup-config.php
Not Found: /wordpress/wp-admin/setup-config.php
Not Found: /wp-admin/setup-config.php
Not Found: /wordpress/wp-admin/setup-config.php
Not Found: /wp-admin/setup-config.php
Not Found: /wordpress/wp-admin/setup-config.php
Not Found: /wp-admin/setup-config.php
Not Found: /wordpress/wp-admin/setup-config.php
Not Found: /wordpress/wp-admin/setup-config.php
Not Found: /wp-admin/setup-config.php
Not Found: /wp-admin/setup-config.php
Not Found: /wordpress/wp-admin/setup-config.php
Not Found: /wp-admin/setup-config.php
Not Found: /wp-admin/setup-config.php
Not Found: /wordpress/wp-admin/setup-config.php
Not Found: /wordpress/wp-admin/setup-config.php
Not Found: /wp-admin/setup-config.php
Not Found: /wordpress/wp-admin/setup-config.php
Not Found: /wordpress/wp-admin/setup-config.php
Not Found: /wp-admin/setup-config.php
Not Found: /favicon.ico
Not Found: /favicon.ico
Not Found: /wordpress/wp-admin/setup-config.php
Not Found: /wp-admin/setup-config.php
Not Found: /wordpress/wp-admin/setup-config.php
Not Found: /wp-admin/setup-config.php
Not Found: /wp-admin/setup-config.php
Not Found: /wp-admin/setup-config.php
Not Found: /wordpress/wp-admin/setup-config.php
Not Found: /wordpress/wp-admin/setup-config.php
Not Found: /wordpress/wp-admin/setup-config.php
Not Found: /wp-admin/setup-config.php
Not Found: /wp-admin/setup-config.php
Not Found: /wordpress/wp-admin/setup-config.php
Not Found: /wp-admin/setup-config.php
Not Found: /wordpress/wp-admin/setup-config.php
Not Found: /wp-admin/setup-config.php
Not Found: /wordpress/wp-admin/setup-config.php
Not Found: /wp-admin/setup-config.php
Not Found: /wordpress/wp-admin/setup-config.php
Not Found: /wordpress/wp-admin/setup-config.php
Not Found: /wp-admin/setup-config.php
Not Found: /wp-admin/setup-config.php
Not Found: /wordpress/wp-admin/setup-config.php
Not Found: /wp-admin/setup-config.php
Not Found: /wordpress/wp-admin/setup-config.php
Not Found: /wp-admin/setup-config.php
Not Found: /wordpress/wp-admin/setup-config.php
Not Found: /wp-admin/setup-config.php
Not Found: /wordpress/wp-admin/setup-config.php
Not Found: /wp-admin/setup-config.php
Not Found: /wordpress/wp-admin/setup-config.php
Not Found: /wp-admin/setup-config.php
Not Found: /wordpress/wp-admin/setup-config.php
Not Found: /wordpress/wp-admin/setup-config.php
Not Found: /wp-admin/setup-config.php
Not Found: /wordpress/wp-admin/setup-config.php
Not Found: /wp-admin/setup-config.php
Not Found: /wordpress/wp-admin/setup-config.php
Not Found: /wp-admin/setup-config.php
Not Found: /wp-admin/setup-config.php
Not Found: /wordpress/wp-admin/setup-config.php
Not Found: /wordpress/wp-admin/setup-config.php
Not Found: /wp-admin/setup-config.php
Not Found: /wordpress/wp-admin/setup-config.php
Not Found: /wordpress/wp-admin/setup-config.php
Not Found: /wp-admin/setup-config.php
Not Found: /wp-admin/setup-config.php
Not Found: /wp-admin/setup-config.php
Not Found: /wp-admin/setup-config.php
Not Found: /wordpress/wp-admin/setup-config.php
Not Found: /wordpress/wp-admin/setup-config.php
Not Found: /wp-admin/setup-config.php
Not Found: /wp-admin/setup-config.php
Not Found: /wordpress/wp-admin/setup-config.php
Not Found: /wordpress/wp-admin/setup-config.php
Not Found: /wordpress/wp-admin/setup-config.php
Not Found: /wordpress/wp-admin/setup-config.php
Not Found: /wp-admin/setup-config.php
Not Found: /wp-admin/setup-config.php
Not Found: /wordpress/wp-admin/setup-config.php
Not Found: /wordpress/wp-admin/setup-config.php
Not Found: /wp-admin/setup-config.php
Not Found: /wp-admin/setup-config.php
Not Found: /wordpress/wp-admin/setup-config.php
Not Found: /wp-admin/setup-config.php
Not Found: /wp-admin/setup-config.php
Not Found: /wordpress/wp-admin/setup-config.php
Not Found: /wordpress/wp-admin/setup-config.php
Not Found: /wp-admin/setup-config.php
Not Found: /wordpress/wp-admin/setup-config.php
Not Found: /wp-admin/setup-config.php
Not Found: /wp-admin/setup-config.php
Not Found: /wp-admin/setup-config.php
Not Found: /wordpress/wp-admin/setup-config.php
Not Found: /wordpress/wp-admin/setup-config.php
Not Found: /wp-admin/setup-config.php
Not Found: /wordpress/wp-admin/setup-config.php
Not Found: /wordpress/wp-admin/setup-config.php
Not Found: /wp-admin/setup-config.php
Not Found: /wordpress/wp-admin/setup-config.php
Not Found: /wp-admin/setup-config.php
Not Found: /wp-admin/setup-config.php
Not Found: /wordpress/wp-admin/setup-config.php
Not Found: /wordpress/wp-admin/setup-config.php
Not Found: /robots.txt
Not Found: /wp-admin/setup-config.php
Not Found: /wordpress/wp-admin/setup-config.php
Not Found: /wordpress/wp-admin/setup-config.php
Not Found: /wp-admin/setup-config.php
Not Found: /wordpress/wp-admin/setup-config.php
Not Found: /wp-admin/setup-config.php
Not Found: /wordpress/wp-admin/setup-config.php
Not Found: /wp-admin/setup-config.php
Not Found: /wordpress/wp-admin/setup-config.php
Not Found: /wordpress/wp-admin/setup-config.php
Not Found: /wp-admin/setup-config.php
Not Found: /wp-admin/setup-config.php
Not Found: /wp-admin/setup-config.php
Not Found: /wordpress/wp-admin/setup-config.php
Not Found: /wordpress/wp-admin/setup-config.php
Not Found: /wp-admin/setup-config.php
Not Found: /wp-admin/setup-config.php
Not Found: /wordpress/wp-admin/setup-config.php
Not Found: /wordpress/wp-admin/setup-config.php
Not Found: /robots.txt
Not Found: /wp-admin/setup-config.php
Not Found: /wp-admin/setup-config.php
Not Found: /wordpress/wp-admin/setup-config.php
Not Found: /wp-admin/setup-config.php
Not Found: /wordpress/wp-admin/setup-config.php
Not Found: /wordpress/wp-admin/setup-config.php
Not Found: /wordpress/wp-admin/setup-config.php
Not Found: /wp-admin/setup-config.php
Not Found: /wp-admin/setup-config.php
Not Found: /wordpress/wp-admin/setup-config.php
Not Found: /wordpress/wp-admin/setup-config.php
Not Found: /wp-admin/setup-config.php
Not Found: /wp-admin/setup-config.php
Not Found: /wordpress/wp-admin/setup-config.php
Not Found: /wordpress/wp-admin/setup-config.php
Not Found: /wp-admin/setup-config.php
Not Found: /wp-admin/setup-config.php
Not Found: /wp-admin/setup-config.php
Not Found: /wordpress/wp-admin/setup-config.php
Not Found: /wp-admin/setup-config.php
Not Found: /wordpress/wp-admin/setup-config.php
Not Found: /wordpress/wp-admin/setup-config.php
Not Found: /wp-admin/setup-config.php
Not Found: /wp-admin/setup-config.php
Not Found: /wordpress/wp-admin/setup-config.php
Not Found: /wordpress/wp-admin/setup-config.php
Not Found: /wp-admin/setup-config.php
Not Found: /wp-admin/setup-config.php
Not Found: /wordpress/wp-admin/setup-config.php
Not Found: /wordpress/wp-admin/setup-config.php
Not Found: /wp-admin/setup-config.php
Not Found: /wp-admin/setup-config.php
Not Found: /wordpress/wp-admin/setup-config.php
Not Found: /wp-admin/setup-config.php
Not Found: /wp-admin/setup-config.php
Not Found: /wp-admin/setup-config.php
Not Found: /wordpress/wp-admin/setup-config.php
Not Found: /wordpress/wp-admin/setup-config.php
Not Found: /wordpress/wp-admin/setup-config.php
Not Found: /wp-admin/setup-config.php
Not Found: /wp-admin/setup-config.php
Not Found: /wordpress/wp-admin/setup-config.php
Not Found: /wordpress/wp-admin/setup-config.php
Not Found: /wp-admin/setup-config.php
Not Found: /wp-admin/setup-config.php
Not Found: /wordpress/wp-admin/setup-config.php
Not Found: /wp-admin/setup-config.php
Not Found: /wp-admin/setup-config.php
Not Found: /wordpress/wp-admin/setup-config.php
Not Found: /wordpress/wp-admin/setup-config.php
Not Found: /wp-admin/setup-config.php
Not Found: /wp-admin/setup-config.php
Not Found: /wp-admin/setup-config.php
Not Found: /wordpress/wp-admin/setup-config.php
Not Found: /wordpress/wp-admin/setup-config.php
Not Found: /wp-admin/setup-config.php
Not Found: /wordpress/wp-admin/setup-config.php
Not Found: /wp-admin/setup-config.php
Not Found: /wordpress/wp-admin/setup-config.php
Not Found: /wordpress/wp-admin/setup-config.php
Not Found: /wp-admin/setup-config.php
Not Found: /wordpress/wp-admin/setup-config.php
Not Found: /wp-admin/setup-config.php
Not Found: /wp-admin/setup-config.php
Not Found: /wordpress/wp-admin/setup-config.php
Not Found: /wp-admin/setup-config.php
Not Found: /wordpress/wp-admin/setup-config.php
Not Found: /wp-admin/setup-config.php
Not Found: /wordpress/wp-admin/setup-config.php
Not Found: /wordpress/wp-admin/setup-config.php
Not Found: /wp-admin/setup-config.php
Not Found: /wordpress/wp-admin/setup-config.php
Not Found: /wp-admin/setup-config.php
Not Found: /wp-admin/setup-config.php
Not Found: /wordpress/wp-admin/setup-config.php
Not Found: /wp-admin/setup-config.php
Not Found: /wordpress/wp-admin/setup-config.php
Not Found: /wordpress/wp-admin/setup-config.php
Not Found: /wp-admin/setup-config.php
Not Found: /wp-admin/setup-config.php
Not Found: /wp-admin/setup-config.php
Not Found: /wordpress/wp-admin/setup-config.php
Not Found: /wordpress/wp-admin/setup-config.php
Not Found: /wp-admin/setup-config.php
Not Found: /wordpress/wp-admin/setup-config.php
Not Found: /wordpress/wp-admin/setup-config.php
Not Found: /wp-admin/setup-config.php
Not Found: /wp-admin/setup-config.php
Not Found: /wordpress/wp-admin/setup-config.php
Not Found: /wordpress/wp-admin/setup-config.php
Not Found: /wp-admin/setup-config.php
Not Found: /wp-admin/setup-config.php
Not Found: /wp-admin/setup-config.php
Not Found: /wordpress/wp-admin/setup-config.php
Not Found: /wordpress/wp-admin/setup-config.php
Not Found: /wp-admin/setup-config.php
Not Found: /wordpress/wp-admin/setup-config.php
Not Found: /wordpress/wp-admin/setup-config.php
Not Found: /wp-admin/setup-config.php
Not Found: /wp-admin/setup-config.php
Not Found: /wp-admin/setup-config.php
Not Found: /wordpress/wp-admin/setup-config.php
Not Found: /wordpress/wp-admin/setup-config.php
Not Found: /wp-admin/setup-config.php
Not Found: /wp-admin/setup-config.php
Not Found: /wordpress/wp-admin/setup-config.php
Not Found: /wordpress/wp-admin/setup-config.php
Not Found: /wp-admin/setup-config.php
Not Found: /wordpress/wp-admin/setup-config.php
Not Found: /wordpress/wp-admin/setup-config.php
Not Found: /wp-admin/setup-config.php
Not Found: /wordpress/wp-admin/setup-config.php
Not Found: /wp-admin/setup-config.php
Not Found: /wp-admin/setup-config.php
Not Found: /wordpress/wp-admin/setup-config.php
Not Found: /wordpress/wp-admin/setup-config.php
Not Found: /wordpress/wp-admin/setup-config.php
Not Found: /wp-admin/setup-config.php
Not Found: /wp-admin/setup-config.php
Not Found: /wordpress/wp-admin/setup-config.php
Not Found: /wp-admin/setup-config.php
Not Found: /wp-admin/setup-config.php
Not Found: /wordpress/wp-admin/setup-config.php
Not Found: /wordpress/wp-admin/setup-config.php
Not Found: /wp-admin/setup-config.php
Not Found: /wp-admin/setup-config.php
Not Found: /wordpress/wp-admin/setup-config.php
Not Found: /wp-admin/setup-config.php
Not Found: /wordpress/wp-admin/setup-config.php
Not Found: /wp-admin/setup-config.php
Not Found: /wordpress/wp-admin/setup-config.php
Not Found: /wp-admin/setup-config.php
Not Found: /wordpress/wp-admin/setup-config.php
Not Found: /wp-admin/setup-config.php
Not Found: /wordpress/wp-admin/setup-config.php
Not Found: /wp-admin/setup-config.php
Not Found: /wp-admin/setup-config.php
Not Found: /wordpress/wp-admin/setup-config.php
Not Found: /wordpress/wp-admin/setup-config.php
Not Found: /wordpress/wp-admin/setup-config.php
Not Found: /wp-admin/setup-config.php
Not Found: /wp-admin/setup-config.php
Not Found: /wordpress/wp-admin/setup-config.php
Not Found: /wp-admin/setup-config.php
Not Found: /wp-admin/setup-config.php
Not Found: /wordpress/wp-admin/setup-config.php
Not Found: /wordpress/wp-admin/setup-config.php
Not Found: /wp-admin/setup-config.php
Not Found: /wordpress/wp-admin/setup-config.php
Not Found: /wp-admin/setup-config.php
Not Found: /wordpress/wp-admin/setup-config.php
Not Found: /robots.txt
Not Found: /wordpress/wp-admin/setup-config.php
Not Found: /wordpress/wp-admin/setup-config.php
Not Found: /wp-admin/setup-config.php
Not Found: /wp-admin/setup-config.php
Not Found: /wp-admin/setup-config.php
Not Found: /wordpress/wp-admin/setup-config.php
Not Found: /wordpress/wp-admin/setup-config.php
Not Found: /wordpress/wp-admin/setup-config.php
Not Found: /wp-admin/setup-config.php
Not Found: /wp-admin/setup-config.php
Not Found: /wordpress/wp-admin/setup-config.php
Not Found: /wordpress/wp-admin/setup-config.php
Not Found: /wp-admin/setup-config.php
Not Found: /wp-admin/setup-config.php
Not Found: /robots.txt
Not Found: /apple-app-site-association
Not Found: /wordpress/wp-admin/setup-config.php
Not Found: /wordpress/wp-admin/setup-config.php
Not Found: /wp-admin/setup-config.php
Not Found: /wp-admin/setup-config.php
Not Found: /wordpress/wp-admin/setup-config.php
Not Found: /wp-admin/setup-config.php
Not Found: /wordpress/wp-admin/setup-config.php
Not Found: /robots.txt
Not Found: /wp-admin/setup-config.php
Not Found: /wordpress/wp-admin/setup-config.php
Not Found: /wordpress/wp-admin/setup-config.php
Not Found: /wp-admin/setup-config.php
Not Found: /wp-admin/setup-config.php
Not Found: /wp-admin/setup-config.php
Not Found: /wordpress/wp-admin/setup-config.php
Not Found: /wordpress/wp-admin/setup-config.php
Not Found: /robots.txt
Not Found: /.well-known/apple-app-site-association
Not Found: /.well-known/apple-app-site-association
Not Found: /wp-admin/setup-config.php
Not Found: /wordpress/wp-admin/setup-config.php
Not Found: /wp-admin/setup-config.php
Not Found: /wordpress/wp-admin/setup-config.php
Not Found: /wp-admin/setup-config.php
Not Found: /wp-admin/setup-config.php
Not Found: /wordpress/wp-admin/setup-config.php
Not Found: /wordpress/wp-admin/setup-config.php
Not Found: /apple-app-site-association
Not Found: /wp-admin/setup-config.php
Not Found: /wordpress/wp-admin/setup-config.php
Not Found: /wordpress/wp-admin/setup-config.php
Not Found: /wp-admin/setup-config.php
Not Found: /wp-admin/setup-config.php
Not Found: /wordpress/wp-admin/setup-config.php
Not Found: /wordpress/wp-admin/setup-config.php
Not Found: /wp-admin/setup-config.php
Not Found: /wordpress/wp-admin/setup-config.php
Not Found: /wordpress/wp-admin/setup-config.php
Not Found: /wp-admin/setup-config.php
Not Found: /wp-admin/setup-config.php
Not Found: /wordpress/wp-admin/setup-config.php
Not Found: /wp-admin/setup-config.php
Not Found: /wp-admin/setup-config.php
Not Found: /wordpress/wp-admin/setup-config.php
Not Found: /wordpress/wp-admin/setup-config.php
Not Found: /wp-admin/setup-config.php
Not Found: /wordpress/wp-admin/setup-config.php
Not Found: /wp-admin/setup-config.php
Not Found: /wp-admin/setup-config.php
Not Found: /wordpress/wp-admin/setup-config.php
Not Found: /wp-admin/setup-config.php
Not Found: /wordpress/wp-admin/setup-config.php
Not Found: /wordpress/wp-admin/setup-config.php
[UID:1092][3279359] Child process with pid: 3279373 was killed by signal: 15, core dumped: no
Not Found: /wordpress/wp-admin/setup-config.php
Not Found: /wp-admin/setup-config.php
Not Found: /wp-admin/setup-config.php
Not Found: /favicon.ico
Not Found: /favicon.png
Not Found: /favicon.ico
Not Found: /.well-known/traffic-advice
Not Found: /.well-known/traffic-advice
Not Found: /.well-known/traffic-advice
Not Found: /wordpress/wp-admin/setup-config.php
Not Found: /wp-admin/setup-config.php
Not Found: /wp-admin/setup-config.php
Not Found: /wordpress/wp-admin/setup-config.php
Not Found: /robots.txt
Not Found: /robots.txt
Not Found: /favicon.ico
Not Found: /favicon.png
Not Found: /favicon.ico
Not Found: /wordpress/wp-admin/setup-config.php
Not Found: /wordpress/wp-admin/setup-config.php
Not Found: /wp-admin/setup-config.php
Not Found: /wp-admin/setup-config.php
[UID:1092][3319325] Child process with pid: 3320119 was killed by signal: 15, core dumped: no
Not Found: /wordpress/wp-admin/setup-config.php
Not Found: /wp-admin/setup-config.php
Not Found: /wp-admin/setup-config.php
Not Found: /wordpress/wp-admin/setup-config.php
Not Found: /wordpress/wp-admin/setup-config.php
Not Found: /wordpress/wp-admin/setup-config.php
Not Found: /wp-admin/setup-config.php
Not Found: /.well-known/traffic-advice
Not Found: /.well-known/traffic-advice
Not Found: /wordpress/wp-admin/setup-config.php
Not Found: /wp-admin/setup-config.php
Not Found: /wp-admin/setup-config.php
Not Found: /wordpress/wp-admin/setup-config.php
Not Found: /wp-admin/setup-config.php
Not Found: /wordpress/wp-admin/setup-config.php
Not Found: /wp-admin/setup-config.php
Not Found: /wordpress/wp-admin/setup-config.php
Not Found: /wp-admin/setup-config.php
Not Found: /wordpress/wp-admin/setup-config.php
Not Found: /wp-admin/setup-config.php
Not Found: /wp-admin/setup-config.php
Not Found: /wordpress/wp-admin/setup-config.php
Not Found: /wp-admin/setup-config.php
Not Found: /wp-admin/setup-config.php
Not Found: /wordpress/wp-admin/setup-config.php
Not Found: /wordpress/wp-admin/setup-config.php
Not Found: /wordpress/wp-admin/setup-config.php
Not Found: /wp-admin/setup-config.php
Not Found: /wp-admin/setup-config.php
Not Found: /wordpress/wp-admin/setup-config.php
Not Found: /wp-admin/setup-config.php
Not Found: /wordpress/wp-admin/setup-config.php
Not Found: /wp-admin/setup-config.php
Not Found: /wordpress/wp-admin/setup-config.php
Not Found: /wp-admin/setup-config.php
Not Found: /wordpress/wp-admin/setup-config.php
Not Found: /wp-admin/setup-config.php
Not Found: /wordpress/wp-admin/setup-config.php
Not Found: /wordpress/wp-admin/setup-config.php
Not Found: /wp-admin/setup-config.php
Not Found: /wordpress/wp-admin/setup-config.php
Not Found: /wp-admin/setup-config.php
Not Found: /z0f76a1d14fd21a8fb5fd0d03e0fdc3d3cedae52f
Not Found: /favicon.ico
Not Found: /wordpress/wp-admin/setup-config.php
Not Found: /wp-admin/setup-config.php
Not Found: /wp-admin/setup-config.php
Not Found: /wordpress/wp-admin/setup-config.php
Not Found: /wordpress/wp-admin/setup-config.php
Not Found: /wordpress/wp-admin/setup-config.php
Not Found: /wp-admin/setup-config.php
Not Found: /wp-admin/setup-config.php
Not Found: /wordpress/wp-admin/setup-config.php
Not Found: /wordpress/wp-admin/setup-config.php
Not Found: /wp-admin/setup-config.php
Not Found: /wp-admin/setup-config.php
Not Found: /wp-admin/setup-config.php
Not Found: /wordpress/wp-admin/setup-config.php
Not Found: /wp-admin/setup-config.php
Not Found: /wordpress/wp-admin/setup-config.php
Not Found: /wp-admin/setup-config.php
Not Found: /wordpress/wp-admin/setup-config.php
Not Found: /wordpress/wp-admin/setup-config.php
Not Found: /wp-admin/setup-config.php
Not Found: /wp-includes/wlwmanifest.xml
Not Found: /xmlrpc.php
Not Found: /wp-json/wp/v2/users/
Not Found: /wp-json/oembed/1.0/embed
Not Found: /xmlrpc.php
Not Found: /wordpress/wp-admin/setup-config.php
Not Found: /wordpress/wp-admin/setup-config.php
Not Found: /wp-admin/setup-config.php
Not Found: /wp-admin/setup-config.php
Not Found: /wordpress/wp-admin/setup-config.php
Not Found: /wp-admin/setup-config.php
Not Found: /wp-admin/setup-config.php
Not Found: /wordpress/wp-admin/setup-config.php
Not Found: /wp-admin/setup-config.php
Not Found: /wordpress/wp-admin/setup-config.php
Not Found: /wp-admin/setup-config.php
Not Found: /wordpress/wp-admin/setup-config.php
Not Found: /wp-admin/setup-config.php
Not Found: /wp-admin/setup-config.php
Not Found: /wordpress/wp-admin/setup-config.php
Not Found: /wordpress/wp-admin/setup-config.php
Not Found: /wordpress/wp-admin/setup-config.php
Not Found: /wordpress/wp-admin/setup-config.php
Not Found: /wp-admin/setup-config.php
Not Found: /wp-admin/setup-config.php
Not Found: /.well-known/traffic-advice
Not Found: /wp-admin/setup-config.php
Not Found: /robots.txt
Not Found: /apple-app-site-association
Not Found: /wp-admin/setup-config.php
Not Found: /wordpress/wp-admin/setup-config.php
Not Found: /wordpress/wp-admin/setup-config.php
Not Found: /wp-admin/setup-config.php
Not Found: /wordpress/wp-admin/setup-config.php
Not Found: /wordpress/wp-admin/setup-config.php
Not Found: /wp-admin/setup-config.php
Not Found: /wp-admin/setup-config.php
Not Found: /wp-admin/setup-config.php
Not Found: /wordpress/wp-admin/setup-config.php
Not Found: /wordpress/wp-admin/setup-config.php
Not Found: /wordpress/wp-admin/setup-config.php
Not Found: /wp-admin/setup-config.php
Not Found: /wp-admin/setup-config.php
Not Found: /wordpress/wp-admin/setup-config.php
Not Found: /wp-admin/setup-config.php
Not Found: /wp-admin/setup-config.php
Not Found: /wordpress/wp-admin/setup-config.php
Not Found: /wordpress/wp-admin/setup-config.php
Not Found: /robots.txt
Not Found: /.well-known/apple-app-site-association
Not Found: /.well-known/apple-app-site-association
Not Found: /wordpress/wp-admin/setup-config.php
Not Found: /wp-admin/setup-config.php
Not Found: /wordpress/wp-admin/setup-config.php
Not Found: /wp-admin/setup-config.php
Not Found: /apple-app-site-association
Not Found: /wordpress/wp-admin/setup-config.php
Not Found: /wp-admin/setup-config.php
Not Found: /wordpress/wp-admin/setup-config.php
Not Found: /wp-admin/setup-config.php
Not Found: /wp-admin/setup-config.php
Not Found: /wp-admin/setup-config.php
Not Found: /wordpress/wp-admin/setup-config.php
Not Found: /wordpress/wp-admin/setup-config.php
Not Found: /angular.json
Not Found: /config/environment.js
Not Found: /config.dev.js
Not Found: /config/config.prod.js
Not Found: /config.js
Not Found: /app/environment.js
Not Found: /config/config.js
Not Found: /env.production.js
Not Found: /config.development.js
Not Found: /assets/env.js
Not Found: /environment.config.js
Not Found: /app/app.config.js
Not Found: /angular.config.js
Not Found: /environment.dev.js
Not Found: /app/env.js
Not Found: /app/settings.js
Not Found: /config/environments/development.js
Not Found: /app/config.js
Not Found: /config.prod.js
Not Found: /env.development.js
Not Found: /env.staging.js
Not Found: /env.js
Not Found: /config/settings.js
Not Found: /app.config.js
Not Found: /environments/development.js
Not Found: /environment.test.js
Not Found: /config.production.js
Not Found: /config.stage.js
Not Found: /environments/production.js
Not Found: /config.staging.js
Not Found: /config.test.js
Not Found: /environments/staging.js
Not Found: /settings.dev.js
Not Found: /js/env.js
Not Found: /react.config.js
Not Found: /env.local.js
Not Found: /src/environment.js
Not Found: /settings.js
Not Found: /react-native.config.js
Not Found: /webpack/config.js
Not Found: /src/settings.js
Not Found: /src/environments/environment.dev.js
Not Found: /vue.config.js
Not Found: /settings.prod.js
Not Found: /src/environments/environment.prod.js
Not Found: /config/environments/test.js
Not Found: /static/env.js
Not Found: /src/env.js
Not Found: /webpack/config.prod.js
Not Found: /gatsby-config.js
Not Found: /webpack/config.dev.js
Not Found: /env.prod.js
Not Found: /svelte.config.js
Not Found: /src/environments/environment.stage.js
Not Found: /config/env.js
Not Found: /static/config.js
Not Found: /webpack.config.js
Not Found: /nuxt.config.js
Not Found: /webpack.config.dev.js
Not Found: /js/config.js
Not Found: /src/environments/environment.js
Not Found: /public/env.js
Not Found: /config/app.config.js
Not Found: /src/config.js
Not Found: /js/app.config.js
Not Found: /src/environments/environment.test.js
Not Found: /public/config.js
Not Found: /config/config.dev.js
Not Found: /webpack.config.prod.js
Not Found: /next.config.js
Not Found: /src/app.config.js
Not Found: /config.local.js
Not Found: /env.test.js
Not Found: /env.stage.js
Not Found: /config/environments/production.js
Not Found: /assets/config.js
Not Found: /environment.js
Not Found: /environment.prod.js
Not Found: /config/environments/staging.js
Not Found: /wp-admin/setup-config.php
Not Found: /wordpress/wp-admin/setup-config.php
Not Found: /wordpress/wp-admin/setup-config.php
Not Found: /wp-admin/setup-config.php
Not Found: /wp-admin/setup-config.php
Not Found: /wordpress/wp-admin/setup-config.php
Not Found: /wordpress/wp-admin/setup-config.php
Not Found: /wp-admin/setup-config.php
Not Found: /wp-admin/setup-config.php
Not Found: /wordpress/wp-admin/setup-config.php
Not Found: /wp-admin/setup-config.php
Not Found: /wordpress/wp-admin/setup-config.php
Not Found: /wordpress/wp-admin/setup-config.php
Not Found: /wp-admin/setup-config.php
Not Found: /wp-admin/setup-config.php
Not Found: /wordpress/wp-admin/setup-config.php
Not Found: /wp-admin/setup-config.php
Not Found: /wordpress/wp-admin/setup-config.php
Not Found: /wordpress/wp-admin/setup-config.php
Not Found: /wp-admin/setup-config.php
Not Found: /wordpress/wp-admin/setup-config.php
Not Found: /wordpress/wp-admin/setup-config.php
Not Found: /wp-admin/setup-config.php
Not Found: /wp-admin/setup-config.php
Not Found: /wordpress/wp-admin/setup-config.php
Not Found: /wp-admin/setup-config.php
Not Found: /wordpress/wp-admin/setup-config.php
Not Found: /wp-admin/setup-config.php
Not Found: /wp-admin/setup-config.php
Not Found: /wordpress/wp-admin/setup-config.php
Not Found: /wordpress/wp-admin/setup-config.php
Not Found: /wp-admin/setup-config.php
Not Found: /robots.txt
Not Found: /wp-admin/setup-config.php
Not Found: /wordpress/wp-admin/setup-config.php
Not Found: /wp-admin/setup-config.php
Not Found: /wordpress/wp-admin/setup-config.php
Not Found: /wp-admin/setup-config.php
Not Found: /wp-admin/setup-config.php
Not Found: /wordpress/wp-admin/setup-config.php
Not Found: /wordpress/wp-admin/setup-config.php
Not Found: /wordpress/wp-admin/setup-config.php
Not Found: /wp-admin/setup-config.php
Not Found: /wordpress/wp-admin/setup-config.php
Not Found: /wp-admin/setup-config.php
Not Found: /wordpress/wp-admin/setup-config.php
Not Found: /wp-admin/setup-config.php
Not Found: /wordpress/wp-admin/setup-config.php
Not Found: /wp-admin/setup-config.php
Not Found: /wp-admin/setup-config.php
Not Found: /wordpress/wp-admin/setup-config.php
Not Found: /wordpress/wp-admin/setup-config.php
Not Found: /wordpress/wp-admin/setup-config.php
Not Found: /wp-admin/setup-config.php
Not Found: /wp-admin/setup-config.php
Not Found: /wordpress/wp-admin/setup-config.php
Not Found: /wordpress/wp-admin/setup-config.php
Not Found: /wordpress/wp-admin/setup-config.php
Not Found: /wp-admin/setup-config.php
Not Found: /wp-admin/setup-config.php
Not Found: /wp-admin/setup-config.php
Not Found: /wp-admin/setup-config.php
Not Found: /wordpress/wp-admin/setup-config.php
Not Found: /wordpress/wp-admin/setup-config.php
Not Found: /wp-login.php
Not Found: /wordpress/wp-admin/setup-config.php
Not Found: /wordpress/wp-admin/setup-config.php
Not Found: /wp-admin/setup-config.php
Not Found: /wp-admin/setup-config.php
Not Found: /wordpress/wp-admin/setup-config.php
Not Found: /wp-admin/setup-config.php
Not Found: /wordpress/wp-admin/setup-config.php
Not Found: /wp-admin/setup-config.php
Not Found: /wordpress/wp-admin/setup-config.php
Not Found: /wordpress/wp-admin/setup-config.php
Not Found: /wp-admin/setup-config.php
Not Found: /wp-admin/setup-config.php
Not Found: /wp-admin/setup-config.php
Not Found: /wordpress/wp-admin/setup-config.php
Not Found: /wp-admin/setup-config.php
Not Found: /wordpress/wp-admin/setup-config.php
Not Found: /wordpress/wp-admin/setup-config.php
Not Found: /wp-admin/setup-config.php
Not Found: /wordpress/wp-admin/setup-config.php
Not Found: /wp-admin/setup-config.php
Not Found: /wordpress/wp-admin/setup-config.php
Not Found: /wordpress/wp-admin/setup-config.php
Not Found: /wp-admin/setup-config.php
Not Found: /wp-admin/setup-config.php
Not Found: /wordpress/wp-admin/setup-config.php
Not Found: /wp-admin/setup-config.php
Not Found: /wordpress/wp-admin/setup-config.php
Not Found: /wp-admin/setup-config.php
Not Found: /wordpress/wp-admin/setup-config.php
Not Found: /wp-admin/setup-config.php
Not Found: /wp-admin/setup-config.php
Not Found: /wordpress/wp-admin/setup-config.php
Not Found: /wp-admin/setup-config.php
Not Found: /wordpress/wp-admin/setup-config.php
Not Found: /wp-admin/setup-config.php
Not Found: /wordpress/wp-admin/setup-config.php
Not Found: /wp-admin/setup-config.php
Not Found: /wordpress/wp-admin/setup-config.php
Not Found: /wordpress/wp-admin/setup-config.php
Not Found: /wp-admin/setup-config.php
Not Found: /wordpress/wp-admin/setup-config.php
Not Found: /wordpress/wp-admin/setup-config.php
Not Found: /wp-admin/setup-config.php
Not Found: /wordpress/wp-admin/setup-config.php
Not Found: /wp-admin/setup-config.php
Not Found: /apple-app-site-association
Not Found: /wordpress/wp-admin/setup-config.php
Not Found: /wp-admin/setup-config.php
Not Found: /wordpress/wp-admin/setup-config.php
Not Found: /wp-admin/setup-config.php
Not Found: /wp-admin/setup-config.php
Not Found: /wordpress/wp-admin/setup-config.php
Not Found: /wordpress/wp-admin/setup-config.php
Not Found: /wp-admin/setup-config.php
Not Found: /wordpress/wp-admin/setup-config.php
Not Found: /wp-admin/setup-config.php
Not Found: /wp-admin/setup-config.php
Not Found: /wordpress/wp-admin/setup-config.php
Not Found: /wordpress/wp-admin/setup-config.php
Not Found: /wp-admin/setup-config.php
Not Found: /wp-admin/setup-config.php
Not Found: /wordpress/wp-admin/setup-config.php
Not Found: /wordpress/wp-admin/setup-config.php
Not Found: /wp-admin/setup-config.php
Not Found: /wordpress/wp-admin/setup-config.php
Not Found: /wp-admin/setup-config.php
Not Found: /.well-known/apple-app-site-association
Not Found: /robots.txt
Not Found: /.well-known/apple-app-site-association
Not Found: /wp-admin/setup-config.php
Not Found: /wordpress/wp-admin/setup-config.php
Not Found: /wordpress/wp-admin/setup-config.php
Not Found: /wp-admin/setup-config.php
Not Found: /robots.txt
Not Found: /apple-app-site-association
Not Found: /wordpress/wp-admin/setup-config.php
Not Found: /wordpress/wp-admin/setup-config.php
Not Found: /wp-admin/setup-config.php
Not Found: /wp-admin/setup-config.php
Not Found: /wordpress/wp-admin/setup-config.php
Not Found: /wp-admin/setup-config.php
Not Found: /wordpress/wp-admin/setup-config.php
Not Found: /wp-admin/setup-config.php
Not Found: /wordpress/wp-admin/setup-config.php
Not Found: /wordpress/wp-admin/setup-config.php
Not Found: /wp-admin/setup-config.php
Not Found: /wp-admin/setup-config.php
Not Found: /wordpress/wp-admin/setup-config.php
Not Found: /wordpress/wp-admin/setup-config.php
Not Found: /wp-admin/setup-config.php
Not Found: /wp-admin/setup-config.php
Not Found: /wp-admin/setup-config.php
Not Found: /wordpress/wp-admin/setup-config.php
Not Found: /wordpress/wp-admin/setup-config.php
Not Found: /wp-admin/setup-config.php
Not Found: /wp-admin/setup-config.php
Not Found: /wordpress/wp-admin/setup-config.php
Not Found: /wp-admin/setup-config.php
Not Found: /wp-admin/setup-config.php
Not Found: /wordpress/wp-admin/setup-config.php
Not Found: /wp-admin/setup-config.php
Not Found: /wordpress/wp-admin/setup-config.php
Not Found: /wordpress/wp-admin/setup-config.php
Not Found: /wp-admin/setup-config.php
Not Found: /wordpress/wp-admin/setup-config.php
Not Found: /wordpress/wp-admin/setup-config.php
Not Found: /wp-admin/setup-config.php
Not Found: /wp-admin/setup-config.php
Not Found: /wp-admin/setup-config.php
Not Found: /wp-admin/setup-config.php
Not Found: /wordpress/wp-admin/setup-config.php
Not Found: /wordpress/wp-admin/setup-config.php
Not Found: /wordpress/wp-admin/setup-config.php
Not Found: /wordpress/wp-admin/setup-config.php
Not Found: /wp-admin/setup-config.php
Not Found: /wp-admin/setup-config.php
Not Found: /wp-admin/setup-config.php
Not Found: /wp-admin/setup-config.php
Not Found: /wordpress/wp-admin/setup-config.php
Not Found: /wordpress/wp-admin/setup-config.php
Not Found: /wp-admin/setup-config.php
Not Found: /wordpress/wp-admin/setup-config.php
Not Found: /wp-admin/setup-config.php
Not Found: /wordpress/wp-admin/setup-config.php
Not Found: /wp-admin/setup-config.php
Not Found: /wp-admin/setup-config.php
Not Found: /wordpress/wp-admin/setup-config.php
Not Found: /wordpress/wp-admin/setup-config.php
Not Found: /wordpress/wp-admin/setup-config.php
Not Found: /wp-admin/setup-config.php
Not Found: /wp-admin/setup-config.php
Not Found: /wordpress/wp-admin/setup-config.php
Not Found: /wp-admin/setup-config.php
Not Found: /wp-admin/setup-config.php
Not Found: /wordpress/wp-admin/setup-config.php
Not Found: /wordpress/wp-admin/setup-config.php
Not Found: /wordpress/wp-admin/setup-config.php
Not Found: /wordpress/wp-admin/setup-config.php
Not Found: /wp-admin/setup-config.php
Not Found: /wp-admin/setup-config.php
Not Found: /wp-admin/setup-config.php
Not Found: /wordpress/wp-admin/setup-config.php
Not Found: /wp-admin/setup-config.php
Not Found: /wordpress/wp-admin/setup-config.php
Not Found: /wordpress/wp-admin/setup-config.php
Not Found: /wordpress/wp-admin/setup-config.php
Not Found: /wp-admin/setup-config.php
Not Found: /wp-admin/setup-config.php
Not Found: /wp-admin/setup-config.php
Not Found: /wordpress/wp-admin/setup-config.php
Not Found: /wordpress/wp-admin/setup-config.php
Not Found: /wp-admin/setup-config.php
Not Found: /wp-admin/setup-config.php
Not Found: /wordpress/wp-admin/setup-config.php
Not Found: /wp-admin/setup-config.php
Not Found: /wordpress/wp-admin/setup-config.php
Not Found: /wordpress/wp-admin/setup-config.php
Not Found: /wordpress/wp-admin/setup-config.php
Not Found: /wp-admin/setup-config.php
Not Found: /wp-admin/setup-config.php
Not Found: /wordpress/wp-admin/setup-config.php
Not Found: /wordpress/wp-admin/setup-config.php
Not Found: /wp-admin/setup-config.php
Not Found: /wp-admin/setup-config.php
Not Found: /wordpress/wp-admin/setup-config.php
Not Found: /wordpress/wp-admin/setup-config.php
Not Found: /wp-admin/setup-config.php
Not Found: /wp-admin/setup-config.php
Not Found: /wp-admin/setup-config.php
Not Found: /wp-admin/setup-config.php
Not Found: /wordpress/wp-admin/setup-config.php
Not Found: /wordpress/wp-admin/setup-config.php
Not Found: /wp-admin/setup-config.php
Not Found: /wordpress/wp-admin/setup-config.php
Not Found: /wordpress/wp-admin/setup-config.php
Not Found: /wp-admin/setup-config.php
Not Found: /wp-admin/setup-config.php
Not Found: /wordpress/wp-admin/setup-config.php
Not Found: /wordpress/wp-admin/setup-config.php
Not Found: /wp-admin/setup-config.php
Not Found: /wordpress/wp-admin/setup-config.php
Not Found: /wp-admin/setup-config.php
Not Found: /wordpress/wp-admin/setup-config.php
Not Found: /wp-admin/setup-config.php
Not Found: /wp-admin/setup-config.php
Not Found: /wordpress/wp-admin/setup-config.php
Not Found: /wp-admin/setup-config.php
Not Found: /wordpress/wp-admin/setup-config.php
Not Found: /wp-includes/wlwmanifest.xml
Not Found: /xmlrpc.php
Not Found: /wp-json/wp/v2/users/
Not Found: /wp-json/oembed/1.0/embed
Not Found: /xmlrpc.php
Not Found: /wp-admin/setup-config.php
Not Found: /wp-admin/setup-config.php
Not Found: /wordpress/wp-admin/setup-config.php
Not Found: /wordpress/wp-admin/setup-config.php
Not Found: /wordpress/wp-admin/setup-config.php
Not Found: /wp-admin/setup-config.php
Not Found: /wordpress/wp-admin/setup-config.php
Not Found: /wp-admin/setup-config.php
Not Found: /wordpress/wp-admin/setup-config.php
Not Found: /wp-admin/setup-config.php
Not Found: /wordpress/wp-admin/setup-config.php
Not Found: /wp-admin/setup-config.php
Not Found: /wordpress/wp-admin/setup-config.php
Not Found: /wp-admin/setup-config.php
Not Found: /wp-admin/setup-config.php
Not Found: /wordpress/wp-admin/setup-config.php
Not Found: /wordpress/wp-admin/setup-config.php
Not Found: /wp-admin/setup-config.php
Not Found: /wordpress/wp-admin/setup-config.php
Not Found: /wp-admin/setup-config.php
Not Found: /wp-admin/setup-config.php
Not Found: /wordpress/wp-admin/setup-config.php
Not Found: /wordpress/wp-admin/setup-config.php
Not Found: /wp-admin/setup-config.php
Not Found: /wp-admin/setup-config.php
Not Found: /wordpress/wp-admin/setup-config.php
Not Found: /wp-admin/setup-config.php
Not Found: /wordpress/wp-admin/setup-config.php
Not Found: /wordpress/wp-admin/setup-config.php
Not Found: /wp-admin/setup-config.php
Not Found: /wp-admin/setup-config.php
Not Found: /wordpress/wp-admin/setup-config.php
Not Found: /wordpress/wp-admin/setup-config.php
Not Found: /wp-admin/setup-config.php
Not Found: /wordpress/wp-admin/setup-config.php
Not Found: /wordpress/wp-admin/setup-config.php
Not Found: /wp-admin/setup-config.php
Not Found: /robots.txt
Not Found: /wp-admin/setup-config.php
Not Found: /wordpress/wp-admin/setup-config.php
Not Found: /wp-admin/setup-config.php
Not Found: /wordpress/wp-admin/setup-config.php
Not Found: /wordpress/wp-admin/setup-config.php
Not Found: /wp-admin/setup-config.php
Not Found: /wordpress/wp-admin/setup-config.php
Not Found: /wp-admin/setup-config.php
Not Found: /wp-admin/setup-config.php
Not Found: /wp-admin/setup-config.php
Not Found: /wordpress/wp-admin/setup-config.php
Not Found: /wordpress/wp-admin/setup-config.php
Not Found: /wordpress/wp-admin/setup-config.php
Not Found: /wordpress/wp-admin/setup-config.php
Not Found: /wp-admin/setup-config.php
Not Found: /wp-admin/setup-config.php
Not Found: /wordpress/wp-admin/setup-config.php
Not Found: /wp-admin/setup-config.php
Not Found: /wp-admin/setup-config.php
Not Found: /wordpress/wp-admin/setup-config.php
Not Found: /wp-admin/setup-config.php
Not Found: /wp-admin/setup-config.php
Not Found: /wordpress/wp-admin/setup-config.php
Not Found: /wordpress/wp-admin/setup-config.php
Not Found: /wp-admin/setup-config.php
Not Found: /wp-admin/setup-config.php
Not Found: /wordpress/wp-admin/setup-config.php
Not Found: /wordpress/wp-admin/setup-config.php
Not Found: /wordpress/wp-admin/setup-config.php
Not Found: /wp-admin/setup-config.php
Not Found: /cart
Not Found: /wp-admin/setup-config.php
Not Found: /wordpress/wp-admin/setup-config.php
Not Found: /wp-admin/setup-config.php
Not Found: /wordpress/wp-admin/setup-config.php
Not Found: /wp-admin/setup-config.php
Not Found: /wordpress/wp-admin/setup-config.php
Not Found: /robots.txt
Not Found: /wp-admin/setup-config.php
Not Found: /wordpress/wp-admin/setup-config.php
Not Found: /wordpress/wp-admin/setup-config.php
Not Found: /wp-admin/setup-config.php
Not Found: /wordpress/wp-admin/setup-config.php
Not Found: /wordpress/wp-admin/setup-config.php
Not Found: /wp-admin/setup-config.php
Not Found: /wp-admin/setup-config.php
Not Found: /wp-admin/setup-config.php
Not Found: /wp-admin/setup-config.php
Not Found: /wordpress/wp-admin/setup-config.php
Not Found: /wordpress/wp-admin/setup-config.php
Not Found: /wp-admin/setup-config.php
Not Found: /wordpress/wp-admin/setup-config.php
Not Found: /wordpress/wp-admin/setup-config.php
Not Found: /wp-admin/setup-config.php
Not Found: /wordpress/wp-admin/setup-config.php
Not Found: /wordpress/wp-admin/setup-config.php
Not Found: /wp-admin/setup-config.php
Not Found: /wp-admin/setup-config.php
Not Found: /wordpress/wp-admin/setup-config.php
Not Found: /wordpress/wp-admin/setup-config.php
Not Found: /wp-admin/setup-config.php
Not Found: /wp-admin/setup-config.php
Not Found: /wp-admin/setup-config.php
Not Found: /wordpress/wp-admin/setup-config.php
Not Found: /wordpress/wp-admin/setup-config.php
Not Found: /wp-admin/setup-config.php
Not Found: /wordpress/wp-admin/setup-config.php
Not Found: /wp-admin/setup-config.php
Not Found: /wordpress/wp-admin/setup-config.php
Not Found: /wp-admin/setup-config.php
Not Found: /wp-admin/setup-config.php
Not Found: /wordpress/wp-admin/setup-config.php
Not Found: /wp-admin/setup-config.php
Not Found: /wordpress/wp-admin/setup-config.php
Not Found: /wp-admin/setup-config.php
Not Found: /wordpress/wp-admin/setup-config.php
Not Found: /wp-admin/setup-config.php
Not Found: /wordpress/wp-admin/setup-config.php
Not Found: /wp-admin/setup-config.php
Not Found: /wordpress/wp-admin/setup-config.php
Not Found: /wordpress/wp-admin/setup-config.php
Not Found: /wp-admin/setup-config.php
Not Found: /wp-admin/setup-config.php
Not Found: /wordpress/wp-admin/setup-config.php
Not Found: /wordpress/wp-admin/setup-config.php
Not Found: /wp-admin/setup-config.php
Not Found: /wordpress/wp-admin/setup-config.php
Not Found: /wp-admin/setup-config.php
Not Found: /wp-admin/setup-config.php
Not Found: /wordpress/wp-admin/setup-config.php
Not Found: /wordpress/wp-admin/setup-config.php
Not Found: /wp-admin/setup-config.php
Not Found: /wp-admin/setup-config.php
Not Found: /wordpress/wp-admin/setup-config.php
Not Found: /wp-admin/setup-config.php
Not Found: /wp-admin/setup-config.php
Not Found: /wordpress/wp-admin/setup-config.php
Not Found: /wordpress/wp-admin/setup-config.php
Not Found: /wordpress/wp-admin/setup-config.php
Not Found: /wp-admin/setup-config.php
Not Found: /wordpress/wp-admin/setup-config.php
Not Found: /wp-admin/setup-config.php
Not Found: /wordpress/wp-admin/setup-config.php
Not Found: /wp-admin/setup-config.php
Not Found: /wordpress/wp-admin/setup-config.php
Not Found: /wp-admin/setup-config.php
Not Found: /wordpress/wp-admin/setup-config.php
Not Found: /wp-admin/setup-config.php
Not Found: /wordpress/wp-admin/setup-config.php
Not Found: /wp-admin/setup-config.php
Not Found: /wordpress/wp-admin/setup-config.php
Not Found: /wp-admin/setup-config.php
Not Found: /wordpress/wp-admin/setup-config.php
Not Found: /wp-admin/setup-config.php
Not Found: /wordpress/wp-admin/setup-config.php
Not Found: /wp-admin/setup-config.php
Not Found: /wordpress/wp-admin/setup-config.php
Not Found: /wordpress/wp-admin/setup-config.php
Not Found: /wordpress/wp-admin/setup-config.php
Not Found: /wp-admin/setup-config.php
Not Found: /wp-admin/setup-config.php
Not Found: /wordpress/wp-admin/setup-config.php
Not Found: /wp-admin/setup-config.php
Not Found: /wordpress/wp-admin/setup-config.php
Not Found: /wp-admin/setup-config.php
Not Found: /wp-admin/setup-config.php
Not Found: /wp-admin/setup-config.php
Not Found: /wordpress/wp-admin/setup-config.php
Not Found: /wordpress/wp-admin/setup-config.php
Not Found: /wp-admin/setup-config.php
Not Found: /wp-admin/setup-config.php
Not Found: /wordpress/wp-admin/setup-config.php
Not Found: /wordpress/wp-admin/setup-config.php
Not Found: /wp-admin/setup-config.php
Not Found: /wp-admin/setup-config.php
Not Found: /wordpress/wp-admin/setup-config.php
Not Found: /wordpress/wp-admin/setup-config.php
Not Found: /wordpress/wp-admin/setup-config.php
Not Found: /wp-admin/setup-config.php
Not Found: /.well-known/traffic-advice
Not Found: /wp-admin/setup-config.php
Not Found: /wordpress/wp-admin/setup-config.php
Not Found: /wp-admin/setup-config.php
Not Found: /wordpress/wp-admin/setup-config.php
Not Found: /wordpress/wp-admin/setup-config.php
Not Found: /wp-admin/setup-config.php
Not Found: /wp-admin/setup-config.php
Not Found: /wordpress/wp-admin/setup-config.php
Not Found: /wp-admin/setup-config.php
Not Found: /wordpress/wp-admin/setup-config.php
Not Found: /wordpress/wp-admin/setup-config.php
Not Found: /wp-admin/setup-config.php
Not Found: /wordpress/wp-admin/setup-config.php
Not Found: /wp-admin/setup-config.php
Not Found: /wordpress/wp-admin/setup-config.php
Not Found: /wp-admin/setup-config.php
Not Found: /wp-admin/setup-config.php
Not Found: /wordpress/wp-admin/setup-config.php
Not Found: /wordpress/wp-admin/setup-config.php
Not Found: /wp-admin/setup-config.php
Not Found: /wp-admin/setup-config.php
Not Found: /wordpress/wp-admin/setup-config.php
Not Found: /wordpress/wp-admin/setup-config.php
Not Found: /wp-admin/setup-config.php
Not Found: /wordpress/wp-admin/setup-config.php
Not Found: /wp-admin/setup-config.php
Not Found: /wp-admin/setup-config.php
Not Found: /wordpress/wp-admin/setup-config.php
Not Found: /wp-admin/setup-config.php
Not Found: /wordpress/wp-admin/setup-config.php
Not Found: /wordpress/wp-admin/setup-config.php
Not Found: /wp-admin/setup-config.php
Not Found: /wordpress/wp-admin/setup-config.php
Not Found: /wp-admin/setup-config.php
Not Found: /wp-admin/setup-config.php
Not Found: /wp-admin/setup-config.php
Not Found: /wordpress/wp-admin/setup-config.php
Not Found: /wordpress/wp-admin/setup-config.php
[UID:1092][3877146] Child process with pid: 3886667 was killed by signal: 15, core dumped: no
Not Found: /.well-known/traffic-advice
Not Found: /wordpress/wp-admin/setup-config.php
Not Found: /wp-admin/setup-config.php
Not Found: /wp-admin/setup-config.php
Not Found: /wordpress/wp-admin/setup-config.php
Not Found: /wp-admin/setup-config.php
Not Found: /wordpress/wp-admin/setup-config.php
Not Found: /wp-admin/setup-config.php
Not Found: /wordpress/wp-admin/setup-config.php
Not Found: /wordpress/wp-admin/setup-config.php
Not Found: /wp-admin/setup-config.php
Not Found: /wp-admin/setup-config.php
Not Found: /wordpress/wp-admin/setup-config.php
Not Found: /wp-admin/setup-config.php
Not Found: /wp-admin/setup-config.php
Not Found: /wordpress/wp-admin/setup-config.php
Not Found: /wordpress/wp-admin/setup-config.php
Not Found: /wp-admin/setup-config.php
Not Found: /wp-admin/setup-config.php
Not Found: /wordpress/wp-admin/setup-config.php
Not Found: /wordpress/wp-admin/setup-config.php
Not Found: /wordpress/wp-admin/setup-config.php
Not Found: /wp-includes/wlwmanifest.xml
Not Found: /xmlrpc.php
Not Found: /wp-json/wp/v2/users/
Not Found: /wp-json/oembed/1.0/embed
Not Found: /xmlrpc.php
Not Found: /wp-admin/setup-config.php
Not Found: /wp-admin/setup-config.php
Not Found: /wordpress/wp-admin/setup-config.php
Not Found: /wordpress/wp-admin/setup-config.php
Not Found: /wp-admin/setup-config.php
Not Found: /wp-admin/setup-config.php
Not Found: /wordpress/wp-admin/setup-config.php
Not Found: /wp-admin/setup-config.php
Not Found: /wordpress/wp-admin/setup-config.php
Not Found: /wordpress/wp-admin/setup-config.php
Not Found: /wp-admin/setup-config.php
Not Found: /wordpress/wp-admin/setup-config.php
Not Found: /wp-admin/setup-config.php
Not Found: /wp-admin/setup-config.php
Not Found: /wordpress/wp-admin/setup-config.php
Not Found: /wordpress/wp-admin/setup-config.php
Not Found: /wordpress/wp-admin/setup-config.php
Not Found: /wp-admin/setup-config.php
Not Found: /wp-admin/setup-config.php
Not Found: /wordpress/wp-admin/setup-config.php
Not Found: /wordpress/wp-admin/setup-config.php
Not Found: /wp-admin/setup-config.php
Not Found: /wp-admin/setup-config.php
Not Found: /wordpress/wp-admin/setup-config.php
Not Found: /wp-admin/setup-config.php
Not Found: /apps
Not Found: /api/action
Not Found: /api/actions
Not Found: /_next/data
Not Found: /wordpress/wp-admin/setup-config.php
Not Found: /wp-admin/setup-config.php
Not Found: /wordpress/wp-admin/setup-config.php
Not Found: /wp-admin/setup-config.php
Not Found: /wp-admin/setup-config.php
Not Found: /wordpress/wp-admin/setup-config.php
Not Found: /wp-login.php
Not Found: /wp-admin/setup-config.php
Not Found: /wp-admin/setup-config.php
Not Found: /wordpress/wp-admin/setup-config.php
Not Found: /wordpress/wp-admin/setup-config.php
Not Found: /wordpress/wp-admin/setup-config.php
Not Found: /wordpress/wp-admin/setup-config.php
Not Found: /wp-admin/setup-config.php
Not Found: /wp-admin/setup-config.php
Not Found: /wp-admin/setup-config.php
Not Found: /wp-admin/setup-config.php
Not Found: /wordpress/wp-admin/setup-config.php
Not Found: /wordpress/wp-admin/setup-config.php
Not Found: /wordpress/wp-admin/setup-config.php
Not Found: /wp-admin/setup-config.php
Not Found: /wp-admin/setup-config.php
Not Found: /wordpress/wp-admin/setup-config.php
Not Found: /wp-admin/setup-config.php
Not Found: /wp-admin/setup-config.php
Not Found: /wordpress/wp-admin/setup-config.php
Not Found: /wordpress/wp-admin/setup-config.php
Not Found: /wp-admin/setup-config.php
Not Found: /wordpress/wp-admin/setup-config.php
Not Found: /wp-admin/setup-config.php
Not Found: /wordpress/wp-admin/setup-config.php
Not Found: /wp-admin/setup-config.php
Not Found: /wordpress/wp-admin/setup-config.php
Not Found: /wp-admin/setup-config.php
Not Found: /wordpress/wp-admin/setup-config.php
Not Found: /wordpress/wp-admin/setup-config.php
Not Found: /wp-admin/setup-config.php
Not Found: /wp-admin/setup-config.php
Not Found: /wordpress/wp-admin/setup-config.php
Not Found: /wordpress/wp-admin/setup-config.php
Not Found: /wp-admin/setup-config.php
Not Found: /wordpress/wp-admin/setup-config.php
Not Found: /wp-admin/setup-config.php
Not Found: /wordpress/wp-admin/setup-config.php
Not Found: /wp-admin/setup-config.php
Not Found: /wp-admin/setup-config.php
Not Found: /wordpress/wp-admin/setup-config.php
Not Found: /wp-admin/setup-config.php
Not Found: /wordpress/wp-admin/setup-config.php
Not Found: /wordpress/wp-admin/setup-config.php
Not Found: /wp-admin/setup-config.php
Not Found: /wordpress/wp-admin/setup-config.php
Not Found: /wp-admin/setup-config.php
Not Found: /wordpress/wp-admin/setup-config.php
Not Found: /wp-admin/setup-config.php
Not Found: /wp-admin/setup-config.php
Not Found: /wordpress/wp-admin/setup-config.php
Not Found: /wordpress/wp-admin/setup-config.php
Not Found: /wp-admin/setup-config.php
Not Found: /wp-admin/setup-config.php
Not Found: /wp-admin/setup-config.php
Not Found: /robots.txt
Not Found: /wordpress/wp-admin/setup-config.php
Not Found: /wordpress/wp-admin/setup-config.php
Not Found: /wp-admin/setup-config.php
Not Found: /wp-admin/setup-config.php
Not Found: /wordpress/wp-admin/setup-config.php
Not Found: /wordpress/wp-admin/setup-config.php
Not Found: /wp-admin/setup-config.php
Not Found: /wordpress/wp-admin/setup-config.php
Not Found: /wp-admin/setup-config.php
Not Found: /wordpress/wp-admin/setup-config.php
Not Found: /wp-admin/setup-config.php
Not Found: /wp-admin/setup-config.php
Not Found: /wp-admin/setup-config.php
Not Found: /wordpress/wp-admin/setup-config.php
Not Found: /wordpress/wp-admin/setup-config.php
Not Found: /wp-admin/setup-config.php
Not Found: /wordpress/wp-admin/setup-config.php
Not Found: /wp-admin/setup-config.php
Not Found: /wordpress/wp-admin/setup-config.php
Not Found: /wordpress/wp-admin/setup-config.php
Not Found: /wp-admin/setup-config.php
Not Found: /wp-admin/setup-config.php
Not Found: /wordpress/wp-admin/setup-config.php
Not Found: /wordpress/wp-admin/setup-config.php
Not Found: /wp-admin/setup-config.php
Not Found: /wordpress/wp-admin/setup-config.php
Not Found: /wp-admin/setup-config.php
Not Found: /wordpress/wp-admin/setup-config.php
Not Found: /wp-admin/setup-config.php
Not Found: /wordpress/wp-admin/setup-config.php
Not Found: /wp-admin/setup-config.php
Not Found: /wordpress/wp-admin/setup-config.php
Not Found: /wp-admin/setup-config.php
Not Found: /.well-known/traffic-advice
Not Found: /wp-admin/setup-config.php
Not Found: /wordpress/wp-admin/setup-config.php
Not Found: /wp-admin/setup-config.php
Not Found: /wp-admin/setup-config.php
Not Found: /wordpress/wp-admin/setup-config.php
Not Found: /wordpress/wp-admin/setup-config.php
Not Found: /wp-admin/setup-config.php
Not Found: /wp-admin/setup-config.php
Not Found: /wordpress/wp-admin/setup-config.php
Not Found: /wp-admin/setup-config.php
Not Found: /wordpress/wp-admin/setup-config.php
Not Found: /wp-admin/setup-config.php
Not Found: /robots.txt
Not Found: /wordpress/wp-admin/setup-config.php
Not Found: /wp-admin/setup-config.php
Not Found: /wp-admin/setup-config.php
Not Found: /wp-admin/setup-config.php
Not Found: /wordpress/wp-admin/setup-config.php
Not Found: /wordpress/wp-admin/setup-config.php
Not Found: /wordpress/wp-admin/setup-config.php
Not Found: /wp-admin/setup-config.php
Not Found: /app/app.config.js
Not Found: /settings.prod.js
Not Found: /angular.json
Not Found: /src/app.config.js
Not Found: /config/environments/test.js
Not Found: /app/config.js
Not Found: /config/environments/staging.js
Not Found: /assets/config.js
Not Found: /config/app.config.js
Not Found: /config.test.js
Not Found: /config/environments/production.js
Not Found: /config/config.js
Not Found: /assets/env.js
Not Found: /config.prod.js
Not Found: /app.config.js
Not Found: /public/env.js
Not Found: /config.production.js
Not Found: /config.local.js
Not Found: /webpack/config.prod.js
Not Found: /angular.config.js
Not Found: /settings.dev.js
Not Found: /app/env.js
Not Found: /nuxt.config.js
Not Found: /react-native.config.js
Not Found: /config.stage.js
Not Found: /settings.js
Not Found: /config/env.js
Not Found: /env.test.js
Not Found: /config/config.dev.js
Not Found: /config/environment.js
Not Found: /react.config.js
Not Found: /env.prod.js
Not Found: /config.staging.js
Not Found: /src/env.js
Not Found: /config/environments/development.js
Not Found: /svelte.config.js
Not Found: /js/env.js
Not Found: /src/environments/environment.stage.js
Not Found: /next.config.js
Not Found: /env.production.js
Not Found: /src/environments/environment.prod.js
Not Found: /src/environments/environment.dev.js
Not Found: /environment.config.js
Not Found: /webpack.config.prod.js
Not Found: /config.dev.js
Not Found: /webpack/config.dev.js
Not Found: /src/config.js
Not Found: /environment.prod.js
Not Found: /env.stage.js
Not Found: /config.js
Not Found: /environment.js
Not Found: /env.staging.js
Not Found: /env.local.js
Not Found: /environments/production.js
Not Found: /static/config.js
Not Found: /environment.dev.js
Not Found: /gatsby-config.js
Not Found: /vue.config.js
Not Found: /environment.test.js
Not Found: /js/app.config.js
Not Found: /webpack/config.js
Not Found: /src/settings.js
Not Found: /src/environments/environment.test.js
Not Found: /webpack.config.dev.js
Not Found: /js/config.js
Not Found: /environments/development.js
Not Found: /env.development.js
Not Found: /config/config.prod.js
Not Found: /config/settings.js
Not Found: /app/settings.js
Not Found: /webpack.config.js
Not Found: /config.development.js
Not Found: /app/environment.js
Not Found: /src/environments/environment.js
Not Found: /static/env.js
Not Found: /wordpress/wp-admin/setup-config.php
Not Found: /wp-admin/setup-config.php
Not Found: /wordpress/wp-admin/setup-config.php
Not Found: /wp-admin/setup-config.php
Not Found: /wp-admin/setup-config.php
Not Found: /wordpress/wp-admin/setup-config.php
Not Found: /wordpress/wp-admin/setup-config.php
Not Found: /wordpress/wp-admin/setup-config.php
Not Found: /wp-admin/setup-config.php
Not Found: /wp-admin/setup-config.php
Not Found: /wordpress/wp-admin/setup-config.php
Not Found: /wp-admin/setup-config.php
Not Found: /wordpress/wp-admin/setup-config.php
Not Found: /wp-admin/setup-config.php
Not Found: /wp-admin/setup-config.php
Not Found: /wordpress/wp-admin/setup-config.php
Not Found: /wordpress/wp-admin/setup-config.php
Not Found: /wp-admin/setup-config.php
Not Found: /wp-admin/setup-config.php
Not Found: /wordpress/wp-admin/setup-config.php
Not Found: /wp-admin/setup-config.php
Not Found: /wordpress/wp-admin/setup-config.php
Not Found: /wp-admin/setup-config.php
Not Found: /wordpress/wp-admin/setup-config.php
Not Found: /wordpress/wp-admin/setup-config.php
Not Found: /wp-admin/setup-config.php
Not Found: /wp-admin/setup-config.php
Not Found: /wp-admin/setup-config.php
Not Found: /wordpress/wp-admin/setup-config.php
Not Found: /wordpress/wp-admin/setup-config.php
Not Found: /wordpress/wp-admin/setup-config.php
Not Found: /wordpress/wp-admin/setup-config.php
Not Found: /wp-admin/setup-config.php
Not Found: /wp-admin/setup-config.php
Not Found: /wp-admin/setup-config.php
Not Found: /wp-admin/setup-config.php
Not Found: /wordpress/wp-admin/setup-config.php
Not Found: /wordpress/wp-admin/setup-config.php
Not Found: /wordpress/wp-admin/setup-config.php
Not Found: /wp-admin/setup-config.php
Not Found: /wp-admin/setup-config.php
Not Found: /wordpress/wp-admin/setup-config.php
Not Found: /wp-admin/setup-config.php
Not Found: /wordpress/wp-admin/setup-config.php
Not Found: /wordpress/wp-admin/setup-config.php
Not Found: /wp-admin/setup-config.php
Not Found: /wordpress/wp-admin/setup-config.php
Not Found: /wp-admin/setup-config.php
Not Found: /wordpress/wp-admin/setup-config.php
Not Found: /wp-admin/setup-config.php
Not Found: /wp-admin/setup-config.php
Not Found: /wordpress/wp-admin/setup-config.php
Not Found: /wordpress/wp-admin/setup-config.php
Not Found: /wp-admin/setup-config.php
Not Found: /wordpress/wp-admin/setup-config.php
Not Found: /wp-admin/setup-config.php
Not Found: /wp-admin/setup-config.php
Not Found: /wordpress/wp-admin/setup-config.php
Not Found: /wordpress/wp-admin/setup-config.php
Not Found: /wp-admin/setup-config.php
Not Found: /wp-admin/setup-config.php
Not Found: /wordpress/wp-admin/setup-config.php
Not Found: /wp-admin/setup-config.php
Not Found: /wordpress/wp-admin/setup-config.php
Not Found: /wp-admin/setup-config.php
Not Found: /wordpress/wp-admin/setup-config.php
Not Found: /wp-admin/setup-config.php
Not Found: /wp-admin/setup-config.php
Not Found: /wordpress/wp-admin/setup-config.php
Not Found: /wordpress/wp-admin/setup-config.php
Not Found: /wordpress/wp-admin/setup-config.php
Not Found: /wordpress/wp-admin/setup-config.php
Not Found: /wp-admin/setup-config.php
Not Found: /wp-admin/setup-config.php
Not Found: /wp-admin/setup-config.php
Not Found: /wp-admin/setup-config.php
Not Found: /wordpress/wp-admin/setup-config.php
Not Found: /wordpress/wp-admin/setup-config.php
Not Found: /wordpress/wp-admin/setup-config.php
Not Found: /wp-admin/setup-config.php
Not Found: /wordpress/wp-admin/setup-config.php
Not Found: /wp-admin/setup-config.php
Not Found: /wordpress/wp-admin/setup-config.php
Not Found: /wp-admin/setup-config.php
Not Found: /wordpress/wp-admin/setup-config.php
Not Found: /wp-admin/setup-config.php
Not Found: /wp-admin/setup-config.php
Not Found: /wordpress/wp-admin/setup-config.php
Not Found: /wp-admin/setup-config.php
Not Found: /wordpress/wp-admin/setup-config.php
Not Found: /wordpress/wp-admin/setup-config.php
Not Found: /wp-admin/setup-config.php
Not Found: /wordpress/wp-admin/setup-config.php
Not Found: /wp-admin/setup-config.php
Not Found: /wordpress/wp-admin/setup-config.php
Not Found: /wp-admin/setup-config.php
Not Found: /wp-admin/setup-config.php
Not Found: /wordpress/wp-admin/setup-config.php
Not Found: /wp-admin/setup-config.php
Not Found: /wordpress/wp-admin/setup-config.php
Not Found: /wp-admin/setup-config.php
Not Found: /wp-admin/setup-config.php
Not Found: /wordpress/wp-admin/setup-config.php
Not Found: /robots.txt
Not Found: /wordpress/wp-admin/setup-config.php
Not Found: /wordpress/wp-admin/setup-config.php
Not Found: /wp-admin/setup-config.php
Not Found: /wordpress/wp-admin/setup-config.php
Not Found: /wp-admin/setup-config.php
Not Found: /wordpress/wp-admin/setup-config.php
Not Found: /wordpress/wp-admin/setup-config.php
Not Found: /wp-admin/setup-config.php
Not Found: /wp-admin/setup-config.php
Not Found: /wordpress/wp-admin/setup-config.php
Not Found: /wp-admin/setup-config.php
Not Found: /wordpress/wp-admin/setup-config.php
Not Found: /wp-admin/setup-config.php
Not Found: /wp-admin/setup-config.php
Not Found: /wordpress/wp-admin/setup-config.php
Not Found: /wp-admin/setup-config.php
Not Found: /wordpress/wp-admin/setup-config.php
Not Found: /wordpress/wp-admin/setup-config.php
Not Found: /wp-admin/setup-config.php
Not Found: /wordpress/wp-admin/setup-config.php
Not Found: /wp-admin/setup-config.php
Not Found: /wp-admin/setup-config.php
Not Found: /wordpress/wp-admin/setup-config.php
Not Found: /wp-admin/setup-config.php
Not Found: /wordpress/wp-admin/setup-config.php
Not Found: /wordpress/wp-admin/setup-config.php
Not Found: /wp-admin/setup-config.php
Not Found: /wp-admin/setup-config.php
Not Found: /wordpress/wp-admin/setup-config.php
Not Found: /wp-admin/setup-config.php
Not Found: /wordpress/wp-admin/setup-config.php
Not Found: /wp-admin/setup-config.php
Not Found: /wordpress/wp-admin/setup-config.php
Not Found: /wordpress/wp-admin/setup-config.php
Not Found: /wp-admin/setup-config.php
Not Found: /wp-admin/setup-config.php
Not Found: /wordpress/wp-admin/setup-config.php
Not Found: /wp-admin/setup-config.php
Not Found: /wordpress/wp-admin/setup-config.php
Not Found: /wordpress/wp-admin/setup-config.php
Not Found: /wp-admin/setup-config.php
Not Found: /wp-admin/setup-config.php
Not Found: /wordpress/wp-admin/setup-config.php
Not Found: /wordpress/wp-admin/setup-config.php
Not Found: /wp-admin/setup-config.php
Not Found: /wp-admin/setup-config.php
Not Found: /wp-admin/setup-config.php
Not Found: /wordpress/wp-admin/setup-config.php
Not Found: /wordpress/wp-admin/setup-config.php
Not Found: /wordpress/wp-admin/setup-config.php
Not Found: /wordpress/wp-admin/setup-config.php
Not Found: /wp-admin/setup-config.php
Not Found: /wp-admin/setup-config.php
Not Found: /wordpress/wp-admin/setup-config.php
Not Found: /wordpress/wp-admin/setup-config.php
Not Found: /wp-admin/setup-config.php
Not Found: /wp-admin/setup-config.php
Not Found: /wp-admin/setup-config.php
Not Found: /wp-admin/setup-config.php
Not Found: /wordpress/wp-admin/setup-config.php
Not Found: /wordpress/wp-admin/setup-config.php
Not Found: /wp-admin/setup-config.php
Not Found: /wordpress/wp-admin/setup-config.php
Not Found: /wordpress/wp-admin/setup-config.php
Not Found: /wp-admin/setup-config.php
Not Found: /wp-admin/setup-config.php
Not Found: /wp-admin/setup-config.php
Not Found: /wordpress/wp-admin/setup-config.php
Not Found: /wordpress/wp-admin/setup-config.php
Not Found: /robots.txt
Not Found: /wordpress/wp-admin/setup-config.php
Not Found: /wp-admin/setup-config.php
Not Found: /wordpress/wp-admin/setup-config.php
Not Found: /wp-admin/setup-config.php
Not Found: /wp-admin/setup-config.php
Not Found: /wordpress/wp-admin/setup-config.php
Not Found: /wordpress/wp-admin/setup-config.php
Not Found: /wp-admin/setup-config.php
Not Found: /wp-admin/setup-config.php
Not Found: /wordpress/wp-admin/setup-config.php
Not Found: /wp-admin/setup-config.php
Not Found: /wordpress/wp-admin/setup-config.php
Not Found: /wp-admin/setup-config.php
Not Found: /wordpress/wp-admin/setup-config.php
Not Found: /wp-admin/setup-config.php
Not Found: /wordpress/wp-admin/setup-config.php
Not Found: /wp-admin/setup-config.php
Not Found: /wordpress/wp-admin/setup-config.php
Not Found: /wordpress/wp-admin/setup-config.php
Not Found: /wp-admin/setup-config.php
Not Found: /wordpress/wp-admin/setup-config.php
Not Found: /wp-admin/setup-config.php
Not Found: /wordpress/wp-admin/setup-config.php
Not Found: /wp-admin/setup-config.php
Not Found: /wp-admin/setup-config.php
Not Found: /wordpress/wp-admin/setup-config.php
Not Found: /wordpress/wp-admin/setup-config.php
Not Found: /wp-admin/setup-config.php
Not Found: /wp-admin/setup-config.php
Not Found: /wordpress/wp-admin/setup-config.php
Not Found: /wp-admin/setup-config.php
Not Found: /wordpress/wp-admin/setup-config.php
Not Found: /wp-admin/setup-config.php
Not Found: /wordpress/wp-admin/setup-config.php
Not Found: /wordpress/wp-admin/setup-config.php
Not Found: /wp-admin/setup-config.php
Not Found: /wp-admin/setup-config.php
Not Found: /wordpress/wp-admin/setup-config.php
Not Found: /wp-admin/setup-config.php
Not Found: /wordpress/wp-admin/setup-config.php
Not Found: /wordpress/wp-admin/setup-config.php
Not Found: /wp-admin/setup-config.php
Not Found: /wordpress/wp-admin/setup-config.php
Not Found: /wp-admin/setup-config.php
Not Found: /wordpress/wp-admin/setup-config.php
Not Found: /wp-admin/setup-config.php
Not Found: /wordpress/wp-admin/setup-config.php
Not Found: /wordpress/wp-admin/setup-config.php
Not Found: /wp-admin/setup-config.php
Not Found: /wordpress/wp-admin/setup-config.php
Not Found: /wordpress/wp-admin/setup-config.php
Not Found: /wp-admin/setup-config.php
Not Found: /wp-admin/setup-config.php
Not Found: /wordpress/wp-admin/setup-config.php
Not Found: /wp-admin/setup-config.php
Not Found: /wp-admin/setup-config.php
Not Found: /wordpress/wp-admin/setup-config.php
Not Found: /wordpress/wp-admin/setup-config.php
Not Found: /wp-admin/setup-config.php
Not Found: /wp-admin/setup-config.php
Not Found: /wordpress/wp-admin/setup-config.php
Not Found: /wp-admin/setup-config.php
Not Found: /wordpress/wp-admin/setup-config.php
Not Found: /wordpress/wp-admin/setup-config.php
Not Found: /wp-admin/setup-config.php
Not Found: /wp-admin/setup-config.php
Not Found: /wordpress/wp-admin/setup-config.php
Not Found: /wp-admin/setup-config.php
Not Found: /wordpress/wp-admin/setup-config.php
Not Found: /wp-admin/setup-config.php
Not Found: /wordpress/wp-admin/setup-config.php
Not Found: /wp-admin/setup-config.php
Not Found: /wordpress/wp-admin/setup-config.php
Not Found: /wp-admin/setup-config.php
Not Found: /wordpress/wp-admin/setup-config.php
Not Found: /wp-admin/setup-config.php
Not Found: /wordpress/wp-admin/setup-config.php
Not Found: /wordpress/wp-admin/setup-config.php
Not Found: /wp-admin/setup-config.php
Not Found: /wordpress/wp-admin/setup-config.php
Not Found: /wp-admin/setup-config.php
Not Found: /wp-admin/setup-config.php
Not Found: /wp-admin/setup-config.php
Not Found: /wordpress/wp-admin/setup-config.php
Not Found: /wordpress/wp-admin/setup-config.php
Not Found: /wordpress/wp-admin/setup-config.php
Not Found: /wp-admin/setup-config.php
Not Found: /wp-admin/setup-config.php
Not Found: /wordpress/wp-admin/setup-config.php
Not Found: /wp-admin/setup-config.php
Not Found: /wordpress/wp-admin/setup-config.php
Not Found: /wp-admin/setup-config.php
Not Found: /wordpress/wp-admin/setup-config.php
Not Found: /wordpress/wp-admin/setup-config.php
Not Found: /wp-admin/setup-config.php
Not Found: /wp-admin/setup-config.php
Not Found: /wordpress/wp-admin/setup-config.php
Not Found: /wp-admin/setup-config.php
Not Found: /wp-admin/setup-config.php
Not Found: /wordpress/wp-admin/setup-config.php
Not Found: /wordpress/wp-admin/setup-config.php
Not Found: /wordpress/wp-admin/setup-config.php
Not Found: /wp-admin/setup-config.php
Not Found: /wp-admin/setup-config.php
Not Found: /wordpress/wp-admin/setup-config.php
Not Found: /wp-admin/setup-config.php
Not Found: /wordpress/wp-admin/setup-config.php
Not Found: /wordpress/wp-admin/setup-config.php
Not Found: /wp-admin/setup-config.php
Not Found: /wp-admin/setup-config.php
Not Found: /wp-admin/setup-config.php
Not Found: /wordpress/wp-admin/setup-config.php
Not Found: /wordpress/wp-admin/setup-config.php
Not Found: /wp-admin/setup-config.php
Not Found: /wordpress/wp-admin/setup-config.php
Not Found: /wp-admin/setup-config.php
Not Found: /wordpress/wp-admin/setup-config.php
Not Found: /wordpress/wp-admin/setup-config.php
Not Found: /wp-admin/setup-config.php
Not Found: /wordpress/wp-admin/setup-config.php
Not Found: /wp-admin/setup-config.php
Not Found: /wordpress/wp-admin/setup-config.php
Not Found: /wp-admin/setup-config.php
Not Found: /wordpress/wp-admin/setup-config.php
Not Found: /wp-admin/setup-config.php
Not Found: /wp-admin/setup-config.php
Not Found: /wp-admin/setup-config.php
Not Found: /wordpress/wp-admin/setup-config.php
Not Found: /wordpress/wp-admin/setup-config.php
Not Found: /wp-admin/setup-config.php
Not Found: /wp-admin/setup-config.php
Not Found: /wordpress/wp-admin/setup-config.php
Not Found: /wordpress/wp-admin/setup-config.php
Not Found: /wordpress/wp-admin/setup-config.php
Not Found: /wp-admin/setup-config.php
Not Found: /wordpress/wp-admin/setup-config.php
Not Found: /wp-admin/setup-config.php
Not Found: /robots.txt
Not Found: /wordpress/wp-admin/setup-config.php
Not Found: /wp-admin/setup-config.php
Not Found: /wp-admin/setup-config.php
Not Found: /wordpress/wp-admin/setup-config.php
Not Found: /wordpress/wp-admin/setup-config.php
Not Found: /wp-admin/setup-config.php
Not Found: /wp-admin/setup-config.php
Not Found: /wordpress/wp-admin/setup-config.php
Not Found: /wp-admin/setup-config.php
Not Found: /wp-admin/setup-config.php
Not Found: /wordpress/wp-admin/setup-config.php
Not Found: /wordpress/wp-admin/setup-config.php
Not Found: /wordpress/wp-admin/setup-config.php
Not Found: /wp-admin/setup-config.php
Not Found: /wordpress/wp-admin/setup-config.php
Not Found: /wp-admin/setup-config.php
Not Found: /wp-admin/setup-config.php
Not Found: /wordpress/wp-admin/setup-config.php
Not Found: /wp-admin/setup-config.php
Not Found: /wordpress/wp-admin/setup-config.php
Not Found: /wordpress/wp-admin/setup-config.php
Not Found: /wp-admin/setup-config.php
Not Found: /wordpress/wp-admin/setup-config.php
Not Found: /wp-admin/setup-config.php
Not Found: /wp-admin/setup-config.php
Not Found: /wp-admin/setup-config.php
Not Found: /wordpress/wp-admin/setup-config.php
Not Found: /wordpress/wp-admin/setup-config.php
Not Found: /wp-admin/setup-config.php
Not Found: /wordpress/wp-admin/setup-config.php
Not Found: /wp-admin/setup-config.php
Not Found: /wordpress/wp-admin/setup-config.php
Not Found: /wp-admin/setup-config.php
Not Found: /wordpress/wp-admin/setup-config.php
Not Found: /wordpress/wp-admin/setup-config.php
Not Found: /wp-admin/setup-config.php
Not Found: /wp-admin/setup-config.php
Not Found: /wordpress/wp-admin/setup-config.php
Not Found: /wordpress/wp-admin/setup-config.php
Not Found: /wp-admin/setup-config.php
Not Found: /wp-admin/setup-config.php
Not Found: /wordpress/wp-admin/setup-config.php
Not Found: /wp-admin/setup-config.php
Not Found: /wordpress/wp-admin/setup-config.php
Not Found: /wp-admin/setup-config.php
Not Found: /wp-admin/setup-config.php
Not Found: /wordpress/wp-admin/setup-config.php
Not Found: /wordpress/wp-admin/setup-config.php
Not Found: /wp-admin/setup-config.php
Not Found: /wp-admin/setup-config.php
Not Found: /wordpress/wp-admin/setup-config.php
Not Found: /wordpress/wp-admin/setup-config.php
Not Found: /wp-admin/setup-config.php
Not Found: /wordpress/wp-admin/setup-config.php
Not Found: /wordpress/wp-admin/setup-config.php
Not Found: /wp-admin/setup-config.php
Not Found: /wordpress/wp-admin/setup-config.php
Not Found: /wordpress/wp-admin/setup-config.php
Not Found: /wp-admin/setup-config.php
Not Found: /wp-admin/setup-config.php
Not Found: /wordpress/wp-admin/setup-config.php
Not Found: /wp-admin/setup-config.php
Not Found: /wp-admin/setup-config.php
Not Found: /wordpress/wp-admin/setup-config.php
Not Found: /wordpress/wp-admin/setup-config.php
Not Found: /wordpress/wp-admin/setup-config.php
Not Found: /wp-admin/setup-config.php
Not Found: /wp-admin/setup-config.php
Not Found: /robots.txt
Not Found: /wordpress/wp-admin/setup-config.php
Not Found: /wp-admin/setup-config.php
Not Found: /wp-admin/setup-config.php
Not Found: /robots.txt
Not Found: /wordpress/wp-admin/setup-config.php
Not Found: /wordpress/wp-admin/setup-config.php
Not Found: /wordpress/wp-admin/setup-config.php
Not Found: /wp-admin/setup-config.php
Not Found: /wp-admin/setup-config.php
Not Found: /wordpress/wp-admin/setup-config.php
Not Found: /wp-admin/setup-config.php
Not Found: /wordpress/wp-admin/setup-config.php
Not Found: /wp-admin/setup-config.php
Not Found: /wp-admin/setup-config.php
Not Found: /wp-admin/setup-config.php
Not Found: /wordpress/wp-admin/setup-config.php
Not Found: /wordpress/wp-admin/setup-config.php
Not Found: /wordpress/wp-admin/setup-config.php
Not Found: /wp-admin/setup-config.php
Not Found: /wp-admin/setup-config.php
Not Found: /wordpress/wp-admin/setup-config.php
Not Found: /wordpress/wp-admin/setup-config.php
Not Found: /wordpress/wp-admin/setup-config.php
Not Found: /wp-admin/setup-config.php
Not Found: /wp-admin/setup-config.php
Not Found: /wordpress/wp-admin/setup-config.php
Not Found: /wp-admin/setup-config.php
Not Found: /wp-admin/setup-config.php
Not Found: /wordpress/wp-admin/setup-config.php
Not Found: /wp-admin/setup-config.php
Not Found: /wordpress/wp-admin/setup-config.php
Not Found: /wordpress/wp-admin/setup-config.php
Not Found: /wp-admin/setup-config.php
Not Found: /wordpress/wp-admin/setup-config.php
Not Found: /wordpress/wp-admin/setup-config.php
Not Found: /wp-admin/setup-config.php
Not Found: /wp-admin/setup-config.php
Not Found: /wordpress/wp-admin/setup-config.php
Not Found: /wp-admin/setup-config.php
Not Found: /wordpress/wp-admin/setup-config.php
Not Found: /wp-admin/setup-config.php
Not Found: /wp-admin/setup-config.php
Not Found: /wordpress/wp-admin/setup-config.php
Not Found: /wp-admin/setup-config.php
Not Found: /wordpress/wp-admin/setup-config.php
Not Found: /wordpress/wp-admin/setup-config.php
Not Found: /wp-admin/setup-config.php
Not Found: /wordpress/wp-admin/setup-config.php
Not Found: /wp-admin/setup-config.php
Not Found: /wp-admin/setup-config.php
Not Found: /wordpress/wp-admin/setup-config.php
Not Found: /wordpress/wp-admin/setup-config.php
Not Found: /wp-admin/setup-config.php
Not Found: /wp-admin/setup-config.php
Not Found: /wp-admin/setup-config.php
Not Found: /wordpress/wp-admin/setup-config.php
Not Found: /wordpress/wp-admin/setup-config.php
Not Found: /wordpress/wp-admin/setup-config.php
Not Found: /wordpress/wp-admin/setup-config.php
Not Found: /wp-admin/setup-config.php
Not Found: /wp-admin/setup-config.php
Not Found: /wp-admin/setup-config.php
Not Found: /wordpress/wp-admin/setup-config.php
Not Found: /wordpress/wp-admin/setup-config.php
Not Found: /wp-admin/setup-config.php
Not Found: /wordpress/wp-admin/setup-config.php
Not Found: /wp-admin/setup-config.php
Not Found: /wp-admin/setup-config.php
Not Found: /wordpress/wp-admin/setup-config.php
Not Found: /wordpress/wp-admin/setup-config.php
Not Found: /wp-admin/setup-config.php
Not Found: /wordpress/wp-admin/setup-config.php
Not Found: /wp-admin/setup-config.php
Not Found: /wp-admin/setup-config.php
Not Found: /wp-admin/setup-config.php
Not Found: /wordpress/wp-admin/setup-config.php
Not Found: /wordpress/wp-admin/setup-config.php
Not Found: /wp-includes/wlwmanifest.xml
Not Found: /xmlrpc.php
Not Found: /wp-json/wp/v2/users/
Not Found: /wp-json/oembed/1.0/embed
Not Found: /xmlrpc.php
Not Found: /wp-admin/setup-config.php
Not Found: /wp-admin/setup-config.php
Not Found: /wordpress/wp-admin/setup-config.php
Not Found: /wordpress/wp-admin/setup-config.php
Not Found: /wp-admin/setup-config.php
Not Found: /wordpress/wp-admin/setup-config.php
Not Found: /wp-admin/setup-config.php
Not Found: /wordpress/wp-admin/setup-config.php
Not Found: /wp-admin/setup-config.php
Not Found: /wp-admin/setup-config.php
Not Found: /wordpress/wp-admin/setup-config.php
Not Found: /wordpress/wp-admin/setup-config.php
Not Found: /wordpress/wp-admin/setup-config.php
Not Found: /wp-admin/setup-config.php
Not Found: /wordpress/wp-admin/setup-config.php
Not Found: /wp-admin/setup-config.php
Not Found: /wp-admin/setup-config.php
Not Found: /wordpress/wp-admin/setup-config.php
Not Found: /wp-admin/setup-config.php
Not Found: /wordpress/wp-admin/setup-config.php
Not Found: /wordpress/wp-admin/setup-config.php
Not Found: /wp-admin/setup-config.php
Not Found: /wordpress/wp-admin/setup-config.php
Not Found: /wp-admin/setup-config.php
Not Found: /wordpress/wp-admin/setup-config.php
Not Found: /wordpress/wp-admin/setup-config.php
Not Found: /wp-admin/setup-config.php
Not Found: /wordpress/wp-admin/setup-config.php
Not Found: /wp-admin/setup-config.php
Not Found: /wordpress/wp-admin/setup-config.php
Not Found: /wp-admin/setup-config.php
Not Found: /wp-admin/setup-config.php
Not Found: /wordpress/wp-admin/setup-config.php
Not Found: /wp-admin/setup-config.php
Not Found: /wordpress/wp-admin/setup-config.php
Not Found: /wordpress/wp-admin/setup-config.php
Not Found: /wp-admin/setup-config.php
Not Found: /wordpress/wp-admin/setup-config.php
Not Found: /wp-admin/setup-config.php
Not Found: /wordpress/wp-admin/setup-config.php
Not Found: /wp-admin/setup-config.php
Not Found: /wordpress/wp-admin/setup-config.php
Not Found: /wp-admin/setup-config.php
Not Found: /wp-admin/setup-config.php
Not Found: /wordpress/wp-admin/setup-config.php
Not Found: /wp-admin/setup-config.php
Not Found: /wp-admin/setup-config.php
Not Found: /wordpress/wp-admin/setup-config.php
Not Found: /wordpress/wp-admin/setup-config.php
Not Found: /robots.txt
Not Found: /wordpress/wp-admin/setup-config.php
Not Found: /wp-admin/setup-config.php
Not Found: /wp-admin/setup-config.php
Not Found: /wordpress/wp-admin/setup-config.php
Not Found: /wp-admin/setup-config.php
Not Found: /wordpress/wp-admin/setup-config.php
Not Found: /wp-admin/setup-config.php
Not Found: /wordpress/wp-admin/setup-config.php
Not Found: /wordpress/wp-admin/setup-config.php
Not Found: /wp-admin/setup-config.php
Not Found: /wordpress/wp-admin/setup-config.php
Not Found: /wp-admin/setup-config.php
Not Found: /wordpress/wp-admin/setup-config.php
Not Found: /wordpress/wp-admin/setup-config.php
Not Found: /wp-admin/setup-config.php
Not Found: /wp-admin/setup-config.php
Not Found: /wordpress/wp-admin/setup-config.php
Not Found: /wp-admin/setup-config.php
Not Found: /wordpress/wp-admin/setup-config.php
Not Found: /wp-admin/setup-config.php
Not Found: /wp-admin/setup-config.php
Not Found: /wp-admin/setup-config.php
Not Found: /wordpress/wp-admin/setup-config.php
Not Found: /wp-admin/setup-config.php
Not Found: /wordpress/wp-admin/setup-config.php
Not Found: /wp-admin/setup-config.php
Not Found: /wordpress/wp-admin/setup-config.php
Not Found: /wordpress/wp-admin/setup-config.php
Not Found: /wp-admin/setup-config.php
Not Found: /robots.txt
Not Found: /wp-admin/setup-config.php
Not Found: /wp-admin/setup-config.php
Not Found: /wordpress/wp-admin/setup-config.php
Not Found: /wordpress/wp-admin/setup-config.php
Not Found: /wp-admin/setup-config.php
Not Found: /wp-admin/setup-config.php
Not Found: /wordpress/wp-admin/setup-config.php
Not Found: /wordpress/wp-admin/setup-config.php
Not Found: /wordpress/wp-admin/setup-config.php
Not Found: /wp-admin/setup-config.php
Not Found: /wp-admin/setup-config.php
Not Found: /wordpress/wp-admin/setup-config.php
Not Found: /wordpress/wp-admin/setup-config.php
Not Found: /wp-admin/setup-config.php
Not Found: /wordpress/wp-admin/setup-config.php
Not Found: /wp-admin/setup-config.php
Not Found: /wp-admin/setup-config.php
Not Found: /wp-admin/setup-config.php
Not Found: /wp-admin/setup-config.php
Not Found: /wordpress/wp-admin/setup-config.php
Not Found: /wordpress/wp-admin/setup-config.php
Not Found: /wordpress/wp-admin/setup-config.php
Not Found: /wp-admin/setup-config.php
Not Found: /wp-admin/setup-config.php
Not Found: /wp-admin/setup-config.php
Not Found: /wordpress/wp-admin/setup-config.php
Not Found: /wordpress/wp-admin/setup-config.php
Not Found: /wp-admin/setup-config.php
Not Found: /wordpress/wp-admin/setup-config.php
Not Found: /wp-admin/setup-config.php
Not Found: /wordpress/wp-admin/setup-config.php
Not Found: /wordpress/wp-admin/setup-config.php
Not Found: /wp-admin/setup-config.php
Not Found: /wordpress/wp-admin/setup-config.php
Not Found: /wp-admin/setup-config.php
Not Found: /wordpress/wp-admin/setup-config.php
Not Found: /wp-admin/setup-config.php
Not Found: /wordpress/wp-admin/setup-config.php
Not Found: /wp-admin/setup-config.php
Not Found: /wordpress/wp-admin/setup-config.php
Not Found: /wp-admin/setup-config.php
Not Found: /wordpress/wp-admin/setup-config.php
Not Found: /wp-admin/setup-config.php
Not Found: /wordpress/wp-admin/setup-config.php
Not Found: /wordpress/wp-admin/setup-config.php
Not Found: /wp-admin/setup-config.php
Not Found: /wp-admin/setup-config.php
Not Found: /robots.txt
Not Found: /wp-admin/setup-config.php
Not Found: /wordpress/wp-admin/setup-config.php
Not Found: /wp-admin/setup-config.php
Not Found: /wordpress/wp-admin/setup-config.php
Not Found: /wordpress/wp-admin/setup-config.php
Not Found: /wp-admin/setup-config.php
Not Found: /wordpress/wp-admin/setup-config.php
Not Found: /wp-admin/setup-config.php
Not Found: /wordpress/wp-admin/setup-config.php
Not Found: /wp-admin/setup-config.php
Not Found: /wp-admin/setup-config.php
Not Found: /wordpress/wp-admin/setup-config.php
Not Found: /wordpress/wp-admin/setup-config.php
Not Found: /wp-admin/setup-config.php
Not Found: /wordpress/wp-admin/setup-config.php
Not Found: /wp-admin/setup-config.php
Not Found: /wp-admin/setup-config.php
Not Found: /wordpress/wp-admin/setup-config.php
Not Found: /wp-admin/setup-config.php
Not Found: /wordpress/wp-admin/setup-config.php
Not Found: /wordpress/wp-admin/setup-config.php
Not Found: /wp-admin/setup-config.php
Not Found: /wordpress/wp-admin/setup-config.php
Not Found: /wp-admin/setup-config.php
Not Found: /wp-admin/setup-config.php
Not Found: /wordpress/wp-admin/setup-config.php
Not Found: /wordpress/wp-admin/setup-config.php
Not Found: /wp-admin/setup-config.php
Not Found: /wp-admin/setup-config.php
Not Found: /wordpress/wp-admin/setup-config.php
Not Found: /wp-admin/setup-config.php
Not Found: /wordpress/wp-admin/setup-config.php
Not Found: /wp-admin/setup-config.php
Not Found: /wordpress/wp-admin/setup-config.php
Not Found: /wp-admin/setup-config.php
Not Found: /wordpress/wp-admin/setup-config.php
Not Found: /wp-admin/setup-config.php
Not Found: /wordpress/wp-admin/setup-config.php
Not Found: /wordpress/wp-admin/setup-config.php
Not Found: /wp-admin/setup-config.php
Not Found: /wp-admin/setup-config.php
Not Found: /wordpress/wp-admin/setup-config.php
Not Found: /wp-admin/setup-config.php
Not Found: /wordpress/wp-admin/setup-config.php
Not Found: /wordpress/wp-admin/setup-config.php
Not Found: /wp-admin/setup-config.php
Not Found: /wordpress/wp-admin/setup-config.php
Not Found: /wp-admin/setup-config.php
Not Found: /wordpress/wp-admin/setup-config.php
Not Found: /wp-admin/setup-config.php
Not Found: /wordpress/wp-admin/setup-config.php
Not Found: /wp-admin/setup-config.php
Not Found: /wordpress/wp-admin/setup-config.php
Not Found: /wp-admin/setup-config.php
Not Found: /wordpress/wp-admin/setup-config.php
Not Found: /wp-admin/setup-config.php
Not Found: /wordpress/wp-admin/setup-config.php
Not Found: /wordpress/wp-admin/setup-config.php
Not Found: /wp-admin/setup-config.php
Not Found: /wordpress/wp-admin/setup-config.php
Not Found: /wp-admin/setup-config.php
Not Found: /wordpress/wp-admin/setup-config.php
Not Found: /wordpress/wp-admin/setup-config.php
Not Found: /wp-admin/setup-config.php
Not Found: /wordpress/wp-admin/setup-config.php
Not Found: /wp-admin/setup-config.php
Not Found: /wordpress/wp-admin/setup-config.php
Not Found: /wp-admin/setup-config.php
Not Found: /wp-admin/setup-config.php
Not Found: /wordpress/wp-admin/setup-config.php
Not Found: /wp-admin/setup-config.php
Not Found: /wp-admin/setup-config.php
Not Found: /wordpress/wp-admin/setup-config.php
Not Found: /wordpress/wp-admin/setup-config.php
Not Found: /wp-admin/setup-config.php
Not Found: /wp-admin/setup-config.php
Not Found: /wordpress/wp-admin/setup-config.php
Not Found: /wordpress/wp-admin/setup-config.php
Not Found: /wp-admin/setup-config.php
Not Found: /wordpress/wp-admin/setup-config.php
Not Found: /wp-admin/setup-config.php
Not Found: /wordpress/wp-admin/setup-config.php
Not Found: /.well-known/traffic-advice
Not Found: /wp-admin/setup-config.php
Not Found: /wordpress/wp-admin/setup-config.php
Not Found: /wordpress/wp-admin/setup-config.php
Not Found: /wp-admin/setup-config.php
Not Found: /wordpress/wp-admin/setup-config.php
Not Found: /wp-admin/setup-config.php
Not Found: /wordpress/wp-admin/setup-config.php
Not Found: /wp-admin/setup-config.php
Not Found: /wp-admin/setup-config.php
Not Found: /wordpress/wp-admin/setup-config.php
Not Found: /wp-admin/setup-config.php
Not Found: /wordpress/wp-admin/setup-config.php
Not Found: /wordpress/wp-admin/setup-config.php
Not Found: /wp-admin/setup-config.php
Not Found: /wordpress/wp-admin/setup-config.php
Not Found: /wp-admin/setup-config.php
Not Found: /wordpress/wp-admin/setup-config.php
Not Found: /wp-admin/setup-config.php
Not Found: /wp-admin/setup-config.php
Not Found: /wordpress/wp-admin/setup-config.php
Not Found: /wp-admin/setup-config.php
Not Found: /wp-admin/setup-config.php
Not Found: /wordpress/wp-admin/setup-config.php
Not Found: /wordpress/wp-admin/setup-config.php
Not Found: /wordpress/wp-admin/setup-config.php
Not Found: /wp-admin/setup-config.php
Not Found: /robots.txt
Not Found: /wordpress/wp-admin/setup-config.php
Not Found: /wp-admin/setup-config.php
Not Found: /wp-admin/setup-config.php
Not Found: /wordpress/wp-admin/setup-config.php
Not Found: /wordpress/wp-admin/setup-config.php
Not Found: /wp-admin/setup-config.php
Not Found: /wordpress/wp-admin/setup-config.php
Not Found: /wp-admin/setup-config.php
Not Found: /wp-admin/setup-config.php
Not Found: /wordpress/wp-admin/setup-config.php
Not Found: /wordpress/wp-admin/setup-config.php
Not Found: /wp-admin/setup-config.php
Not Found: /wp-admin/setup-config.php
Not Found: /wordpress/wp-admin/setup-config.php
Not Found: /wp-admin/setup-config.php
Not Found: /wordpress/wp-admin/setup-config.php
Not Found: /wp-admin/setup-config.php
Not Found: /wordpress/wp-admin/setup-config.php
Not Found: /wp-admin/setup-config.php
Not Found: /wordpress/wp-admin/setup-config.php
Not Found: /wp-admin/setup-config.php
Not Found: /wordpress/wp-admin/setup-config.php
Not Found: /robots.txt
Not Found: /wordpress/wp-admin/setup-config.php
Not Found: /wp-admin/setup-config.php
Not Found: /wp-admin/setup-config.php
Not Found: /wordpress/wp-admin/setup-config.php
Not Found: /wp-admin/setup-config.php
Not Found: /wordpress/wp-admin/setup-config.php
Not Found: /wp-admin/setup-config.php
Not Found: /wp-admin/setup-config.php
Not Found: /wordpress/wp-admin/setup-config.php
Not Found: /wordpress/wp-admin/setup-config.php
Not Found: /wp-admin/setup-config.php
Not Found: /wp-admin/setup-config.php
Not Found: /wordpress/wp-admin/setup-config.php
Not Found: /wordpress/wp-admin/setup-config.php
Not Found: /wp-admin/setup-config.php
Not Found: /wordpress/wp-admin/setup-config.php
Not Found: /wp-admin/setup-config.php
Not Found: /wordpress/wp-admin/setup-config.php
Not Found: /wp-admin/setup-config.php
Not Found: /wp-admin/setup-config.php
Not Found: /wordpress/wp-admin/setup-config.php
Not Found: /wordpress/wp-admin/setup-config.php
Not Found: /wp-admin/setup-config.php
Not Found: /wordpress/wp-admin/setup-config.php
Not Found: /wordpress/wp-admin/setup-config.php
Not Found: /wp-login.php
Not Found: /wp-admin/setup-config.php
Not Found: /wp-admin/setup-config.php
Not Found: /wordpress/wp-admin/setup-config.php
Not Found: /wp-admin/setup-config.php
Not Found: /wp-admin/setup-config.php
Not Found: /wordpress/wp-admin/setup-config.php
Not Found: /wp-admin/setup-config.php
Not Found: /wordpress/wp-admin/setup-config.php
Not Found: /wordpress/wp-admin/setup-config.php
Not Found: /wp-admin/setup-config.php
Not Found: /wp-admin/setup-config.php
Not Found: /wordpress/wp-admin/setup-config.php
Not Found: /wordpress/wp-admin/setup-config.php
Not Found: /wp-admin/setup-config.php
Not Found: /wordpress/wp-admin/setup-config.php
Not Found: /wp-admin/setup-config.php
Not Found: /wp-admin/setup-config.php
Not Found: /wordpress/wp-admin/setup-config.php
Not Found: /wp-admin/setup-config.php
Not Found: /wordpress/wp-admin/setup-config.php
Not Found: /wp-admin/setup-config.php
Not Found: /wordpress/wp-admin/setup-config.php
Not Found: /wordpress/wp-admin/setup-config.php
Not Found: /wp-admin/setup-config.php
Not Found: /wordpress/wp-admin/setup-config.php
Not Found: /wp-admin/setup-config.php
Not Found: /wordpress/wp-admin/setup-config.php
Not Found: /wp-admin/setup-config.php
Not Found: /wordpress/wp-admin/setup-config.php
Not Found: /wp-includes/wlwmanifest.xml
Not Found: /xmlrpc.php
Not Found: /wp-json/wp/v2/users/
Not Found: /wp-json/oembed/1.0/embed
Not Found: /xmlrpc.php
Not Found: /wordpress/wp-admin/setup-config.php
Not Found: /wp-admin/setup-config.php
Not Found: /wp-admin/setup-config.php
Not Found: /wp-admin/setup-config.php
Not Found: /wordpress/wp-admin/setup-config.php
Not Found: /wordpress/wp-admin/setup-config.php
Not Found: /wordpress/wp-admin/setup-config.php
Not Found: /wp-admin/setup-config.php
Not Found: /wp-admin/setup-config.php
Not Found: /wordpress/wp-admin/setup-config.php
Not Found: /robots.txt
Not Found: /robots.txt
Not Found: /favicon.ico
Not Found: /wordpress/wp-admin/setup-config.php
Not Found: /wp-admin/setup-config.php
Not Found: /wordpress/wp-admin/setup-config.php
Not Found: /wp-admin/setup-config.php
Not Found: /wordpress/wp-admin/setup-config.php
Not Found: /wp-admin/setup-config.php
Not Found: /wp-admin/setup-config.php
Not Found: /wordpress/wp-admin/setup-config.php
Not Found: /wp-admin/setup-config.php
Not Found: /wordpress/wp-admin/setup-config.php
Not Found: /wp-admin/setup-config.php
Not Found: /wordpress/wp-admin/setup-config.php
Not Found: /wp-admin/setup-config.php
Not Found: /wordpress/wp-admin/setup-config.php
Not Found: /wordpress/wp-admin/setup-config.php
Not Found: /wp-admin/setup-config.php
Not Found: /wp-admin/setup-config.php
Not Found: /wordpress/wp-admin/setup-config.php
Not Found: /wp-admin/setup-config.php
Not Found: /wordpress/wp-admin/setup-config.php
Not Found: /wp-admin/setup-config.php
Not Found: /wp-admin/setup-config.php
Not Found: /wordpress/wp-admin/setup-config.php
Not Found: /wordpress/wp-admin/setup-config.php
Not Found: /wp-admin/setup-config.php
Not Found: /wp-admin/setup-config.php
Not Found: /wordpress/wp-admin/setup-config.php
Not Found: /wordpress/wp-admin/setup-config.php
Not Found: /wordpress/wp-admin/setup-config.php
Not Found: /wp-admin/setup-config.php
Not Found: /wordpress/wp-admin/setup-config.php
Not Found: /wp-admin/setup-config.php
Not Found: /wp-admin/setup-config.php
Not Found: /wp-admin/setup-config.php
Not Found: /wordpress/wp-admin/setup-config.php
Not Found: /wordpress/wp-admin/setup-config.php
Not Found: /wordpress/wp-admin/setup-config.php
Not Found: /wordpress/wp-admin/setup-config.php
Not Found: /wp-admin/setup-config.php
Not Found: /wp-admin/setup-config.php
Not Found: /wp-admin/setup-config.php
Not Found: /wordpress/wp-admin/setup-config.php
Not Found: /wordpress/wp-admin/setup-config.php
Not Found: /wp-admin/setup-config.php
Not Found: /wp-admin/setup-config.php
Not Found: /wordpress/wp-admin/setup-config.php
Not Found: /wp-admin/setup-config.php
Not Found: /wordpress/wp-admin/setup-config.php
Not Found: /wordpress/wp-admin/setup-config.php
Not Found: /wordpress/wp-admin/setup-config.php
Not Found: /wp-admin/setup-config.php
Not Found: /wp-admin/setup-config.php
Not Found: /wp-admin/setup-config.php
Not Found: /wp-admin/setup-config.php
Not Found: /wordpress/wp-admin/setup-config.php
Not Found: /wordpress/wp-admin/setup-config.php
Not Found: /wp-admin/setup-config.php
Not Found: /wordpress/wp-admin/setup-config.php
Not Found: /wordpress/wp-admin/setup-config.php
Not Found: /wp-admin/setup-config.php
Not Found: /wp-admin/setup-config.php
Not Found: /wordpress/wp-admin/setup-config.php
Not Found: /wp-admin/setup-config.php
Not Found: /wordpress/wp-admin/setup-config.php
Not Found: /wp-admin/setup-config.php
Not Found: /wordpress/wp-admin/setup-config.php
Not Found: /wp-admin/setup-config.php
Not Found: /wordpress/wp-admin/setup-config.php
Not Found: /robots.txt
Not Found: /favicon.ico
Not Found: /wordpress/wp-admin/setup-config.php
Not Found: /wordpress/wp-admin/setup-config.php
Not Found: /wp-admin/setup-config.php
Not Found: /wp-admin/setup-config.php
Not Found: /wordpress/wp-admin/setup-config.php
Not Found: /wp-admin/setup-config.php
Not Found: /wordpress/wp-admin/setup-config.php
Not Found: /wp-admin/setup-config.php
Not Found: /wordpress/wp-admin/setup-config.php
Not Found: /wp-admin/setup-config.php
Not Found: /wp-admin/setup-config.php
Not Found: /wordpress/wp-admin/setup-config.php
Not Found: /wordpress/wp-admin/setup-config.php
Not Found: /wp-admin/setup-config.php
Not Found: /wordpress/wp-admin/setup-config.php
Not Found: /robots.txt
Not Found: /wp-admin/setup-config.php
Not Found: /wp-admin/setup-config.php
Not Found: /wordpress/wp-admin/setup-config.php
Not Found: /wordpress/wp-admin/setup-config.php
Not Found: /wp-admin/setup-config.php
Not Found: /wordpress/wp-admin/setup-config.php
Not Found: /wordpress/wp-admin/setup-config.php
Not Found: /wp-admin/setup-config.php
Not Found: /wp-admin/setup-config.php
Not Found: /wordpress/wp-admin/setup-config.php
Not Found: /wp-admin/setup-config.php
Not Found: /wordpress/wp-admin/setup-config.php
Not Found: /wp-admin/setup-config.php
Not Found: /wordpress/wp-admin/setup-config.php
Not Found: /wp-admin/setup-config.php
Not Found: /wordpress/wp-admin/setup-config.php
Not Found: /wp-admin/setup-config.php
Not Found: /wordpress/wp-admin/setup-config.php
Not Found: /wp-admin/setup-config.php
Not Found: /wordpress/wp-admin/setup-config.php
Not Found: /wp-admin/setup-config.php
Not Found: /wordpress/wp-admin/setup-config.php
Not Found: /wp-admin/setup-config.php
Not Found: /wp-admin/setup-config.php
Not Found: /wordpress/wp-admin/setup-config.php
Not Found: /wordpress/wp-admin/setup-config.php
Not Found: /wp-admin/setup-config.php
Not Found: /wordpress/wp-admin/setup-config.php
Not Found: /wp-admin/setup-config.php
Not Found: /wordpress/wp-admin/setup-config.php
Not Found: /wordpress/wp-admin/setup-config.php
Not Found: /wp-admin/setup-config.php
Not Found: /wp-admin/setup-config.php
Not Found: /wordpress/wp-admin/setup-config.php
Not Found: /wordpress/wp-admin/setup-config.php
Not Found: /wp-admin/setup-config.php
Not Found: /wp-admin/setup-config.php
Not Found: /wordpress/wp-admin/setup-config.php
Not Found: /wordpress/wp-admin/setup-config.php
Not Found: /wp-admin/setup-config.php
Not Found: /wp-admin/setup-config.php
Not Found: /wp-admin/setup-config.php
Not Found: /wordpress/wp-admin/setup-config.php
Not Found: /wordpress/wp-admin/setup-config.php
Not Found: /wordpress/wp-admin/setup-config.php
Not Found: /wordpress/wp-admin/setup-config.php
Not Found: /wp-admin/setup-config.php
Not Found: /wp-admin/setup-config.php
Not Found: /wp-admin/setup-config.php
Not Found: /wp-admin/setup-config.php
Not Found: /wordpress/wp-admin/setup-config.php
Not Found: /wordpress/wp-admin/setup-config.php
Not Found: /wordpress/wp-admin/setup-config.php
Not Found: /wp-admin/setup-config.php
Not Found: /wp-admin/setup-config.php
Not Found: /wordpress/wp-admin/setup-config.php
Not Found: /wordpress/wp-admin/setup-config.php
Not Found: /wp-admin/setup-config.php
Not Found: /wp-admin/setup-config.php
Not Found: /wordpress/wp-admin/setup-config.php
Not Found: /wordpress/wp-admin/setup-config.php
Not Found: /wordpress/wp-admin/setup-config.php
Not Found: /wp-admin/setup-config.php
Not Found: /wp-admin/setup-config.php
Not Found: /wordpress/wp-admin/setup-config.php
Not Found: /wp-admin/setup-config.php
Not Found: /wp-admin/setup-config.php
Not Found: /wordpress/wp-admin/setup-config.php
Not Found: /wp-admin/setup-config.php
Not Found: /wordpress/wp-admin/setup-config.php
Not Found: /wp-admin/setup-config.php
Not Found: /wordpress/wp-admin/setup-config.php
Not Found: /wordpress/wp-admin/setup-config.php
Not Found: /wp-admin/setup-config.php
Not Found: /wordpress/wp-admin/setup-config.php
Not Found: /wp-admin/setup-config.php
Not Found: /wp-admin/setup-config.php
Not Found: /wordpress/wp-admin/setup-config.php
Not Found: /wp-admin/setup-config.php
Not Found: /wordpress/wp-admin/setup-config.php
Not Found: /wordpress/wp-admin/setup-config.php
Not Found: /wp-admin/setup-config.php
Not Found: /wp-admin/setup-config.php
Not Found: /wordpress/wp-admin/setup-config.php
Not Found: /wp-admin/setup-config.php
Not Found: /wordpress/wp-admin/setup-config.php
Not Found: /wordpress/wp-admin/setup-config.php
Not Found: /wp-admin/setup-config.php
Not Found: /wp-admin/setup-config.php
Not Found: /wordpress/wp-admin/setup-config.php
Not Found: /wordpress/wp-admin/setup-config.php
Not Found: /wp-admin/setup-config.php
Not Found: /wp-admin/setup-config.php
Not Found: /wordpress/wp-admin/setup-config.php
Not Found: /wp-admin/setup-config.php
Not Found: /wordpress/wp-admin/setup-config.php
Not Found: /wp-admin/setup-config.php
Not Found: /wp-admin/setup-config.php
Not Found: /wordpress/wp-admin/setup-config.php
Not Found: /wordpress/wp-admin/setup-config.php
Not Found: /wp-admin/setup-config.php
Not Found: /wordpress/wp-admin/setup-config.php
Not Found: /wp-admin/setup-config.php
Not Found: /wordpress/wp-admin/setup-config.php
Not Found: /wp-admin/setup-config.php
Not Found: /wp-admin/setup-config.php
Not Found: /robots.txt
Not Found: /wordpress/wp-admin/setup-config.php
Not Found: /wp-admin/setup-config.php
Not Found: /wordpress/wp-admin/setup-config.php
Not Found: /wp-admin/setup-config.php
Not Found: /wp-admin/setup-config.php
Not Found: /wordpress/wp-admin/setup-config.php
Not Found: /wordpress/wp-admin/setup-config.php
Not Found: /wordpress/wp-admin/setup-config.php
Not Found: /wp-admin/setup-config.php
Not Found: /wordpress/wp-admin/setup-config.php
Not Found: /wp-admin/setup-config.php
Not Found: /wordpress/wp-admin/setup-config.php
Not Found: /wordpress/wp-admin/setup-config.php
Not Found: /wp-admin/setup-config.php
Not Found: /wp-admin/setup-config.php
Not Found: /wordpress/wp-admin/setup-config.php
Not Found: /wordpress/wp-admin/setup-config.php
Not Found: /wp-admin/setup-config.php
Not Found: /wp-admin/setup-config.php
Not Found: /wordpress/wp-admin/setup-config.php
Not Found: /wordpress/wp-admin/setup-config.php
Not Found: /wp-admin/setup-config.php
Not Found: /wp-admin/setup-config.php
Not Found: /robots.txt
Not Found: /wp-admin/setup-config.php
Not Found: /wp-admin/setup-config.php
Not Found: /wordpress/wp-admin/setup-config.php
Not Found: /wordpress/wp-admin/setup-config.php
Not Found: /wp-admin/setup-config.php
Not Found: /wp-admin/setup-config.php
Not Found: /wordpress/wp-admin/setup-config.php
Not Found: /wordpress/wp-admin/setup-config.php
Not Found: /wordpress/wp-admin/setup-config.php
Not Found: /wordpress/wp-admin/setup-config.php
Not Found: /wp-admin/setup-config.php
Not Found: /wp-admin/setup-config.php
Not Found: /wp-admin/setup-config.php
Not Found: /wordpress/wp-admin/setup-config.php
Not Found: /wp-admin/setup-config.php
Not Found: /wordpress/wp-admin/setup-config.php
Not Found: /wordpress/wp-admin/setup-config.php
Not Found: /wp-admin/setup-config.php
Not Found: /wordpress/wp-admin/setup-config.php
Not Found: /wp-admin/setup-config.php
Not Found: /wordpress/wp-admin/setup-config.php
Not Found: /wp-admin/setup-config.php
Not Found: /wordpress/wp-admin/setup-config.php
Not Found: /wp-admin/setup-config.php
Not Found: /wordpress/wp-admin/setup-config.php
Not Found: /wp-admin/setup-config.php
Not Found: /wordpress/wp-admin/setup-config.php
Not Found: /wp-admin/setup-config.php
Not Found: /wordpress/wp-admin/setup-config.php
Not Found: /wp-admin/setup-config.php
Not Found: /wordpress/wp-admin/setup-config.php
Not Found: /wp-admin/setup-config.php
Not Found: /wp-admin/setup-config.php
Not Found: /wp-admin/setup-config.php
Not Found: /wordpress/wp-admin/setup-config.php
Not Found: /wordpress/wp-admin/setup-config.php
Not Found: /wp-admin/setup-config.php
Not Found: /wp-admin/setup-config.php
Not Found: /wordpress/wp-admin/setup-config.php
Not Found: /wordpress/wp-admin/setup-config.php
Not Found: /wp-admin/setup-config.php
Not Found: /wp-admin/setup-config.php
Not Found: /wordpress/wp-admin/setup-config.php
Not Found: /wordpress/wp-admin/setup-config.php
Not Found: /wp-admin/setup-config.php
Not Found: /wordpress/wp-admin/setup-config.php
Not Found: /wp-admin/setup-config.php
Not Found: /wordpress/wp-admin/setup-config.php
Not Found: /wordpress/wp-admin/setup-config.php
Not Found: /wp-admin/setup-config.php
Not Found: /wordpress/wp-admin/setup-config.php
Not Found: /wp-admin/setup-config.php
Not Found: /wp-admin/setup-config.php
Not Found: /wordpress/wp-admin/setup-config.php
Not Found: /wp-admin/setup-config.php
Not Found: /wordpress/wp-admin/setup-config.php
Not Found: /wordpress/wp-admin/setup-config.php
Not Found: /wp-admin/setup-config.php
Not Found: /robots.txt
Not Found: /wp-admin/setup-config.php
Not Found: /wordpress/wp-admin/setup-config.php
Not Found: /wp-admin/setup-config.php
Not Found: /wordpress/wp-admin/setup-config.php
Not Found: /wordpress/wp-admin/setup-config.php
Not Found: /wp-admin/setup-config.php
Not Found: /wp-admin/setup-config.php
Not Found: /wordpress/wp-admin/setup-config.php
Not Found: /wordpress/wp-admin/setup-config.php
Not Found: /wp-admin/setup-config.php
Not Found: /wordpress/wp-admin/setup-config.php
Not Found: /wp-admin/setup-config.php
Not Found: /wordpress/wp-admin/setup-config.php
Not Found: /wp-admin/setup-config.php
Not Found: /wordpress/wp-admin/setup-config.php
Not Found: /wp-admin/setup-config.php
Not Found: /wp-admin/setup-config.php
Not Found: /wordpress/wp-admin/setup-config.php
Not Found: /wp-admin/setup-config.php
Not Found: /wordpress/wp-admin/setup-config.php
Not Found: /wp-admin/setup-config.php
Not Found: /wordpress/wp-admin/setup-config.php
Not Found: /wp-admin/setup-config.php
Not Found: /wordpress/wp-admin/setup-config.php
Not Found: /wordpress/wp-admin/setup-config.php
Not Found: /wordpress/wp-admin/setup-config.php
Not Found: /wp-admin/setup-config.php
Not Found: /wp-admin/setup-config.php
Not Found: /wordpress/wp-admin/setup-config.php
Not Found: /wp-admin/setup-config.php
Not Found: /wordpress/wp-admin/setup-config.php
Not Found: /wp-admin/setup-config.php
Not Found: /wordpress/wp-admin/setup-config.php
Not Found: /wp-admin/setup-config.php
Not Found: /wordpress/wp-admin/setup-config.php
Not Found: /wp-admin/setup-config.php
Not Found: /wp-admin/setup-config.php
Not Found: /wordpress/wp-admin/setup-config.php
Not Found: /wp-admin/setup-config.php
Not Found: /wordpress/wp-admin/setup-config.php
Not Found: /wp-admin/setup-config.php
Not Found: /wordpress/wp-admin/setup-config.php
Not Found: /wordpress/wp-admin/setup-config.php
Not Found: /wp-admin/setup-config.php
Not Found: /wp-admin/setup-config.php
Not Found: /wordpress/wp-admin/setup-config.php
Not Found: /wordpress/wp-admin/setup-config.php
Not Found: /wp-admin/setup-config.php
Not Found: /wp-admin/setup-config.php
Not Found: /wordpress/wp-admin/setup-config.php
Not Found: /wp-admin/setup-config.php
Not Found: /wordpress/wp-admin/setup-config.php
Not Found: /wordpress/wp-admin/setup-config.php
Not Found: /wp-admin/setup-config.php
Not Found: /wp-admin/setup-config.php
Not Found: /wordpress/wp-admin/setup-config.php
Not Found: /wp-admin/setup-config.php
Not Found: /wordpress/wp-admin/setup-config.php
Not Found: /wp-admin/setup-config.php
Not Found: /wordpress/wp-admin/setup-config.php
Not Found: /wordpress/wp-admin/setup-config.php
Not Found: /wp-admin/setup-config.php
Not Found: /wordpress/wp-admin/setup-config.php
Not Found: /wp-admin/setup-config.php
Not Found: /wp-admin/setup-config.php
Not Found: /wp-admin/setup-config.php
Not Found: /wordpress/wp-admin/setup-config.php
Not Found: /wordpress/wp-admin/setup-config.php
Not Found: /wordpress/wp-admin/setup-config.php
Not Found: /wordpress/wp-admin/setup-config.php
Not Found: /wp-admin/setup-config.php
Not Found: /wp-admin/setup-config.php
Not Found: /wordpress/wp-admin/setup-config.php
Not Found: /wp-admin/setup-config.php
Not Found: /wp-admin/setup-config.php
Not Found: /wp-admin/setup-config.php
Not Found: /wordpress/wp-admin/setup-config.php
Not Found: /wordpress/wp-admin/setup-config.php
Not Found: /wp-admin/setup-config.php
Not Found: /wordpress/wp-admin/setup-config.php
Not Found: /wp-admin/setup-config.php
Not Found: /wordpress/wp-admin/setup-config.php
Not Found: /wordpress/wp-admin/setup-config.php
Not Found: /wp-admin/setup-config.php
Not Found: /wp-admin/setup-config.php
Not Found: /wordpress/wp-admin/setup-config.php
Not Found: /wordpress/wp-admin/setup-config.php
Not Found: /wp-admin/setup-config.php
Not Found: /wp-admin/setup-config.php
Not Found: /wordpress/wp-admin/setup-config.php
Not Found: /wordpress/wp-admin/setup-config.php
Not Found: /wp-admin/setup-config.php
Not Found: /wp-admin/setup-config.php
Not Found: /wordpress/wp-admin/setup-config.php
Not Found: /wp-admin/setup-config.php
Not Found: /wordpress/wp-admin/setup-config.php
Not Found: /wordpress/wp-admin/setup-config.php
Not Found: /wp-admin/setup-config.php
Not Found: /wordpress/wp-admin/setup-config.php
Not Found: /wp-admin/setup-config.php
Not Found: /wp-admin/setup-config.php
Not Found: /wordpress/wp-admin/setup-config.php
Not Found: /wp-admin/setup-config.php
Not Found: /wp-admin/setup-config.php
Not Found: /wordpress/wp-admin/setup-config.php
Not Found: /wp-admin/setup-config.php
Not Found: /wordpress/wp-admin/setup-config.php
Not Found: /wordpress/wp-admin/setup-config.php
Not Found: /wp-admin/setup-config.php
Not Found: /wp-admin/setup-config.php
Not Found: /wordpress/wp-admin/setup-config.php
Not Found: /wp-admin/setup-config.php
Not Found: /wordpress/wp-admin/setup-config.php
Not Found: /wp-admin/setup-config.php
Not Found: /wp-admin/setup-config.php
Not Found: /wordpress/wp-admin/setup-config.php
Not Found: /wordpress/wp-admin/setup-config.php
Not Found: /wp-admin/setup-config.php
Not Found: /wp-admin/setup-config.php
Not Found: /wp-admin/setup-config.php
Not Found: /wp-admin/setup-config.php
Not Found: /wordpress/wp-admin/setup-config.php
Not Found: /wordpress/wp-admin/setup-config.php
Not Found: /wp-admin/setup-config.php
Not Found: /wp-admin/setup-config.php
Not Found: /wordpress/wp-admin/setup-config.php
Not Found: /wordpress/wp-admin/setup-config.php
Not Found: /wp-admin/setup-config.php
Not Found: /wordpress/wp-admin/setup-config.php
Not Found: /wordpress/wp-admin/setup-config.php
Not Found: /wp-admin/setup-config.php
Not Found: /wordpress/wp-admin/setup-config.php
Not Found: /wp-admin/setup-config.php
Not Found: /wp-admin/setup-config.php
Not Found: /wordpress/wp-admin/setup-config.php
Not Found: /wordpress/wp-admin/setup-config.php
Not Found: /wp-admin/setup-config.php
Not Found: /wordpress/wp-admin/setup-config.php
Not Found: /wp-admin/setup-config.php
Not Found: /wp-admin/setup-config.php
Not Found: /wordpress/wp-admin/setup-config.php
Not Found: /wordpress/wp-admin/setup-config.php
Not Found: /wp-admin/setup-config.php
Not Found: /wp-admin/setup-config.php
Not Found: /wp-admin/setup-config.php
Not Found: /wordpress/wp-admin/setup-config.php
Not Found: /wordpress/wp-admin/setup-config.php
Not Found: /wordpress/wp-admin/setup-config.php
Not Found: /wordpress/wp-admin/setup-config.php
Not Found: /wp-admin/setup-config.php
Not Found: /wp-admin/setup-config.php
Not Found: /wp-admin/setup-config.php
Not Found: /wordpress/wp-admin/setup-config.php
Not Found: /wp-admin/setup-config.php
Not Found: /wordpress/wp-admin/setup-config.php
Not Found: /wp-admin/setup-config.php
Not Found: /wp-admin/setup-config.php
Not Found: /wp-admin/setup-config.php
Not Found: /wordpress/wp-admin/setup-config.php
Not Found: /wordpress/wp-admin/setup-config.php
Not Found: /wordpress/wp-admin/setup-config.php
Not Found: /wordpress/wp-admin/setup-config.php
Not Found: /wp-admin/setup-config.php
Not Found: /wp-admin/setup-config.php
Not Found: /wp-admin/setup-config.php
Not Found: /wordpress/wp-admin/setup-config.php
Not Found: /wp-admin/setup-config.php
Not Found: /wordpress/wp-admin/setup-config.php
Not Found: /wp-admin/setup-config.php
Not Found: /wp-admin/setup-config.php
Not Found: /wordpress/wp-admin/setup-config.php
Not Found: /wordpress/wp-admin/setup-config.php
Not Found: /wordpress/wp-admin/setup-config.php
Not Found: /wp-admin/setup-config.php
Not Found: /wp-admin/setup-config.php
Not Found: /wordpress/wp-admin/setup-config.php
Not Found: /wp-admin/setup-config.php
Not Found: /wordpress/wp-admin/setup-config.php
Not Found: /wp-admin/setup-config.php
Not Found: /wordpress/wp-admin/setup-config.php
Not Found: /wordpress/wp-admin/setup-config.php
Not Found: /wp-admin/setup-config.php
Not Found: /wp-admin/setup-config.php
Not Found: /wp-admin/setup-config.php
Not Found: /wordpress/wp-admin/setup-config.php
Not Found: /wp-admin/setup-config.php
Not Found: /wordpress/wp-admin/setup-config.php
Not Found: /wordpress/wp-admin/setup-config.php
Not Found: /wp-admin/setup-config.php
Not Found: /wp-admin/setup-config.php
Not Found: /wordpress/wp-admin/setup-config.php
Not Found: /wordpress/wp-admin/setup-config.php
Not Found: /wordpress/wp-admin/setup-config.php
Not Found: /wp-admin/setup-config.php
Not Found: /wp-admin/setup-config.php
Not Found: /wordpress/wp-admin/setup-config.php
Not Found: /wp-admin/setup-config.php
Not Found: /wp-admin/setup-config.php
Not Found: /wordpress/wp-admin/setup-config.php
Not Found: /wordpress/wp-admin/setup-config.php
Not Found: /wp-admin/setup-config.php
Not Found: /wp-admin/setup-config.php
Not Found: /wordpress/wp-admin/setup-config.php
Not Found: /wp-admin/setup-config.php
Not Found: /wordpress/wp-admin/setup-config.php
Not Found: /wp-admin/setup-config.php
Not Found: /wordpress/wp-admin/setup-config.php
Not Found: /wordpress/wp-admin/setup-config.php
Not Found: /wp-admin/setup-config.php
Not Found: /wp-admin/setup-config.php
Not Found: /wordpress/wp-admin/setup-config.php
Not Found: /wordpress/wp-admin/setup-config.php
Not Found: /wp-admin/setup-config.php
Not Found: /wordpress/wp-admin/setup-config.php
Not Found: /wp-admin/setup-config.php
Not Found: /robots.txt
Not Found: /wp-admin/setup-config.php
Not Found: /wp-admin/setup-config.php
Not Found: /wordpress/wp-admin/setup-config.php
Not Found: /wordpress/wp-admin/setup-config.php
Not Found: /robots.txt
Not Found: /wordpress/wp-admin/setup-config.php
Not Found: /wp-admin/setup-config.php
Not Found: /wp-admin/setup-config.php
Not Found: /wordpress/wp-admin/setup-config.php
Not Found: /wordpress/wp-admin/setup-config.php
Not Found: /wp-admin/setup-config.php
Not Found: /wp-admin/setup-config.php
Not Found: /wp-admin/setup-config.php
Not Found: /wp-admin/setup-config.php
Not Found: /wordpress/wp-admin/setup-config.php
Not Found: /wordpress/wp-admin/setup-config.php
Not Found: /wordpress/wp-admin/setup-config.php
Not Found: /wp-admin/setup-config.php
Not Found: /wordpress/wp-admin/setup-config.php
Not Found: /wp-admin/setup-config.php
Not Found: /wordpress/wp-admin/setup-config.php
Not Found: /wordpress/wp-admin/setup-config.php
Not Found: /wp-admin/setup-config.php
Not Found: /wp-admin/setup-config.php
Not Found: /wordpress/wp-admin/setup-config.php
Not Found: /wordpress/wp-admin/setup-config.php
Not Found: /wp-admin/setup-config.php
Not Found: /wordpress/wp-admin/setup-config.php
Not Found: /wp-admin/setup-config.php
Not Found: /wp-admin/setup-config.php
Not Found: /wp-admin/setup-config.php
Not Found: /wordpress/wp-admin/setup-config.php
Not Found: /wordpress/wp-admin/setup-config.php
Not Found: /wordpress/wp-admin/setup-config.php
Not Found: /wordpress/wp-admin/setup-config.php
Not Found: /wp-admin/setup-config.php
Not Found: /wp-admin/setup-config.php
Not Found: /wordpress/wp-admin/setup-config.php
Not Found: /wp-admin/setup-config.php
Not Found: /wordpress/wp-admin/setup-config.php
Not Found: /wordpress/wp-admin/setup-config.php
Not Found: /wp-admin/setup-config.php
Not Found: /wp-admin/setup-config.php
Not Found: /wordpress/wp-admin/setup-config.php
Not Found: /wordpress/wp-admin/setup-config.php
Not Found: /wp-admin/setup-config.php
Not Found: /wordpress/wp-admin/setup-config.php
Not Found: /wp-admin/setup-config.php
Not Found: /wordpress/wp-admin/setup-config.php
Not Found: /wordpress/wp-admin/setup-config.php
Not Found: /wp-admin/setup-config.php
Not Found: /wordpress/wp-admin/setup-config.php
Not Found: /wordpress/wp-admin/setup-config.php
Not Found: /wp-admin/setup-config.php
Not Found: /wp-admin/setup-config.php
Not Found: /wp-admin/setup-config.php
Not Found: /wp-admin/setup-config.php
Not Found: /wordpress/wp-admin/setup-config.php
Not Found: /wordpress/wp-admin/setup-config.php
Not Found: /wordpress/wp-admin/setup-config.php
Not Found: /wordpress/wp-admin/setup-config.php
Not Found: /wp-admin/setup-config.php
Not Found: /wp-admin/setup-config.php
Not Found: /wordpress/wp-admin/setup-config.php
Not Found: /wp-admin/setup-config.php
Not Found: /wp-admin/setup-config.php
Not Found: /wordpress/wp-admin/setup-config.php
Not Found: /wordpress/wp-admin/setup-config.php
Not Found: /wp-admin/setup-config.php
Not Found: /wordpress/wp-admin/setup-config.php
Not Found: /wp-admin/setup-config.php
Not Found: /wp-admin/setup-config.php
Not Found: /wordpress/wp-admin/setup-config.php
Not Found: /wp-admin/setup-config.php
Not Found: /wordpress/wp-admin/setup-config.php
Not Found: /wp-includes/wlwmanifest.xml
Not Found: /xmlrpc.php
Not Found: /wp-json/wp/v2/users/
Not Found: /wp-json/oembed/1.0/embed
Not Found: /xmlrpc.php
Not Found: /wordpress/wp-admin/setup-config.php
Not Found: /wordpress/wp-admin/setup-config.php
Not Found: /wp-admin/setup-config.php
Not Found: /wp-admin/setup-config.php
Not Found: /wordpress/wp-admin/setup-config.php
Not Found: /wordpress/wp-admin/setup-config.php
Not Found: /wp-admin/setup-config.php
Not Found: /wp-admin/setup-config.php
Not Found: /wp-login.php
Not Found: /wp-admin/setup-config.php
Not Found: /wordpress/wp-admin/setup-config.php
Not Found: /wordpress/wp-admin/setup-config.php
Not Found: /wp-admin/setup-config.php
Not Found: /wordpress/wp-admin/setup-config.php
Not Found: /wp-admin/setup-config.php
Not Found: /wp-admin/setup-config.php
Not Found: /wordpress/wp-admin/setup-config.php
Not Found: /wordpress/wp-admin/setup-config.php
Not Found: /wordpress/wp-admin/setup-config.php
Not Found: /wp-admin/setup-config.php
Not Found: /wp-admin/setup-config.php
Not Found: /wordpress/wp-admin/setup-config.php
Not Found: /wordpress/wp-admin/setup-config.php
Not Found: /wp-admin/setup-config.php
Not Found: /wp-admin/setup-config.php
Not Found: /robots.txt
Not Found: /wordpress/wp-admin/setup-config.php
Not Found: /wordpress/wp-admin/setup-config.php
Not Found: /wp-admin/setup-config.php
Not Found: /wp-admin/setup-config.php
Not Found: /robots.txt
Not Found: /wp-admin/setup-config.php
Not Found: /wordpress/wp-admin/setup-config.php
Not Found: /wp-admin/setup-config.php
Not Found: /wordpress/wp-admin/setup-config.php
Not Found: /robots.txt
Not Found: /robots.txt
Not Found: /feed/atom/
Not Found: /robots.txt
Not Found: /favicon.ico
Not Found: /robots.txt
Not Found: /favicon.ico
Not Found: /favicon.ico
Not Found: /favicon.ico
Not Found: /apps
Not Found: /api/action
Not Found: /api/actions
Not Found: /_next/data
Not Found: /robots.txt
Not Found: /robots.txt
Not Found: /wordpress/wp-admin/setup-config.php
Not Found: /wordpress/wp-admin/setup-config.php
Not Found: /wp-admin/setup-config.php
Not Found: /wp-admin/setup-config.php
Not Found: /wordpress/wp-admin/setup-config.php
Not Found: /wordpress/wp-admin/setup-config.php
Not Found: /wp-admin/setup-config.php
Not Found: /wp-admin/setup-config.php
Not Found: /robots.txt
Not Found: /subcategory/25/
Not Found: /favicon.ico
Not Found: /robots.txt
Not Found: /wordpress/wp-admin/setup-config.php
Not Found: /wp-admin/setup-config.php
Not Found: /wordpress/wp-admin/setup-config.php
Not Found: /wp-admin/setup-config.php
Not Found: /robots.txt
Not Found: /robots.txt
Not Found: /robots.txt
Not Found: /wordpress/wp-admin/setup-config.php
Not Found: /wp-admin/setup-config.php
Not Found: /wp-admin/setup-config.php
Not Found: /wordpress/wp-admin/setup-config.php
Not Found: /wp-includes/ID3/license.txt
Not Found: /feed/
Not Found: /xmlrpc.php
Not Found: /blog/wp-includes/wlwmanifest.xml
Not Found: /web/wp-includes/wlwmanifest.xml
Not Found: /wordpress/wp-includes/wlwmanifest.xml
Not Found: /wp/wp-includes/wlwmanifest.xml
Not Found: /2020/wp-includes/wlwmanifest.xml
Not Found: /2019/wp-includes/wlwmanifest.xml
Not Found: /2021/wp-includes/wlwmanifest.xml
Not Found: /shop/wp-includes/wlwmanifest.xml
Not Found: /wp1/wp-includes/wlwmanifest.xml
Not Found: /test/wp-includes/wlwmanifest.xml
Not Found: /site/wp-includes/wlwmanifest.xml
Not Found: /cms/wp-includes/wlwmanifest.xml
Not Found: /wp-admin/setup-config.php
Not Found: /wordpress/wp-admin/setup-config.php
Not Found: /wordpress/wp-admin/setup-config.php
Not Found: /wp-admin/setup-config.php
Not Found: /robots.txt
Not Found: /subcategory/25/
Not Found: /wordpress/wp-admin/setup-config.php
Not Found: /wp-admin/setup-config.php
Not Found: /wp-admin/setup-config.php
Not Found: /wordpress/wp-admin/setup-config.php
Not Found: /robots.txt
Not Found: /robots.txt
Not Found: /robots.txt
Not Found: /robots.txt
Not Found: /wp-login.php
Not Found: /.well-known/traffic-advice
Not Found: /robots.txt
Not Found: /robots.txt
Not Found: /favicon.ico
Not Found: /robots.txt
Not Found: /robots.txt
Not Found: /wp-admin/setup-config.php
Not Found: /wordpress/wp-admin/setup-config.php
Not Found: /wordpress/wp-admin/setup-config.php
Not Found: /wp-admin/setup-config.php
Not Found: /wp-admin/setup-config.php
Not Found: /wordpress/wp-admin/setup-config.php
Not Found: /wordpress/wp-admin/setup-config.php
Not Found: /wp-admin/setup-config.php
Not Found: /favicon.ico
Not Found: /favicon.png
Not Found: /favicon.ico
Not Found: /wp-login.php
Not Found: /robots.txt
Not Found: /wp-includes/wlwmanifest.xml
Not Found: /xmlrpc.php
Not Found: /wp-json/wp/v2/users/
Not Found: /wp-json/oembed/1.0/embed
Not Found: /xmlrpc.php
Not Found: /wordpress/wp-admin/setup-config.php
Not Found: /wp-admin/setup-config.php
Not Found: /wp-admin/setup-config.php
Not Found: /wordpress/wp-admin/setup-config.php
Not Found: /robots.txt
Not Found: /robots.txt
Not Found: /robots.txt
Not Found: /favicon.ico
Not Found: /robots.txt
Not Found: /wp-admin/setup-config.php
Not Found: /wordpress/wp-admin/setup-config.php
Not Found: /wordpress/wp-admin/setup-config.php
Not Found: /wp-admin/setup-config.php
Not Found: /robots.txt
Not Found: /robots.txt
Not Found: /wp-admin/setup-config.php
Not Found: /wordpress/wp-admin/setup-config.php
Not Found: /wordpress/wp-admin/setup-config.php
Not Found: /wp-admin/setup-config.php
Not Found: /robots.txt
Not Found: /robots.txt
Not Found: /robots.txt
Not Found: /wordpress/wp-admin/setup-config.php
Not Found: /wp-admin/setup-config.php
Not Found: /wp-admin/setup-config.php
Not Found: /wordpress/wp-admin/setup-config.php
Not Found: /robots.txt
Not Found: /wordpress/wp-admin/setup-config.php
Not Found: /wp-admin/setup-config.php
Not Found: /wp-admin/setup-config.php
Not Found: /wordpress/wp-admin/setup-config.php
Not Found: /robots.txt
[UID:1092][2614422] Child process with pid: 2614493 was killed by signal: 15, core dumped: no
Not Found: /wordpress/wp-admin/setup-config.php
Not Found: /wp-admin/setup-config.php
Not Found: /wp-admin/setup-config.php
Not Found: /wordpress/wp-admin/setup-config.php
Not Found: /robots.txt
Not Found: /robots.txt
Not Found: /.well-known/security.txt
Not Found: /.well-known/security.txt
Not Found: /robots.txt
Not Found: /wp-admin/setup-config.php
Not Found: /wp-admin/setup-config.php
Not Found: /wordpress/wp-admin/setup-config.php
Not Found: /wordpress/wp-admin/setup-config.php
Not Found: /favicon.ico
Not Found: /robots.txt
Not Found: /robots.txt
Not Found: /robots.txt
Not Found: /wp-includes/wlwmanifest.xml
Not Found: /xmlrpc.php
Not Found: /wp-json/wp/v2/users/
Not Found: /wp-json/oembed/1.0/embed
Not Found: /xmlrpc.php
Not Found: /wp-admin/setup-config.php
Not Found: /wordpress/wp-admin/setup-config.php
Not Found: /wp-admin/setup-config.php
Not Found: /wordpress/wp-admin/setup-config.php
Not Found: /robots.txt
Not Found: /favicon.ico
Not Found: /favicon.ico
Not Found: /robots.txt
Not Found: /robots.txt
Not Found: /wp-includes/ID3/license.txt
Not Found: /feed/
Not Found: /xmlrpc.php
Not Found: /blog/wp-includes/wlwmanifest.xml
Not Found: /web/wp-includes/wlwmanifest.xml
Not Found: /wordpress/wp-includes/wlwmanifest.xml
Not Found: /wp/wp-includes/wlwmanifest.xml
Not Found: /2020/wp-includes/wlwmanifest.xml
Not Found: /robots.txt
Not Found: /robots.txt
Not Found: /wp-admin/setup-config.php
Not Found: /wp-admin/setup-config.php
Not Found: /wordpress/wp-admin/setup-config.php
Not Found: /wordpress/wp-admin/setup-config.php
Not Found: /robots.txt
Not Found: /robots.txt
Not Found: /wp-includes/wlwmanifest.xml
Not Found: /xmlrpc.php
Not Found: /wp-json/wp/v2/users/
Not Found: /wp-json/oembed/1.0/embed
Not Found: /xmlrpc.php
Not Found: /robots.txt
Not Found: /robots.txt
Not Found: /robots.txt
Not Found: /.well-known/traffic-advice
Not Found: /robots.txt
Not Found: /robots.txt
Not Found: /robots.txt
Not Found: /robots.txt
Not Found: /wp-admin/setup-config.php
Not Found: /wordpress/wp-admin/setup-config.php
Not Found: /wordpress/wp-admin/setup-config.php
Not Found: /wp-admin/setup-config.php
Not Found: /robots.txt
Not Found: /robots.txt
Not Found: /robots.txt
Not Found: /wp-includes/ID3/license.txt
Not Found: /feed/
Not Found: /xmlrpc.php
Not Found: /blog/wp-includes/wlwmanifest.xml
Not Found: /web/wp-includes/wlwmanifest.xml
Not Found: /wordpress/wp-includes/wlwmanifest.xml
Not Found: /wp/wp-includes/wlwmanifest.xml
Not Found: /2020/wp-includes/wlwmanifest.xml
Not Found: /2019/wp-includes/wlwmanifest.xml
Not Found: /2021/wp-includes/wlwmanifest.xml
Not Found: /shop/wp-includes/wlwmanifest.xml
Not Found: /wp1/wp-includes/wlwmanifest.xml
Not Found: /test/wp-includes/wlwmanifest.xml
Not Found: /site/wp-includes/wlwmanifest.xml
Not Found: /cms/wp-includes/wlwmanifest.xml
Not Found: /wp-login.php
Not Found: /robots.txt
Not Found: /robots.txt
Not Found: /robots.txt
Not Found: /robots.txt
Not Found: /wordpress/wp-admin/setup-config.php
Not Found: /wordpress/wp-admin/setup-config.php
Not Found: /wp-admin/setup-config.php
Not Found: /robots.txt
Not Found: /apps
Not Found: /api/action
Not Found: /api/actions
Not Found: /_next/data
Not Found: /wp-admin/setup-config.php
Not Found: /wordpress/wp-admin/setup-config.php
Not Found: /wordpress/wp-admin/setup-config.php
Not Found: /wp-admin/setup-config.php
Not Found: /robots.txt
Not Found: /robots.txt
Not Found: /robots.txt
Not Found: /wp-includes/wlwmanifest.xml
Not Found: /xmlrpc.php
Not Found: /wp-json/wp/v2/users/
Not Found: /wp-json/oembed/1.0/embed
Not Found: /xmlrpc.php
Not Found: /robots.txt
Not Found: /robots.txt
Not Found: /robots.txt
Not Found: /robots.txt
Not Found: /robots.txt
Not Found: /google4ec7b66b006d9c70.html
Not Found: /robots.txt
Not Found: /robots.txt
Not Found: /favicon.ico
Not Found: /robots.txt
Not Found: /wordpress/wp-admin/setup-config.php
Not Found: /wp-admin/setup-config.php
Not Found: /wordpress/wp-admin/setup-config.php
Not Found: /wp-admin/setup-config.php
Not Found: /robots.txt
Not Found: /robots.txt
Not Found: /robots.txt
Not Found: /robots.txt
Not Found: /wp-includes/ID3/license.txt
Not Found: /feed/
Not Found: /xmlrpc.php
Not Found: /blog/wp-includes/wlwmanifest.xml
Not Found: /web/wp-includes/wlwmanifest.xml
Not Found: /wordpress/wp-includes/wlwmanifest.xml
Not Found: /wp/wp-includes/wlwmanifest.xml
Not Found: /2020/wp-includes/wlwmanifest.xml
Not Found: /2019/wp-includes/wlwmanifest.xml
Not Found: /2021/wp-includes/wlwmanifest.xml
Not Found: /shop/wp-includes/wlwmanifest.xml
Not Found: /wp1/wp-includes/wlwmanifest.xml
Not Found: /test/wp-includes/wlwmanifest.xml
Not Found: /site/wp-includes/wlwmanifest.xml
Not Found: /cms/wp-includes/wlwmanifest.xml
Not Found: /robots.txt
Not Found: /robots.txt
Not Found: /robots.txt
Not Found: /robots.txt
Not Found: /robots.txt
Not Found: /robots.txt
Not Found: /robots.txt
Not Found: /robots.txt
Not Found: /robots.txt
Not Found: /robots.txt
Not Found: /robots.txt
Not Found: /wp-admin/setup-config.php
Not Found: /wordpress/wp-admin/setup-config.php
Not Found: /wordpress/wp-admin/setup-config.php
Not Found: /wp-admin/setup-config.php
Not Found: /robots.txt
Not Found: /robots.txt
Not Found: /robots.txt
Not Found: /robots.txt
Not Found: /robots.txt
Not Found: /robots.txt
Not Found: /favicon.ico
Not Found: /robots.txt
Not Found: /robots.txt
Not Found: /robots.txt
Not Found: /robots.txt
Not Found: /robots.txt
Not Found: /robots.txt
Not Found: /wp-admin/setup-config.php
Not Found: /wordpress/wp-admin/setup-config.php
Not Found: /robots.txt
Not Found: /wp-admin/setup-config.php
Not Found: /wordpress/wp-admin/setup-config.php
Not Found: /robots.txt
Not Found: /robots.txt
Not Found: /robots.txt
Not Found: /robots.txt
Not Found: /robots.txt
Not Found: /robots.txt
[UID:1092][2999436] Child process with pid: 3001316 was killed by signal: 15, core dumped: no
Not Found: /robots.txt
Not Found: /wp-admin/setup-config.php
Not Found: /wordpress/wp-admin/setup-config.php
Not Found: /wp-admin/setup-config.php
Not Found: /wordpress/wp-admin/setup-config.php
Not Found: /robots.txt
Not Found: /wp-login.php
Not Found: /wp-admin/
Not Found: /robots.txt
Not Found: /robots.txt
Not Found: /robots.txt
Not Found: /robots.txt
Not Found: /robots.txt
Not Found: /robots.txt
Not Found: /robots.txt
Not Found: /robots.txt
Not Found: /robots.txt
Not Found: /robots.txt
Not Found: /wordpress/wp-admin/setup-config.php
Not Found: /wordpress/wp-admin/setup-config.php
Not Found: /wp-admin/setup-config.php
Not Found: /wp-admin/setup-config.php
Internal Server Error: /
Traceback (most recent call last):
  File "/home/rrwkwtlx/virtualenv/bms/3.11/lib/python3.11/site-packages/django/core/handlers/exception.py", line 55, in inner
    response = get_response(request)
               ^^^^^^^^^^^^^^^^^^^^^
  File "/home/rrwkwtlx/virtualenv/bms/3.11/lib/python3.11/site-packages/django/core/handlers/base.py", line 197, in _get_response
    response = wrapped_callback(request, *callback_args, **callback_kwargs)
               ^^^^^^^^^^^^^^^^^^^^^^^^^^^^^^^^^^^^^^^^^^^^^^^^^^^^^^^^^^^^
  File "/home/rrwkwtlx/bms/base/views.py", line 24, in home
    return render(r, 'home.html', context)
           ^^^^^^^^^^^^^^^^^^^^^^^^^^^^^^^
  File "/home/rrwkwtlx/virtualenv/bms/3.11/lib/python3.11/site-packages/django/shortcuts.py", line 25, in render
    content = loader.render_to_string(template_name, context, request, using=using)
              ^^^^^^^^^^^^^^^^^^^^^^^^^^^^^^^^^^^^^^^^^^^^^^^^^^^^^^^^^^^^^^^^^^^^^
  File "/home/rrwkwtlx/virtualenv/bms/3.11/lib/python3.11/site-packages/django/template/loader.py", line 62, in render_to_string
    return template.render(context, request)
           ^^^^^^^^^^^^^^^^^^^^^^^^^^^^^^^^^
  File "/home/rrwkwtlx/virtualenv/bms/3.11/lib/python3.11/site-packages/django/template/backends/django.py", line 107, in render
    return self.template.render(context)
           ^^^^^^^^^^^^^^^^^^^^^^^^^^^^^
  File "/home/rrwkwtlx/virtualenv/bms/3.11/lib/python3.11/site-packages/django/template/base.py", line 170, in render
    with context.bind_template(self):
  File "/opt/alt/python311/lib64/python3.11/contextlib.py", line 137, in __enter__
    return next(self.gen)
           ^^^^^^^^^^^^^^
  File "/home/rrwkwtlx/virtualenv/bms/3.11/lib/python3.11/site-packages/django/template/context.py", line 259, in bind_template
    context = processor(self.request)
              ^^^^^^^^^^^^^^^^^^^^^^^
  File "/home/rrwkwtlx/bms/base/context_processors.py", line 16, in global_context
    context['vids'] = Videos.objects.all().order_by('-id')
                      ^^^^^^
NameError: name 'Videos' is not defined
Not Found: /favicon.ico
Not Found: /robots.txt
Not Found: /robots.txt
Not Found: /robots.txt
[UID:1092][1056709] Child process with pid: 1161162 was killed by signal: 15, core dumped: no
Not Found: /robots.txt
Not Found: /robots.txt
Not Found: /wp-admin/setup-config.php
Not Found: /wordpress/wp-admin/setup-config.php
Not Found: /wp-admin/setup-config.php
Not Found: /wordpress/wp-admin/setup-config.php
Not Found: /robots.txt
Not Found: /robots.txt
Not Found: /robots.txt
Not Found: /robots.txt
Not Found: /wp-admin/setup-config.php
Not Found: /wordpress/wp-admin/setup-config.php
Not Found: /wp-admin/setup-config.php
Not Found: /wordpress/wp-admin/setup-config.php
Not Found: /robots.txt
Not Found: /robots.txt
Not Found: /robots.txt
Not Found: /robots.txt
Not Found: /robots.txt
Not Found: /robots.txt
Not Found: /robots.txt
Not Found: /robots.txt
Not Found: /robots.txt
Not Found: /wordpress/wp-admin/setup-config.php
Not Found: /wordpress/wp-admin/setup-config.php
Not Found: /wp-admin/setup-config.php
Not Found: /robots.txt
Not Found: /robots.txt
Not Found: /robots.txt
Not Found: /robots.txt
Not Found: /wordpress/wp-admin/setup-config.php
Not Found: /wordpress/wp-admin/setup-config.php
Not Found: /wp-admin/setup-config.php
Not Found: /wp-admin/setup-config.php
Not Found: /robots.txt
Not Found: /robots.txt
Not Found: /robots.txt
Not Found: /robots.txt
Not Found: /robots.txt
Not Found: /robots.txt
Not Found: /robots.txt
Not Found: /robots.txt
Not Found: /wp-admin/setup-config.php
Not Found: /wp-admin/setup-config.php
Not Found: /wordpress/wp-admin/setup-config.php
Not Found: /favicon.ico
Not Found: /favicon.png
Not Found: /favicon.ico
Not Found: /robots.txt
Not Found: /robots.txt
Not Found: /robots.txt
Not Found: /robots.txt
Not Found: /robots.txt
Not Found: /robots.txt
Not Found: /robots.txt
Not Found: /robots.txt
Not Found: /robots.txt
Not Found: /robots.txt
Not Found: /.well-known/traffic-advice
[UID:1092][485876] Child process with pid: 487563 was killed by signal: 15, core dumped: no
[UID:1092][485876] Child process with pid: 487562 was killed by signal: 15, core dumped: no
[UID:1092][485876] Child process with pid: 487607 was killed by signal: 15, core dumped: no
Not Found: /robots.txt
Not Found: /robots.txt
Not Found: /robots.txt
Not Found: /robots.txt
Not Found: /robots.txt
Not Found: /robots.txt
Not Found: /robots.txt
Not Found: /robots.txt
Not Found: /favicon.ico
Not Found: /robots.txt
Not Found: /robots.txt
Not Found: /robots.txt
Not Found: /robots.txt
Not Found: /robots.txt
Not Found: /wp-includes/wlwmanifest.xml
Not Found: /xmlrpc.php
Not Found: /wp-json/wp/v2/users/
Not Found: /wp-json/oembed/1.0/embed
Not Found: /xmlrpc.php
Not Found: /wp-admin/setup-config.php
Not Found: /wordpress/wp-admin/setup-config.php
Not Found: /wordpress/wp-admin/setup-config.php
Not Found: /wp-admin/setup-config.php
Not Found: /robots.txt
Not Found: /robots.txt
Not Found: /robots.txt
Not Found: /robots.txt
Not Found: /robots.txt
[UID:1092][1561440] Child process with pid: 1561843 was killed by signal: 15, core dumped: no
[UID:1092][1561440] Child process with pid: 1561600 was killed by signal: 15, core dumped: no
Not Found: /robots.txt
Not Found: /robots.txt
Not Found: /robots.txt
Not Found: /robots.txt
Not Found: /robots.txt
Not Found: /robots.txt
Not Found: /robots.txt
Not Found: /robots.txt
Not Found: /wp-admin/setup-config.php
Not Found: /wp-admin/setup-config.php
Not Found: /robots.txt
Not Found: /wp-includes/ID3/license.txt
Not Found: /feed/
Not Found: /xmlrpc.php
Not Found: /blog/wp-includes/wlwmanifest.xml
Not Found: /web/wp-includes/wlwmanifest.xml
Not Found: /wordpress/wp-includes/wlwmanifest.xml
Not Found: /wp/wp-includes/wlwmanifest.xml
Not Found: /2020/wp-includes/wlwmanifest.xml
Not Found: /2019/wp-includes/wlwmanifest.xml
Not Found: /2021/wp-includes/wlwmanifest.xml
Not Found: /shop/wp-includes/wlwmanifest.xml
Not Found: /wp1/wp-includes/wlwmanifest.xml
Not Found: /test/wp-includes/wlwmanifest.xml
Not Found: /site/wp-includes/wlwmanifest.xml
Not Found: /cms/wp-includes/wlwmanifest.xml
Not Found: /robots.txt
Not Found: /robots.txt
Not Found: /robots.txt
Not Found: /robots.txt
Not Found: /robots.txt
Not Found: /robots.txt
Not Found: /robots.txt
Not Found: /robots.txt
Not Found: /robots.txt
Not Found: /wordpress/wp-admin/setup-config.php
Not Found: /robots.txt
Not Found: /robots.txt
Not Found: /robots.txt
Not Found: /robots.txt
Not Found: /robots.txt
Not Found: /robots.txt
Not Found: /robots.txt
Not Found: /robots.txt
Not Found: /wordpress
Not Found: /Wordpress
Not Found: /WORDPRESS
Not Found: /WordPress
Not Found: /wp
Not Found: /Wp
Not Found: /WP
Not Found: /old
Not Found: /Old
Not Found: /OLD
Not Found: /oldsite
Not Found: /new
Not Found: /New
Not Found: /NEW
Not Found: /wp-old
Not Found: /2022
Not Found: /2023
Not Found: /2024
Not Found: /2017
Not Found: /2020
Not Found: /2019
Not Found: /2018
Not Found: /backup
Not Found: /test
Not Found: /Test
Not Found: /TEST
Not Found: /demo
Not Found: /bc
Not Found: /www
Not Found: /WWW
Not Found: /Www
Not Found: /2021
Not Found: /main
Not Found: /old-site
Not Found: /bk
Not Found: /Backup
Not Found: /BACKUP
Not Found: /SHOP
Not Found: /Shop
Not Found: /shop
Not Found: /bak
Not Found: /sitio
Not Found: /bac
Not Found: /sito
Not Found: /site
Not Found: /Site
Not Found: /SITE
Not Found: /blog
Not Found: /BLOG
Not Found: /Blog
Not Found: /robots.txt
Not Found: /robots.txt
Not Found: /robots.txt
Not Found: /robots.txt
Not Found: /robots.txt
Not Found: /robots.txt
Not Found: /robots.txt
Not Found: /robots.txt
Not Found: /robots.txt
Not Found: /wp-admin/setup-config.php
Not Found: /wordpress/wp-admin/setup-config.php
Not Found: /wordpress/wp-admin/setup-config.php
Not Found: /wp-admin/setup-config.php
Not Found: /wp-includes/wlwmanifest.xml
Not Found: /xmlrpc.php
Not Found: /wp-json/wp/v2/users/
Not Found: /wp-json/oembed/1.0/embed
Not Found: /xmlrpc.php
Not Found: /wp-admin/setup-config.php
Not Found: /wordpress/wp-admin/setup-config.php
Not Found: /wp-admin/setup-config.php
Not Found: /wordpress/wp-admin/setup-config.php
Not Found: /robots.txt
Not Found: /robots.txt
Not Found: /robots.txt
Not Found: /wp-admin/setup-config.php
Not Found: /wordpress/wp-admin/setup-config.php
Not Found: /wp-admin/setup-config.php
Not Found: /wordpress/wp-admin/setup-config.php
Not Found: /robots.txt
Not Found: /robots.txt
Not Found: /robots.txt
Not Found: /.well-known/traffic-advice
Not Found: /robots.txt
Not Found: /robots.txt
Not Found: /robots.txt
Not Found: /robots.txt
Not Found: /wordpress/wp-admin/setup-config.php
Not Found: /wp-admin/setup-config.php
Not Found: /wp-admin/setup-config.php
Not Found: /wordpress/wp-admin/setup-config.php
Not Found: /wordpress/wp-admin/setup-config.php
Not Found: /robots.txt
Not Found: /sitemap.xml
Not Found: /ads.txt
Not Found: /llms.txt
Not Found: /humans.txt
Not Found: /security.txt
Not Found: /.well-known/security.txt
Not Found: /robots.txt
Not Found: /robots.txt
Not Found: /wp-includes/ID3/license.txt
Not Found: /feed/
Not Found: /xmlrpc.php
Not Found: /blog/wp-includes/wlwmanifest.xml
Not Found: /web/wp-includes/wlwmanifest.xml
Not Found: /wordpress/wp-includes/wlwmanifest.xml
Not Found: /wp/wp-includes/wlwmanifest.xml
Not Found: /2020/wp-includes/wlwmanifest.xml
Not Found: /2019/wp-includes/wlwmanifest.xml
Not Found: /2021/wp-includes/wlwmanifest.xml
Not Found: /shop/wp-includes/wlwmanifest.xml
Not Found: /wp1/wp-includes/wlwmanifest.xml
Not Found: /test/wp-includes/wlwmanifest.xml
Not Found: /robots.txt
Not Found: /robots.txt
Not Found: /robots.txt
Not Found: /robots.txt
Not Found: /wp-admin/setup-config.php
Not Found: /wordpress/wp-admin/setup-config.php
Not Found: /wp-admin/setup-config.php
Not Found: /wordpress/wp-admin/setup-config.php
Not Found: /robots.txt
Not Found: /robots.txt
Not Found: /robots.txt
Not Found: /robots.txt
Not Found: /robots.txt
Not Found: /robots.txt
Not Found: /robots.txt
Not Found: /robots.txt
Not Found: /robots.txt
Not Found: /robots.txt
Not Found: /robots.txt
Not Found: /robots.txt
Not Found: /wp-admin/setup-config.php
Not Found: /wp-admin/setup-config.php
Not Found: /wordpress/wp-admin/setup-config.php
Not Found: /wordpress/wp-admin/setup-config.php
Not Found: /robots.txt
Not Found: /robots.txt
Not Found: /robots.txt
Not Found: /robots.txt
Not Found: /wordpress/wp-admin/setup-config.php
Not Found: /wordpress/wp-admin/setup-config.php
Not Found: /wp-admin/setup-config.php
Not Found: /wp-admin/setup-config.php
Not Found: /robots.txt
Not Found: /robots.txt
Not Found: /favicon.ico
Not Found: /robots.txt
Not Found: /robots.txt
Not Found: /robots.txt
Not Found: /robots.txt
Not Found: /robots.txt
Not Found: /robots.txt
Not Found: /robots.txt
Not Found: /robots.txt
Not Found: /wp-admin/setup-config.php
Not Found: /wordpress/wp-admin/setup-config.php
Not Found: /wp-admin/setup-config.php
Not Found: /wordpress/wp-admin/setup-config.php
Not Found: /robots.txt
Not Found: /robots.txt
Not Found: /robots.txt
Not Found: /robots.txt
Not Found: /robots.txt
Not Found: /robots.txt
Not Found: /robots.txt
Not Found: /robots.txt
Not Found: /robots.txt
Not Found: /wp-admin/setup-config.php
Not Found: /wp-admin/setup-config.php
Not Found: /wordpress/wp-admin/setup-config.php
Not Found: /wordpress/wp-admin/setup-config.php
Not Found: /wordpress/wp-admin/setup-config.php
Not Found: /wordpress/wp-admin/setup-config.php
Not Found: /wordpress/wp-admin/setup-config.php
Not Found: /wp-admin/setup-config.php
Not Found: /wp-admin/setup-config.php
Not Found: /robots.txt
Not Found: /robots.txt
Not Found: /robots.txt
Not Found: /robots.txt
Not Found: /robots.txt
Not Found: /robots.txt
Not Found: /robots.txt
Not Found: /wordpress/wp-admin/setup-config.php
Not Found: /wordpress/wp-admin/setup-config.php
Not Found: /wp-admin/setup-config.php
Not Found: /wp-admin/setup-config.php
Not Found: /robots.txt
Not Found: /robots.txt
Not Found: /robots.txt
Not Found: /robots.txt
Not Found: /wp-includes/wlwmanifest.xml
Not Found: /xmlrpc.php
Not Found: /wp-json/wp/v2/users/
Not Found: /wp-json/oembed/1.0/embed
Not Found: /xmlrpc.php
Not Found: /robots.txt
Not Found: /robots.txt
Not Found: /wp-admin/setup-config.php
Not Found: /wordpress/wp-admin/setup-config.php
Not Found: /wp-admin/setup-config.php
Not Found: /wordpress/wp-admin/setup-config.php
Not Found: /robots.txt
Not Found: /wordpress/wp-admin/setup-config.php
Not Found: /wordpress/wp-admin/setup-config.php
Not Found: /wp-admin/setup-config.php
Not Found: /wp-admin/setup-config.php
Not Found: /robots.txt
Not Found: /robots.txt
Not Found: /robots.txt
Not Found: /wp-login.php
Not Found: /robots.txt
Not Found: /favicon.ico
Not Found: /robots.txt
[UID:1092][3788554] Child process with pid: 3788570 was killed by signal: 15, core dumped: no
[UID:1092][3788554] Child process with pid: 3788598 was killed by signal: 15, core dumped: no
Not Found: /robots.txt
Not Found: /atom.xml
Not Found: /robots.txt
Not Found: /sitemaps.xml
Not Found: /robots.txt
Not Found: /sitemap.txt
Not Found: /sitemap.xml.gz
Not Found: /sitemaps.xml
Not Found: /sitemap_index.xml
Not Found: /sitemap.xml
Not Found: /sitemap.xml.gz
Not Found: /wordpress/wp-admin/setup-config.php
Not Found: /wp-admin/setup-config.php
Not Found: /wp-admin/setup-config.php
Not Found: /wordpress/wp-admin/setup-config.php
Not Found: /robots.txt
Not Found: /sitemap.txt
Not Found: /sitemap.xml
Not Found: /robots.txt
Not Found: /favicon.ico
Not Found: /atom.xml
Not Found: /sitemap_index.xml
Not Found: /robots.txt
Not Found: /robots.txt
Not Found: /favicon.ico
Not Found: /robots.txt
Not Found: /robots.txt
Not Found: /robots.txt
Not Found: /sitemap.txt
Not Found: /sitemap.xml
Not Found: /sitemap.xml.gz
Not Found: /sitemaps.xml
Not Found: /sitemap.xml.gz
Not Found: /sitemap_index.xml
Not Found: /sitemaps.xml
Not Found: /sitemap.txt
Not Found: /atom.xml
Not Found: /robots.txt
Not Found: /wordpress/wp-admin/setup-config.php
Not Found: /wp-admin/setup-config.php
Not Found: /wp-admin/setup-config.php
Not Found: /wordpress/wp-admin/setup-config.php
Not Found: /atom.xml
Not Found: /sitemap_index.xml
Not Found: /sitemaps.xml
Not Found: /sitemap_index.xml
Not Found: /sitemap.xml
Not Found: /atom.xml
Not Found: /robots.txt
Not Found: /sitemap.xml
Not Found: /robots.txt
Not Found: /favicon.ico
Not Found: /wordpress/wp-admin/setup-config.php
Not Found: /wordpress/wp-admin/setup-config.php
Not Found: /wp-admin/setup-config.php
Not Found: /wp-admin/setup-config.php
Not Found: /robots.txt
Not Found: /robots.txt
Not Found: /robots.txt
Not Found: /sitemap.xml.gz
Not Found: /sitemap.txt
Not Found: /sitemap_index.xml
Not Found: /sitemaps.xml
Not Found: /sitemaps.xml
Not Found: /robots.txt
Not Found: /sitemap.txt
Not Found: /sitemap.xml.gz
Not Found: /sitemap.txt
Not Found: /sitemaps.xml
Not Found: /sitemap.xml
Not Found: /robots.txt
Not Found: /sitemap.xml
Not Found: /sitemap.xml
Not Found: /sitemap.txt
Not Found: /sitemap.xml.gz
Not Found: /sitemap_index.xml
Not Found: /atom.xml
Not Found: /atom.xml
Not Found: /sitemap.xml.gz
Not Found: /sitemap_index.xml
Not Found: /atom.xml
Not Found: /robots.txt
Not Found: /atom.xml
Not Found: /robots.txt
Not Found: /robots.txt
Not Found: /wp-admin/setup-config.php
Not Found: /wp-admin/setup-config.php
Not Found: /wordpress/wp-admin/setup-config.php
Not Found: /wordpress/wp-admin/setup-config.php
Not Found: /wp-admin/setup-config.php
Not Found: /wp-admin/setup-config.php
Not Found: /wp-admin/setup-config.php
Not Found: /wordpress/wp-admin/setup-config.php
Not Found: /wordpress/wp-admin/setup-config.php
Not Found: /robots.txt
Not Found: /robots.txt
Not Found: /robots.txt
Not Found: /robots.txt
Not Found: /wordpress/wp-admin/setup-config.php
Not Found: /robots.txt
Not Found: /wordpress/wp-admin/setup-config.php
Not Found: /wp-admin/setup-config.php
Not Found: /wp-admin/setup-config.php
Not Found: /robots.txt
Not Found: /robots.txt
Not Found: /robots.txt
Not Found: /robots.txt
[UID:1092][2300197] Child process with pid: 2300222 was killed by signal: 15, core dumped: no
[UID:1092][2300197] Child process with pid: 2301167 was killed by signal: 15, core dumped: no
[UID:1092][2300197] Child process with pid: 2301170 was killed by signal: 15, core dumped: no
[UID:1092][2300197] Child process with pid: 2301515 was killed by signal: 15, core dumped: no
[UID:1092][2300197] Child process with pid: 2301514 was killed by signal: 15, core dumped: no
[UID:1092][2300197] Child process with pid: 2301315 was killed by signal: 15, core dumped: no
Not Found: /robots.txt
[UID:1092][2542704] Child process with pid: 2590776 was killed by signal: 15, core dumped: no
[UID:1092][2542704] Child process with pid: 2590580 was killed by signal: 15, core dumped: no
Not Found: /wp-includes/wlwmanifest.xml
Not Found: /xmlrpc.php
Not Found: /wp-json/wp/v2/users/
Not Found: /wp-json/oembed/1.0/embed
Not Found: /xmlrpc.php
Not Found: /robots.txt
Not Found: /robots.txt
Not Found: /robots.txt
Not Found: /wp-admin/setup-config.php
Not Found: /wordpress/wp-admin/setup-config.php
Not Found: /wp-admin/setup-config.php
Not Found: /wordpress/wp-admin/setup-config.php
Not Found: /robots.txt
Not Found: /wordpress/wp-admin/setup-config.php
Not Found: /wp-admin/setup-config.php
Not Found: /wp-admin/setup-config.php
Not Found: /wordpress/wp-admin/setup-config.php
Not Found: /robots.txt
Not Found: /robots.txt
Not Found: /wordpress/wp-admin/setup-config.php
Not Found: /wp-admin/setup-config.php
Not Found: /wp-admin/setup-config.php
Not Found: /wordpress/wp-admin/setup-config.php
Not Found: /robots.txt
Not Found: /robots.txt
Not Found: /robots.txt
Not Found: /favicon.ico
Not Found: /.well-known/security.txt
Not Found: /robots.txt
OSError: LSAPI: File error
[UID:1092][1632289] Child process with pid: 1632802 was killed by signal: 15, core dumped: no
[UID:1092][1632289] Child process with pid: 1632590 was killed by signal: 15, core dumped: no
Not Found: /robots.txt
[UID:1092][1669531] Child process with pid: 1669563 was killed by signal: 15, core dumped: no
Not Found: /robots.txt
Not Found: /robots.txt
Not Found: /allimages
Not Found: /subcategory/25/
[UID:1092][1928727] Child process with pid: 1932142 was killed by signal: 15, core dumped: no
Not Found: /robots.txt
Not Found: /wordpress/wp-admin/setup-config.php
Not Found: /wordpress/wp-admin/setup-config.php
Not Found: /wp-admin/setup-config.php
Not Found: /wp-admin/setup-config.php
Not Found: /wp-admin/setup-config.php
Not Found: /wordpress/wp-admin/setup-config.php
Not Found: /wordpress/wp-admin/setup-config.php
Not Found: /wp-admin/setup-config.php
Not Found: /robots.txt
Not Found: /robots.txt
Not Found: /wordpress/wp-admin/setup-config.php
Not Found: /wp-admin/setup-config.php
Not Found: /wp-admin/setup-config.php
Not Found: /wordpress/wp-admin/setup-config.php
Not Found: /robots.txt
Not Found: /wp-admin/setup-config.php
Not Found: /wordpress/wp-admin/setup-config.php
Not Found: /wp-admin/setup-config.php
Not Found: /wordpress/wp-admin/setup-config.php
Not Found: /robots.txt
Not Found: /robots.txt
Not Found: /robots.txt
Not Found: /robots.txt
Not Found: /wp-admin/setup-config.php
Not Found: /wordpress/wp-admin/setup-config.php
Not Found: /wordpress/wp-admin/setup-config.php
Not Found: /wp-admin/setup-config.php
Not Found: /robots.txt
Not Found: /robots.txt
Not Found: /robots.txt
Not Found: /robots.txt
Not Found: /robots.txt
Not Found: /media/system/js/core.js
Not Found: /wp-includes/js/jquery/jquery.js
Not Found: /wp-admin/setup-config.php
Not Found: /wordpress/wp-admin/setup-config.php
Not Found: /wordpress/wp-admin/setup-config.php
Not Found: /wp-admin/setup-config.php
Not Found: /robots.txt
Not Found: /robots.txt
Not Found: /robots.txt
Not Found: /wordpress/wp-admin/setup-config.php
Not Found: /wp-admin/setup-config.php
Not Found: /wordpress/wp-admin/setup-config.php
Not Found: /wp-admin/setup-config.php
Not Found: /robots.txt
[UID:1092][1840174] Child process with pid: 1868655 was killed by signal: 15, core dumped: no
Not Found: /wordpress/wp-admin/setup-config.php
Not Found: /wp-admin/setup-config.php
Not Found: /wp-admin/setup-config.php
Not Found: /wordpress/wp-admin/setup-config.php
Not Found: /robots.txt
Not Found: /robots.txt
Not Found: /robots.txt
Not Found: /robots.txt
Not Found: /robots.txt
Not Found: /robots.txt
[UID:1092][419956] Child process with pid: 421600 was killed by signal: 15, core dumped: no
Not Found: /wp-admin/setup-config.php
Not Found: /wordpress/wp-admin/setup-config.php
Not Found: /wp-admin/setup-config.php
Not Found: /wordpress/wp-admin/setup-config.php
Not Found: /robots.txt
Not Found: /robots.txt
Not Found: /robots.txt
Not Found: /wp-admin/setup-config.php
Not Found: /robots.txt
Not Found: /wordpress/wp-admin/setup-config.php
Not Found: /wp-admin/setup-config.php
Not Found: /wordpress/wp-admin/setup-config.php
Not Found: /robots.txt
Not Found: /robots.txt
[UID:1092][1394927] Child process with pid: 1400435 was killed by signal: 15, core dumped: no
Not Found: /robots.txt
Not Found: /.well-known/traffic-advice
Not Found: /favicon.ico
[UID:1092][1478802] Child process with pid: 1485048 was killed by signal: 15, core dumped: no
Not Found: /wp-admin/setup-config.php
Not Found: /wordpress/wp-admin/setup-config.php
Not Found: /wordpress/wp-admin/setup-config.php
Not Found: /robots.txt
Not Found: /robots.txt
Not Found: /robots.txt
Not Found: /robots.txt
Not Found: /favicon.ico
Not Found: /robots.txt
Not Found: /wp-admin/setup-config.php
Not Found: /wp-admin/setup-config.php
Not Found: /wordpress/wp-admin/setup-config.php
Not Found: /wordpress/wp-admin/setup-config.php
Not Found: /robots.txt
Not Found: /robots.txt
Not Found: /robots.txt
Not Found: /robots.txt
Not Found: /robots.txt
Not Found: /robots.txt
Not Found: /wp-includes/wlwmanifest.xml
Not Found: /xmlrpc.php
Not Found: /wp-json/wp/v2/users/
Not Found: /wp-json/oembed/1.0/embed
Not Found: /xmlrpc.php
Not Found: /wp-admin/setup-config.php
Not Found: /wp-admin/setup-config.php
Not Found: /wordpress/wp-admin/setup-config.php
Not Found: /wordpress/wp-admin/setup-config.php
Not Found: /robots.txt
Not Found: /robots.txt
Not Found: /robots.txt
Not Found: /robots.txt
Not Found: /robots.txt
Not Found: /wp-admin/setup-config.php
Not Found: /wp-admin/setup-config.php
Not Found: /wordpress/wp-admin/setup-config.php
Not Found: /wordpress/wp-admin/setup-config.php
Not Found: /robots.txt
Not Found: /robots.txt
Not Found: /wordpress/wp-admin/setup-config.php
Not Found: /wordpress/wp-admin/setup-config.php
Not Found: /wp-admin/setup-config.php
Not Found: /wp-admin/setup-config.php
Not Found: /wordpress/wp-admin/setup-config.php
Not Found: /robots.txt
Not Found: /robots.txt
Not Found: /robots.txt
[UID:1092][2945812] Child process with pid: 2945911 was killed by signal: 15, core dumped: no
Not Found: /robots.txt
Not Found: /robots.txt
Not Found: /robots.txt
Not Found: /robots.txt
Not Found: /robots.txt
Not Found: /robots.txt
Not Found: /robots.txt
Not Found: /wp-admin/setup-config.php
Not Found: /wp-admin/setup-config.php
Not Found: /wordpress/wp-admin/setup-config.php
Not Found: /wordpress/wp-admin/setup-config.php
Not Found: /robots.txt
Not Found: /robots.txt
Not Found: /wordpress/wp-admin/setup-config.php
Not Found: /wordpress/wp-admin/setup-config.php
Not Found: /wp-admin/setup-config.php
Not Found: /wp-admin/setup-config.php
Not Found: /robots.txt
Not Found: /robots.txt
Not Found: /.well-known/traffic-advice
[UID:1092][201517] Child process with pid: 222322 was killed by signal: 15, core dumped: no
Not Found: /robots.txt
Not Found: /robots.txt
Forbidden (CSRF cookie not set.): /admin/login/
Not Found: /favicon.ico
Forbidden (CSRF cookie not set.): /admin/login/
Forbidden (CSRF cookie not set.): /admin/login/
Forbidden (CSRF cookie not set.): /admin/login/
Forbidden (CSRF cookie not set.): /admin/login/
Forbidden (CSRF cookie not set.): /admin/login/
Forbidden (CSRF cookie not set.): /admin/login/
Forbidden (CSRF cookie not set.): /admin/login/
Forbidden (CSRF cookie not set.): /admin/login/
Forbidden (CSRF cookie not set.): /admin/login/
Forbidden (CSRF cookie not set.): /admin/login/
Not Found: /wordpress/wp-admin/setup-config.php
Not Found: /wp-admin/setup-config.php
Not Found: /wp-admin/setup-config.php
Not Found: /wordpress/wp-admin/setup-config.php
Not Found: /robots.txt
Not Found: /robots.txt
Not Found: /robots.txt
Not Found: /favicon.ico
Not Found: /robots.txt
Not Found: /favicon.ico
Not Found: /robots.txt
Not Found: /robots.txt
Not Found: /wp-admin/setup-config.php
Not Found: /wordpress/wp-admin/setup-config.php
Not Found: /wp-admin/setup-config.php
Not Found: /wordpress/wp-admin/setup-config.php
Not Found: /robots.txt
Not Found: /wp-admin/setup-config.php
Not Found: /wp-admin/setup-config.php
Not Found: /wordpress/wp-admin/setup-config.php
Not Found: /wordpress/wp-admin/setup-config.php
Not Found: /wp-admin/setup-config.php
Not Found: /robots.txt
Not Found: /favicon.ico
Not Found: /robots.txt
Not Found: /robots.txt
Not Found: /robots.txt
Not Found: /robots.txt
Not Found: /robots.txt
Not Found: /enhancecp
Not Found: /wordpress/wp-admin/setup-config.php
Not Found: /wordpress/wp-admin/setup-config.php
Not Found: /wp-admin/setup-config.php
Not Found: /wp-admin/setup-config.php
Not Found: /robots.txt
Not Found: /robots.txt
Not Found: /robots.txt
Not Found: /robots.txt
Not Found: /robots.txt
Not Found: /robots.txt
Not Found: /robots.txt
Not Found: /robots.txt
Not Found: /wp-admin/setup-config.php
Not Found: /wp-admin/setup-config.php
Not Found: /wordpress/wp-admin/setup-config.php
Not Found: /wordpress/wp-admin/setup-config.php
Not Found: /robots.txt
Not Found: /robots.txt
Not Found: /robots.txt
Not Found: /robots.txt
Not Found: /ads.txt
Not Found: /llms.txt
Not Found: /wp-admin/setup-config.php
Not Found: /wp-admin/setup-config.php
Not Found: /wordpress/wp-admin/setup-config.php
Not Found: /wordpress/wp-admin/setup-config.php
Not Found: /robots.txt
Not Found: /robots.txt
Not Found: /robots.txt
Not Found: /robots.txt
Not Found: /robots.txt
Not Found: /robots.txt
Not Found: /robots.txt
[UID:1092][2763041] Child process with pid: 2763054 was killed by signal: 15, core dumped: no
Not Found: /xmlrpc.php
Not Found: /robots.txt
Not Found: /robots.txt
Not Found: /robots.txt
Not Found: /robots.txt
Not Found: /robots.txt
Not Found: /robots.txt
Not Found: /robots.txt
Not Found: /sitemap_index.xml
Not Found: /robots.txt
Not Found: /sitemaps.xml
Not Found: /wordpress/wp-admin/setup-config.php
Not Found: /sitemap.xml.gz
Not Found: /wp-admin/setup-config.php
Not Found: /wordpress/wp-admin/setup-config.php
Not Found: /wp-admin/setup-config.php
Not Found: /robots.txt
Not Found: /sitemaps.xml
Not Found: /atom.xml
Not Found: /robots.txt
Not Found: /sitemap.xml
Not Found: /sitemap.xml.gz
Not Found: /sitemap.xml
Not Found: /sitemap.txt
Not Found: /sitemap.txt
Not Found: /sitemap_index.xml
Not Found: /atom.xml
Not Found: /robots.txt
Not Found: /robots.txt
Not Found: /wp-admin/setup-config.php
Not Found: /wordpress/wp-admin/setup-config.php
Not Found: /wordpress/wp-admin/setup-config.php
Not Found: /wp-admin/setup-config.php
Not Found: /robots.txt
Not Found: /robots.txt
Not Found: /atom.xml
Not Found: /robots.txt
Not Found: /robots.txt
Not Found: /.well-known/traffic-advice
Not Found: /wp-includes/wlwmanifest.xml
Not Found: /xmlrpc.php
Not Found: /wp-json/wp/v2/users/
Not Found: /wp-json/oembed/1.0/embed
Not Found: /xmlrpc.php
Not Found: /robots.txt
Not Found: /sitemap_index.xml
Not Found: /sitemaps.xml
Not Found: /sitemap.xml.gz
Not Found: /sitemaps.xml
Not Found: /sitemap.xml
Not Found: /wordpress/wp-admin/setup-config.php
Not Found: /wp-admin/setup-config.php
Not Found: /wordpress/wp-admin/setup-config.php
Not Found: /wp-admin/setup-config.php
Not Found: /wordpress/wp-admin/setup-config.php
Not Found: /wp-admin/setup-config.php
Not Found: /wp-admin/setup-config.php
Not Found: /wordpress/wp-admin/setup-config.php
Not Found: /wp-includes/wlwmanifest.xml
Not Found: /xmlrpc.php
Not Found: /wp-json/wp/v2/users/
Not Found: /wp-json/oembed/1.0/embed
Not Found: /xmlrpc.php
Not Found: /sitemap.txt
Not Found: /sitemap.xml
Not Found: /robots.txt
Not Found: /sitemap.xml.gz
Not Found: /sitemap_index.xml
Not Found: /sitemap.txt
Not Found: /xmlrpc.php
Not Found: /atom.xml
Not Found: /robots.txt
Not Found: /.well-known/traffic-advice
Not Found: /.well-known/traffic-advice
[ERROR] [UID:1092][2086268] wsgiAppHandler pApp->start_response() return NULL.
Traceback (most recent call last):
  File "/home/rrwkwtlx/virtualenv/bms/3.11/lib/python3.11/site-packages/django/core/handlers/exception.py", line 55, in inner
    response = get_response(request)
               ^^^^^^^^^^^^^^^^^^^^^
  File "/home/rrwkwtlx/virtualenv/bms/3.11/lib/python3.11/site-packages/django/core/handlers/base.py", line 181, in _get_response
    callback, callback_args, callback_kwargs = self.resolve_request(request)
                                               ^^^^^^^^^^^^^^^^^^^^^^^^^^^^^
  File "/home/rrwkwtlx/virtualenv/bms/3.11/lib/python3.11/site-packages/django/core/handlers/base.py", line 313, in resolve_request
    resolver_match = resolver.resolve(request.path_info)
                     ^^^^^^^^^^^^^^^^^^^^^^^^^^^^^^^^^^^
  File "/home/rrwkwtlx/virtualenv/bms/3.11/lib/python3.11/site-packages/django/urls/resolvers.py", line 666, in resolve
    for pattern in self.url_patterns:
                   ^^^^^^^^^^^^^^^^^
  File "/home/rrwkwtlx/virtualenv/bms/3.11/lib/python3.11/site-packages/django/utils/functional.py", line 47, in __get__
    res = instance.__dict__[self.name] = self.func(instance)
                                         ^^^^^^^^^^^^^^^^^^^
  File "/home/rrwkwtlx/virtualenv/bms/3.11/lib/python3.11/site-packages/django/urls/resolvers.py", line 718, in url_patterns
    patterns = getattr(self.urlconf_module, "urlpatterns", self.urlconf_module)
                       ^^^^^^^^^^^^^^^^^^^
  File "/home/rrwkwtlx/virtualenv/bms/3.11/lib/python3.11/site-packages/django/utils/functional.py", line 47, in __get__
    res = instance.__dict__[self.name] = self.func(instance)
                                         ^^^^^^^^^^^^^^^^^^^
  File "/home/rrwkwtlx/virtualenv/bms/3.11/lib/python3.11/site-packages/django/urls/resolvers.py", line 711, in urlconf_module
    return import_module(self.urlconf_name)
           ^^^^^^^^^^^^^^^^^^^^^^^^^^^^^^^^
  File "/opt/alt/python311/lib64/python3.11/importlib/__init__.py", line 126, in import_module
    return _bootstrap._gcd_import(name[level:], package, level)
           ^^^^^^^^^^^^^^^^^^^^^^^^^^^^^^^^^^^^^^^^^^^^^^^^^^^^
  File "<frozen importlib._bootstrap>", line 1204, in _gcd_import
  File "<frozen importlib._bootstrap>", line 1176, in _find_and_load
  File "<frozen importlib._bootstrap>", line 1147, in _find_and_load_unlocked
  File "<frozen importlib._bootstrap>", line 690, in _load_unlocked
  File "<frozen importlib._bootstrap_external>", line 940, in exec_module
  File "<frozen importlib._bootstrap>", line 241, in _call_with_frames_removed
  File "/home/rrwkwtlx/bms/bms/urls.py", line 14, in <module>
    path('allvideo', all_vid),
                     ^^^^^^^
NameError: name 'all_vid' is not defined

During handling of the above exception, another exception occurred:

Traceback (most recent call last):
  File "/home/rrwkwtlx/virtualenv/bms/3.11/lib/python3.11/site-packages/django/core/handlers/exception.py", line 55, in inner
    response = get_response(request)
               ^^^^^^^^^^^^^^^^^^^^^
  File "/home/rrwkwtlx/virtualenv/bms/3.11/lib/python3.11/site-packages/django/utils/deprecation.py", line 120, in __call__
    response = response or self.get_response(request)
                           ^^^^^^^^^^^^^^^^^^^^^^^^^^
  File "/home/rrwkwtlx/virtualenv/bms/3.11/lib/python3.11/site-packages/django/core/handlers/exception.py", line 57, in inner
    response = response_for_exception(request, exc)
               ^^^^^^^^^^^^^^^^^^^^^^^^^^^^^^^^^^^^
  File "/home/rrwkwtlx/virtualenv/bms/3.11/lib/python3.11/site-packages/django/core/handlers/exception.py", line 141, in response_for_exception
    response = handle_uncaught_exception(
               ^^^^^^^^^^^^^^^^^^^^^^^^^^
  File "/home/rrwkwtlx/virtualenv/bms/3.11/lib/python3.11/site-packages/django/core/handlers/exception.py", line 182, in handle_uncaught_exception
    return debug.technical_500_response(request, *exc_info)
           ^^^^^^^^^^^^^^^^^^^^^^^^^^^^^^^^^^^^^^^^^^^^^^^^
  File "/home/rrwkwtlx/virtualenv/bms/3.11/lib/python3.11/site-packages/django/views/debug.py", line 69, in technical_500_response
    html = reporter.get_traceback_html()
           ^^^^^^^^^^^^^^^^^^^^^^^^^^^^^
  File "/home/rrwkwtlx/virtualenv/bms/3.11/lib/python3.11/site-packages/django/views/debug.py", line 428, in get_traceback_html
    c = Context(self.get_traceback_data(), use_l10n=False)
                ^^^^^^^^^^^^^^^^^^^^^^^^^
  File "/home/rrwkwtlx/virtualenv/bms/3.11/lib/python3.11/site-packages/django/views/debug.py", line 411, in get_traceback_data
    c["raising_view_name"] = get_caller(self.request)
                             ^^^^^^^^^^^^^^^^^^^^^^^^
  File "/home/rrwkwtlx/virtualenv/bms/3.11/lib/python3.11/site-packages/django/views/debug.py", line 102, in get_caller
    resolver_match = resolve(request.path)
                     ^^^^^^^^^^^^^^^^^^^^^
  File "/home/rrwkwtlx/virtualenv/bms/3.11/lib/python3.11/site-packages/django/urls/base.py", line 25, in resolve
    return get_resolver(urlconf).resolve(path)
           ^^^^^^^^^^^^^^^^^^^^^^^^^^^^^^^^^^^
  File "/home/rrwkwtlx/virtualenv/bms/3.11/lib/python3.11/site-packages/django/urls/resolvers.py", line 666, in resolve
    for pattern in self.url_patterns:
                   ^^^^^^^^^^^^^^^^^
  File "/home/rrwkwtlx/virtualenv/bms/3.11/lib/python3.11/site-packages/django/utils/functional.py", line 47, in __get__
    res = instance.__dict__[self.name] = self.func(instance)
                                         ^^^^^^^^^^^^^^^^^^^
  File "/home/rrwkwtlx/virtualenv/bms/3.11/lib/python3.11/site-packages/django/urls/resolvers.py", line 718, in url_patterns
    patterns = getattr(self.urlconf_module, "urlpatterns", self.urlconf_module)
                       ^^^^^^^^^^^^^^^^^^^
  File "/home/rrwkwtlx/virtualenv/bms/3.11/lib/python3.11/site-packages/django/utils/functional.py", line 47, in __get__
    res = instance.__dict__[self.name] = self.func(instance)
                                         ^^^^^^^^^^^^^^^^^^^
  File "/home/rrwkwtlx/virtualenv/bms/3.11/lib/python3.11/site-packages/django/urls/resolvers.py", line 711, in urlconf_module
    return import_module(self.urlconf_name)
           ^^^^^^^^^^^^^^^^^^^^^^^^^^^^^^^^
  File "/opt/alt/python311/lib64/python3.11/importlib/__init__.py", line 126, in import_module
    return _bootstrap._gcd_import(name[level:], package, level)
           ^^^^^^^^^^^^^^^^^^^^^^^^^^^^^^^^^^^^^^^^^^^^^^^^^^^^
  File "<frozen importlib._bootstrap>", line 1204, in _gcd_import
  File "<frozen importlib._bootstrap>", line 1176, in _find_and_load
  File "<frozen importlib._bootstrap>", line 1147, in _find_and_load_unlocked
  File "<frozen importlib._bootstrap>", line 690, in _load_unlocked
  File "<frozen importlib._bootstrap_external>", line 940, in exec_module
  File "<frozen importlib._bootstrap>", line 241, in _call_with_frames_removed
  File "/home/rrwkwtlx/bms/bms/urls.py", line 14, in <module>
    path('allvideo', all_vid),
                     ^^^^^^^
NameError: name 'all_vid' is not defined

During handling of the above exception, another exception occurred:

Traceback (most recent call last):
  File "/home/rrwkwtlx/virtualenv/bms/3.11/lib/python3.11/site-packages/django/core/handlers/exception.py", line 55, in inner
    response = get_response(request)
               ^^^^^^^^^^^^^^^^^^^^^
  File "/home/rrwkwtlx/virtualenv/bms/3.11/lib/python3.11/site-packages/django/utils/deprecation.py", line 120, in __call__
    response = response or self.get_response(request)
                           ^^^^^^^^^^^^^^^^^^^^^^^^^^
  File "/home/rrwkwtlx/virtualenv/bms/3.11/lib/python3.11/site-packages/django/core/handlers/exception.py", line 57, in inner
    response = response_for_exception(request, exc)
               ^^^^^^^^^^^^^^^^^^^^^^^^^^^^^^^^^^^^
  File "/home/rrwkwtlx/virtualenv/bms/3.11/lib/python3.11/site-packages/django/core/handlers/exception.py", line 141, in response_for_exception
    response = handle_uncaught_exception(
               ^^^^^^^^^^^^^^^^^^^^^^^^^^
  File "/home/rrwkwtlx/virtualenv/bms/3.11/lib/python3.11/site-packages/django/core/handlers/exception.py", line 182, in handle_uncaught_exception
    return debug.technical_500_response(request, *exc_info)
           ^^^^^^^^^^^^^^^^^^^^^^^^^^^^^^^^^^^^^^^^^^^^^^^^
  File "/home/rrwkwtlx/virtualenv/bms/3.11/lib/python3.11/site-packages/django/views/debug.py", line 69, in technical_500_response
    html = reporter.get_traceback_html()
           ^^^^^^^^^^^^^^^^^^^^^^^^^^^^^
  File "/home/rrwkwtlx/virtualenv/bms/3.11/lib/python3.11/site-packages/django/views/debug.py", line 428, in get_traceback_html
    c = Context(self.get_traceback_data(), use_l10n=False)
                ^^^^^^^^^^^^^^^^^^^^^^^^^
  File "/home/rrwkwtlx/virtualenv/bms/3.11/lib/python3.11/site-packages/django/views/debug.py", line 411, in get_traceback_data
    c["raising_view_name"] = get_caller(self.request)
                             ^^^^^^^^^^^^^^^^^^^^^^^^
  File "/home/rrwkwtlx/virtualenv/bms/3.11/lib/python3.11/site-packages/django/views/debug.py", line 102, in get_caller
    resolver_match = resolve(request.path)
                     ^^^^^^^^^^^^^^^^^^^^^
  File "/home/rrwkwtlx/virtualenv/bms/3.11/lib/python3.11/site-packages/django/urls/base.py", line 25, in resolve
    return get_resolver(urlconf).resolve(path)
           ^^^^^^^^^^^^^^^^^^^^^^^^^^^^^^^^^^^
  File "/home/rrwkwtlx/virtualenv/bms/3.11/lib/python3.11/site-packages/django/urls/resolvers.py", line 666, in resolve
    for pattern in self.url_patterns:
                   ^^^^^^^^^^^^^^^^^
  File "/home/rrwkwtlx/virtualenv/bms/3.11/lib/python3.11/site-packages/django/utils/functional.py", line 47, in __get__
    res = instance.__dict__[self.name] = self.func(instance)
                                         ^^^^^^^^^^^^^^^^^^^
  File "/home/rrwkwtlx/virtualenv/bms/3.11/lib/python3.11/site-packages/django/urls/resolvers.py", line 718, in url_patterns
    patterns = getattr(self.urlconf_module, "urlpatterns", self.urlconf_module)
                       ^^^^^^^^^^^^^^^^^^^
  File "/home/rrwkwtlx/virtualenv/bms/3.11/lib/python3.11/site-packages/django/utils/functional.py", line 47, in __get__
    res = instance.__dict__[self.name] = self.func(instance)
                                         ^^^^^^^^^^^^^^^^^^^
  File "/home/rrwkwtlx/virtualenv/bms/3.11/lib/python3.11/site-packages/django/urls/resolvers.py", line 711, in urlconf_module
    return import_module(self.urlconf_name)
           ^^^^^^^^^^^^^^^^^^^^^^^^^^^^^^^^
  File "/opt/alt/python311/lib64/python3.11/importlib/__init__.py", line 126, in import_module
    return _bootstrap._gcd_import(name[level:], package, level)
           ^^^^^^^^^^^^^^^^^^^^^^^^^^^^^^^^^^^^^^^^^^^^^^^^^^^^
  File "<frozen importlib._bootstrap>", line 1204, in _gcd_import
  File "<frozen importlib._bootstrap>", line 1176, in _find_and_load
  File "<frozen importlib._bootstrap>", line 1147, in _find_and_load_unlocked
  File "<frozen importlib._bootstrap>", line 690, in _load_unlocked
  File "<frozen importlib._bootstrap_external>", line 940, in exec_module
  File "<frozen importlib._bootstrap>", line 241, in _call_with_frames_removed
  File "/home/rrwkwtlx/bms/bms/urls.py", line 14, in <module>
    path('allvideo', all_vid),
                     ^^^^^^^
NameError: name 'all_vid' is not defined

During handling of the above exception, another exception occurred:

Traceback (most recent call last):
  File "/home/rrwkwtlx/virtualenv/bms/3.11/lib/python3.11/site-packages/django/core/handlers/exception.py", line 55, in inner
    response = get_response(request)
               ^^^^^^^^^^^^^^^^^^^^^
  File "/home/rrwkwtlx/virtualenv/bms/3.11/lib/python3.11/site-packages/django/utils/deprecation.py", line 120, in __call__
    response = response or self.get_response(request)
                           ^^^^^^^^^^^^^^^^^^^^^^^^^^
  File "/home/rrwkwtlx/virtualenv/bms/3.11/lib/python3.11/site-packages/django/core/handlers/exception.py", line 57, in inner
    response = response_for_exception(request, exc)
               ^^^^^^^^^^^^^^^^^^^^^^^^^^^^^^^^^^^^
  File "/home/rrwkwtlx/virtualenv/bms/3.11/lib/python3.11/site-packages/django/core/handlers/exception.py", line 141, in response_for_exception
    response = handle_uncaught_exception(
               ^^^^^^^^^^^^^^^^^^^^^^^^^^
  File "/home/rrwkwtlx/virtualenv/bms/3.11/lib/python3.11/site-packages/django/core/handlers/exception.py", line 182, in handle_uncaught_exception
    return debug.technical_500_response(request, *exc_info)
           ^^^^^^^^^^^^^^^^^^^^^^^^^^^^^^^^^^^^^^^^^^^^^^^^
  File "/home/rrwkwtlx/virtualenv/bms/3.11/lib/python3.11/site-packages/django/views/debug.py", line 69, in technical_500_response
    html = reporter.get_traceback_html()
           ^^^^^^^^^^^^^^^^^^^^^^^^^^^^^
  File "/home/rrwkwtlx/virtualenv/bms/3.11/lib/python3.11/site-packages/django/views/debug.py", line 428, in get_traceback_html
    c = Context(self.get_traceback_data(), use_l10n=False)
                ^^^^^^^^^^^^^^^^^^^^^^^^^
  File "/home/rrwkwtlx/virtualenv/bms/3.11/lib/python3.11/site-packages/django/views/debug.py", line 411, in get_traceback_data
    c["raising_view_name"] = get_caller(self.request)
                             ^^^^^^^^^^^^^^^^^^^^^^^^
  File "/home/rrwkwtlx/virtualenv/bms/3.11/lib/python3.11/site-packages/django/views/debug.py", line 102, in get_caller
    resolver_match = resolve(request.path)
                     ^^^^^^^^^^^^^^^^^^^^^
  File "/home/rrwkwtlx/virtualenv/bms/3.11/lib/python3.11/site-packages/django/urls/base.py", line 25, in resolve
    return get_resolver(urlconf).resolve(path)
           ^^^^^^^^^^^^^^^^^^^^^^^^^^^^^^^^^^^
  File "/home/rrwkwtlx/virtualenv/bms/3.11/lib/python3.11/site-packages/django/urls/resolvers.py", line 666, in resolve
    for pattern in self.url_patterns:
                   ^^^^^^^^^^^^^^^^^
  File "/home/rrwkwtlx/virtualenv/bms/3.11/lib/python3.11/site-packages/django/utils/functional.py", line 47, in __get__
    res = instance.__dict__[self.name] = self.func(instance)
                                         ^^^^^^^^^^^^^^^^^^^
  File "/home/rrwkwtlx/virtualenv/bms/3.11/lib/python3.11/site-packages/django/urls/resolvers.py", line 718, in url_patterns
    patterns = getattr(self.urlconf_module, "urlpatterns", self.urlconf_module)
                       ^^^^^^^^^^^^^^^^^^^
  File "/home/rrwkwtlx/virtualenv/bms/3.11/lib/python3.11/site-packages/django/utils/functional.py", line 47, in __get__
    res = instance.__dict__[self.name] = self.func(instance)
                                         ^^^^^^^^^^^^^^^^^^^
  File "/home/rrwkwtlx/virtualenv/bms/3.11/lib/python3.11/site-packages/django/urls/resolvers.py", line 711, in urlconf_module
    return import_module(self.urlconf_name)
           ^^^^^^^^^^^^^^^^^^^^^^^^^^^^^^^^
  File "/opt/alt/python311/lib64/python3.11/importlib/__init__.py", line 126, in import_module
    return _bootstrap._gcd_import(name[level:], package, level)
           ^^^^^^^^^^^^^^^^^^^^^^^^^^^^^^^^^^^^^^^^^^^^^^^^^^^^
  File "<frozen importlib._bootstrap>", line 1204, in _gcd_import
  File "<frozen importlib._bootstrap>", line 1176, in _find_and_load
  File "<frozen importlib._bootstrap>", line 1147, in _find_and_load_unlocked
  File "<frozen importlib._bootstrap>", line 690, in _load_unlocked
  File "<frozen importlib._bootstrap_external>", line 940, in exec_module
  File "<frozen importlib._bootstrap>", line 241, in _call_with_frames_removed
  File "/home/rrwkwtlx/bms/bms/urls.py", line 14, in <module>
    path('allvideo', all_vid),
                     ^^^^^^^
NameError: name 'all_vid' is not defined

During handling of the above exception, another exception occurred:

Traceback (most recent call last):
  File "/home/rrwkwtlx/virtualenv/bms/3.11/lib/python3.11/site-packages/django/core/handlers/exception.py", line 55, in inner
    response = get_response(request)
               ^^^^^^^^^^^^^^^^^^^^^
  File "/home/rrwkwtlx/virtualenv/bms/3.11/lib/python3.11/site-packages/django/utils/deprecation.py", line 120, in __call__
    response = response or self.get_response(request)
                           ^^^^^^^^^^^^^^^^^^^^^^^^^^
  File "/home/rrwkwtlx/virtualenv/bms/3.11/lib/python3.11/site-packages/django/core/handlers/exception.py", line 57, in inner
    response = response_for_exception(request, exc)
               ^^^^^^^^^^^^^^^^^^^^^^^^^^^^^^^^^^^^
  File "/home/rrwkwtlx/virtualenv/bms/3.11/lib/python3.11/site-packages/django/core/handlers/exception.py", line 141, in response_for_exception
    response = handle_uncaught_exception(
               ^^^^^^^^^^^^^^^^^^^^^^^^^^
  File "/home/rrwkwtlx/virtualenv/bms/3.11/lib/python3.11/site-packages/django/core/handlers/exception.py", line 182, in handle_uncaught_exception
    return debug.technical_500_response(request, *exc_info)
           ^^^^^^^^^^^^^^^^^^^^^^^^^^^^^^^^^^^^^^^^^^^^^^^^
  File "/home/rrwkwtlx/virtualenv/bms/3.11/lib/python3.11/site-packages/django/views/debug.py", line 69, in technical_500_response
    html = reporter.get_traceback_html()
           ^^^^^^^^^^^^^^^^^^^^^^^^^^^^^
  File "/home/rrwkwtlx/virtualenv/bms/3.11/lib/python3.11/site-packages/django/views/debug.py", line 428, in get_traceback_html
    c = Context(self.get_traceback_data(), use_l10n=False)
                ^^^^^^^^^^^^^^^^^^^^^^^^^
  File "/home/rrwkwtlx/virtualenv/bms/3.11/lib/python3.11/site-packages/django/views/debug.py", line 411, in get_traceback_data
    c["raising_view_name"] = get_caller(self.request)
                             ^^^^^^^^^^^^^^^^^^^^^^^^
  File "/home/rrwkwtlx/virtualenv/bms/3.11/lib/python3.11/site-packages/django/views/debug.py", line 102, in get_caller
    resolver_match = resolve(request.path)
                     ^^^^^^^^^^^^^^^^^^^^^
  File "/home/rrwkwtlx/virtualenv/bms/3.11/lib/python3.11/site-packages/django/urls/base.py", line 25, in resolve
    return get_resolver(urlconf).resolve(path)
           ^^^^^^^^^^^^^^^^^^^^^^^^^^^^^^^^^^^
  File "/home/rrwkwtlx/virtualenv/bms/3.11/lib/python3.11/site-packages/django/urls/resolvers.py", line 666, in resolve
    for pattern in self.url_patterns:
                   ^^^^^^^^^^^^^^^^^
  File "/home/rrwkwtlx/virtualenv/bms/3.11/lib/python3.11/site-packages/django/utils/functional.py", line 47, in __get__
    res = instance.__dict__[self.name] = self.func(instance)
                                         ^^^^^^^^^^^^^^^^^^^
  File "/home/rrwkwtlx/virtualenv/bms/3.11/lib/python3.11/site-packages/django/urls/resolvers.py", line 718, in url_patterns
    patterns = getattr(self.urlconf_module, "urlpatterns", self.urlconf_module)
                       ^^^^^^^^^^^^^^^^^^^
  File "/home/rrwkwtlx/virtualenv/bms/3.11/lib/python3.11/site-packages/django/utils/functional.py", line 47, in __get__
    res = instance.__dict__[self.name] = self.func(instance)
                                         ^^^^^^^^^^^^^^^^^^^
  File "/home/rrwkwtlx/virtualenv/bms/3.11/lib/python3.11/site-packages/django/urls/resolvers.py", line 711, in urlconf_module
    return import_module(self.urlconf_name)
           ^^^^^^^^^^^^^^^^^^^^^^^^^^^^^^^^
  File "/opt/alt/python311/lib64/python3.11/importlib/__init__.py", line 126, in import_module
    return _bootstrap._gcd_import(name[level:], package, level)
           ^^^^^^^^^^^^^^^^^^^^^^^^^^^^^^^^^^^^^^^^^^^^^^^^^^^^
  File "<frozen importlib._bootstrap>", line 1204, in _gcd_import
  File "<frozen importlib._bootstrap>", line 1176, in _find_and_load
  File "<frozen importlib._bootstrap>", line 1147, in _find_and_load_unlocked
  File "<frozen importlib._bootstrap>", line 690, in _load_unlocked
  File "<frozen importlib._bootstrap_external>", line 940, in exec_module
  File "<frozen importlib._bootstrap>", line 241, in _call_with_frames_removed
  File "/home/rrwkwtlx/bms/bms/urls.py", line 14, in <module>
    path('allvideo', all_vid),
                     ^^^^^^^
NameError: name 'all_vid' is not defined

During handling of the above exception, another exception occurred:

Traceback (most recent call last):
  File "/home/rrwkwtlx/virtualenv/bms/3.11/lib/python3.11/site-packages/django/core/handlers/exception.py", line 55, in inner
    response = get_response(request)
               ^^^^^^^^^^^^^^^^^^^^^
  File "/home/rrwkwtlx/virtualenv/bms/3.11/lib/python3.11/site-packages/django/utils/deprecation.py", line 120, in __call__
    response = response or self.get_response(request)
                           ^^^^^^^^^^^^^^^^^^^^^^^^^^
  File "/home/rrwkwtlx/virtualenv/bms/3.11/lib/python3.11/site-packages/django/core/handlers/exception.py", line 57, in inner
    response = response_for_exception(request, exc)
               ^^^^^^^^^^^^^^^^^^^^^^^^^^^^^^^^^^^^
  File "/home/rrwkwtlx/virtualenv/bms/3.11/lib/python3.11/site-packages/django/core/handlers/exception.py", line 141, in response_for_exception
    response = handle_uncaught_exception(
               ^^^^^^^^^^^^^^^^^^^^^^^^^^
  File "/home/rrwkwtlx/virtualenv/bms/3.11/lib/python3.11/site-packages/django/core/handlers/exception.py", line 182, in handle_uncaught_exception
    return debug.technical_500_response(request, *exc_info)
           ^^^^^^^^^^^^^^^^^^^^^^^^^^^^^^^^^^^^^^^^^^^^^^^^
  File "/home/rrwkwtlx/virtualenv/bms/3.11/lib/python3.11/site-packages/django/views/debug.py", line 69, in technical_500_response
    html = reporter.get_traceback_html()
           ^^^^^^^^^^^^^^^^^^^^^^^^^^^^^
  File "/home/rrwkwtlx/virtualenv/bms/3.11/lib/python3.11/site-packages/django/views/debug.py", line 428, in get_traceback_html
    c = Context(self.get_traceback_data(), use_l10n=False)
                ^^^^^^^^^^^^^^^^^^^^^^^^^
  File "/home/rrwkwtlx/virtualenv/bms/3.11/lib/python3.11/site-packages/django/views/debug.py", line 411, in get_traceback_data
    c["raising_view_name"] = get_caller(self.request)
                             ^^^^^^^^^^^^^^^^^^^^^^^^
  File "/home/rrwkwtlx/virtualenv/bms/3.11/lib/python3.11/site-packages/django/views/debug.py", line 102, in get_caller
    resolver_match = resolve(request.path)
                     ^^^^^^^^^^^^^^^^^^^^^
  File "/home/rrwkwtlx/virtualenv/bms/3.11/lib/python3.11/site-packages/django/urls/base.py", line 25, in resolve
    return get_resolver(urlconf).resolve(path)
           ^^^^^^^^^^^^^^^^^^^^^^^^^^^^^^^^^^^
  File "/home/rrwkwtlx/virtualenv/bms/3.11/lib/python3.11/site-packages/django/urls/resolvers.py", line 666, in resolve
    for pattern in self.url_patterns:
                   ^^^^^^^^^^^^^^^^^
  File "/home/rrwkwtlx/virtualenv/bms/3.11/lib/python3.11/site-packages/django/utils/functional.py", line 47, in __get__
    res = instance.__dict__[self.name] = self.func(instance)
                                         ^^^^^^^^^^^^^^^^^^^
  File "/home/rrwkwtlx/virtualenv/bms/3.11/lib/python3.11/site-packages/django/urls/resolvers.py", line 718, in url_patterns
    patterns = getattr(self.urlconf_module, "urlpatterns", self.urlconf_module)
                       ^^^^^^^^^^^^^^^^^^^
  File "/home/rrwkwtlx/virtualenv/bms/3.11/lib/python3.11/site-packages/django/utils/functional.py", line 47, in __get__
    res = instance.__dict__[self.name] = self.func(instance)
                                         ^^^^^^^^^^^^^^^^^^^
  File "/home/rrwkwtlx/virtualenv/bms/3.11/lib/python3.11/site-packages/django/urls/resolvers.py", line 711, in urlconf_module
    return import_module(self.urlconf_name)
           ^^^^^^^^^^^^^^^^^^^^^^^^^^^^^^^^
  File "/opt/alt/python311/lib64/python3.11/importlib/__init__.py", line 126, in import_module
    return _bootstrap._gcd_import(name[level:], package, level)
           ^^^^^^^^^^^^^^^^^^^^^^^^^^^^^^^^^^^^^^^^^^^^^^^^^^^^
  File "<frozen importlib._bootstrap>", line 1204, in _gcd_import
  File "<frozen importlib._bootstrap>", line 1176, in _find_and_load
  File "<frozen importlib._bootstrap>", line 1147, in _find_and_load_unlocked
  File "<frozen importlib._bootstrap>", line 690, in _load_unlocked
  File "<frozen importlib._bootstrap_external>", line 940, in exec_module
  File "<frozen importlib._bootstrap>", line 241, in _call_with_frames_removed
  File "/home/rrwkwtlx/bms/bms/urls.py", line 14, in <module>
    path('allvideo', all_vid),
                     ^^^^^^^
NameError: name 'all_vid' is not defined

During handling of the above exception, another exception occurred:

Traceback (most recent call last):
  File "/home/rrwkwtlx/virtualenv/bms/3.11/lib/python3.11/site-packages/django/core/handlers/exception.py", line 55, in inner
    response = get_response(request)
               ^^^^^^^^^^^^^^^^^^^^^
  File "/home/rrwkwtlx/virtualenv/bms/3.11/lib/python3.11/site-packages/django/utils/deprecation.py", line 120, in __call__
    response = response or self.get_response(request)
                           ^^^^^^^^^^^^^^^^^^^^^^^^^^
  File "/home/rrwkwtlx/virtualenv/bms/3.11/lib/python3.11/site-packages/django/core/handlers/exception.py", line 57, in inner
    response = response_for_exception(request, exc)
               ^^^^^^^^^^^^^^^^^^^^^^^^^^^^^^^^^^^^
  File "/home/rrwkwtlx/virtualenv/bms/3.11/lib/python3.11/site-packages/django/core/handlers/exception.py", line 141, in response_for_exception
    response = handle_uncaught_exception(
               ^^^^^^^^^^^^^^^^^^^^^^^^^^
  File "/home/rrwkwtlx/virtualenv/bms/3.11/lib/python3.11/site-packages/django/core/handlers/exception.py", line 182, in handle_uncaught_exception
    return debug.technical_500_response(request, *exc_info)
           ^^^^^^^^^^^^^^^^^^^^^^^^^^^^^^^^^^^^^^^^^^^^^^^^
  File "/home/rrwkwtlx/virtualenv/bms/3.11/lib/python3.11/site-packages/django/views/debug.py", line 69, in technical_500_response
    html = reporter.get_traceback_html()
           ^^^^^^^^^^^^^^^^^^^^^^^^^^^^^
  File "/home/rrwkwtlx/virtualenv/bms/3.11/lib/python3.11/site-packages/django/views/debug.py", line 428, in get_traceback_html
    c = Context(self.get_traceback_data(), use_l10n=False)
                ^^^^^^^^^^^^^^^^^^^^^^^^^
  File "/home/rrwkwtlx/virtualenv/bms/3.11/lib/python3.11/site-packages/django/views/debug.py", line 411, in get_traceback_data
    c["raising_view_name"] = get_caller(self.request)
                             ^^^^^^^^^^^^^^^^^^^^^^^^
  File "/home/rrwkwtlx/virtualenv/bms/3.11/lib/python3.11/site-packages/django/views/debug.py", line 102, in get_caller
    resolver_match = resolve(request.path)
                     ^^^^^^^^^^^^^^^^^^^^^
  File "/home/rrwkwtlx/virtualenv/bms/3.11/lib/python3.11/site-packages/django/urls/base.py", line 25, in resolve
    return get_resolver(urlconf).resolve(path)
           ^^^^^^^^^^^^^^^^^^^^^^^^^^^^^^^^^^^
  File "/home/rrwkwtlx/virtualenv/bms/3.11/lib/python3.11/site-packages/django/urls/resolvers.py", line 666, in resolve
    for pattern in self.url_patterns:
                   ^^^^^^^^^^^^^^^^^
  File "/home/rrwkwtlx/virtualenv/bms/3.11/lib/python3.11/site-packages/django/utils/functional.py", line 47, in __get__
    res = instance.__dict__[self.name] = self.func(instance)
                                         ^^^^^^^^^^^^^^^^^^^
  File "/home/rrwkwtlx/virtualenv/bms/3.11/lib/python3.11/site-packages/django/urls/resolvers.py", line 718, in url_patterns
    patterns = getattr(self.urlconf_module, "urlpatterns", self.urlconf_module)
                       ^^^^^^^^^^^^^^^^^^^
  File "/home/rrwkwtlx/virtualenv/bms/3.11/lib/python3.11/site-packages/django/utils/functional.py", line 47, in __get__
    res = instance.__dict__[self.name] = self.func(instance)
                                         ^^^^^^^^^^^^^^^^^^^
  File "/home/rrwkwtlx/virtualenv/bms/3.11/lib/python3.11/site-packages/django/urls/resolvers.py", line 711, in urlconf_module
    return import_module(self.urlconf_name)
           ^^^^^^^^^^^^^^^^^^^^^^^^^^^^^^^^
  File "/opt/alt/python311/lib64/python3.11/importlib/__init__.py", line 126, in import_module
    return _bootstrap._gcd_import(name[level:], package, level)
           ^^^^^^^^^^^^^^^^^^^^^^^^^^^^^^^^^^^^^^^^^^^^^^^^^^^^
  File "<frozen importlib._bootstrap>", line 1204, in _gcd_import
  File "<frozen importlib._bootstrap>", line 1176, in _find_and_load
  File "<frozen importlib._bootstrap>", line 1147, in _find_and_load_unlocked
  File "<frozen importlib._bootstrap>", line 690, in _load_unlocked
  File "<frozen importlib._bootstrap_external>", line 940, in exec_module
  File "<frozen importlib._bootstrap>", line 241, in _call_with_frames_removed
  File "/home/rrwkwtlx/bms/bms/urls.py", line 14, in <module>
    path('allvideo', all_vid),
                     ^^^^^^^
NameError: name 'all_vid' is not defined

During handling of the above exception, another exception occurred:

Traceback (most recent call last):
  File "/home/rrwkwtlx/virtualenv/bms/3.11/lib/python3.11/site-packages/django/core/handlers/exception.py", line 55, in inner
    response = get_response(request)
               ^^^^^^^^^^^^^^^^^^^^^
  File "/home/rrwkwtlx/virtualenv/bms/3.11/lib/python3.11/site-packages/whitenoise/middleware.py", line 123, in __call__
    return self.get_response(request)
           ^^^^^^^^^^^^^^^^^^^^^^^^^^
  File "/home/rrwkwtlx/virtualenv/bms/3.11/lib/python3.11/site-packages/django/core/handlers/exception.py", line 57, in inner
    response = response_for_exception(request, exc)
               ^^^^^^^^^^^^^^^^^^^^^^^^^^^^^^^^^^^^
  File "/home/rrwkwtlx/virtualenv/bms/3.11/lib/python3.11/site-packages/django/core/handlers/exception.py", line 141, in response_for_exception
    response = handle_uncaught_exception(
               ^^^^^^^^^^^^^^^^^^^^^^^^^^
  File "/home/rrwkwtlx/virtualenv/bms/3.11/lib/python3.11/site-packages/django/core/handlers/exception.py", line 182, in handle_uncaught_exception
    return debug.technical_500_response(request, *exc_info)
           ^^^^^^^^^^^^^^^^^^^^^^^^^^^^^^^^^^^^^^^^^^^^^^^^
  File "/home/rrwkwtlx/virtualenv/bms/3.11/lib/python3.11/site-packages/django/views/debug.py", line 69, in technical_500_response
    html = reporter.get_traceback_html()
           ^^^^^^^^^^^^^^^^^^^^^^^^^^^^^
  File "/home/rrwkwtlx/virtualenv/bms/3.11/lib/python3.11/site-packages/django/views/debug.py", line 428, in get_traceback_html
    c = Context(self.get_traceback_data(), use_l10n=False)
                ^^^^^^^^^^^^^^^^^^^^^^^^^
  File "/home/rrwkwtlx/virtualenv/bms/3.11/lib/python3.11/site-packages/django/views/debug.py", line 411, in get_traceback_data
    c["raising_view_name"] = get_caller(self.request)
                             ^^^^^^^^^^^^^^^^^^^^^^^^
  File "/home/rrwkwtlx/virtualenv/bms/3.11/lib/python3.11/site-packages/django/views/debug.py", line 102, in get_caller
    resolver_match = resolve(request.path)
                     ^^^^^^^^^^^^^^^^^^^^^
  File "/home/rrwkwtlx/virtualenv/bms/3.11/lib/python3.11/site-packages/django/urls/base.py", line 25, in resolve
    return get_resolver(urlconf).resolve(path)
           ^^^^^^^^^^^^^^^^^^^^^^^^^^^^^^^^^^^
  File "/home/rrwkwtlx/virtualenv/bms/3.11/lib/python3.11/site-packages/django/urls/resolvers.py", line 666, in resolve
    for pattern in self.url_patterns:
                   ^^^^^^^^^^^^^^^^^
  File "/home/rrwkwtlx/virtualenv/bms/3.11/lib/python3.11/site-packages/django/utils/functional.py", line 47, in __get__
    res = instance.__dict__[self.name] = self.func(instance)
                                         ^^^^^^^^^^^^^^^^^^^
  File "/home/rrwkwtlx/virtualenv/bms/3.11/lib/python3.11/site-packages/django/urls/resolvers.py", line 718, in url_patterns
    patterns = getattr(self.urlconf_module, "urlpatterns", self.urlconf_module)
                       ^^^^^^^^^^^^^^^^^^^
  File "/home/rrwkwtlx/virtualenv/bms/3.11/lib/python3.11/site-packages/django/utils/functional.py", line 47, in __get__
    res = instance.__dict__[self.name] = self.func(instance)
                                         ^^^^^^^^^^^^^^^^^^^
  File "/home/rrwkwtlx/virtualenv/bms/3.11/lib/python3.11/site-packages/django/urls/resolvers.py", line 711, in urlconf_module
    return import_module(self.urlconf_name)
           ^^^^^^^^^^^^^^^^^^^^^^^^^^^^^^^^
  File "/opt/alt/python311/lib64/python3.11/importlib/__init__.py", line 126, in import_module
    return _bootstrap._gcd_import(name[level:], package, level)
           ^^^^^^^^^^^^^^^^^^^^^^^^^^^^^^^^^^^^^^^^^^^^^^^^^^^^
  File "<frozen importlib._bootstrap>", line 1204, in _gcd_import
  File "<frozen importlib._bootstrap>", line 1176, in _find_and_load
  File "<frozen importlib._bootstrap>", line 1147, in _find_and_load_unlocked
  File "<frozen importlib._bootstrap>", line 690, in _load_unlocked
  File "<frozen importlib._bootstrap_external>", line 940, in exec_module
  File "<frozen importlib._bootstrap>", line 241, in _call_with_frames_removed
  File "/home/rrwkwtlx/bms/bms/urls.py", line 14, in <module>
    path('allvideo', all_vid),
                     ^^^^^^^
NameError: name 'all_vid' is not defined

During handling of the above exception, another exception occurred:

Traceback (most recent call last):
  File "/home/rrwkwtlx/virtualenv/bms/3.11/lib/python3.11/site-packages/django/core/handlers/exception.py", line 55, in inner
    response = get_response(request)
               ^^^^^^^^^^^^^^^^^^^^^
  File "/home/rrwkwtlx/virtualenv/bms/3.11/lib/python3.11/site-packages/django/utils/deprecation.py", line 120, in __call__
    response = response or self.get_response(request)
                           ^^^^^^^^^^^^^^^^^^^^^^^^^^
  File "/home/rrwkwtlx/virtualenv/bms/3.11/lib/python3.11/site-packages/django/core/handlers/exception.py", line 57, in inner
    response = response_for_exception(request, exc)
               ^^^^^^^^^^^^^^^^^^^^^^^^^^^^^^^^^^^^
  File "/home/rrwkwtlx/virtualenv/bms/3.11/lib/python3.11/site-packages/django/core/handlers/exception.py", line 141, in response_for_exception
    response = handle_uncaught_exception(
               ^^^^^^^^^^^^^^^^^^^^^^^^^^
  File "/home/rrwkwtlx/virtualenv/bms/3.11/lib/python3.11/site-packages/django/core/handlers/exception.py", line 182, in handle_uncaught_exception
    return debug.technical_500_response(request, *exc_info)
           ^^^^^^^^^^^^^^^^^^^^^^^^^^^^^^^^^^^^^^^^^^^^^^^^
  File "/home/rrwkwtlx/virtualenv/bms/3.11/lib/python3.11/site-packages/django/views/debug.py", line 69, in technical_500_response
    html = reporter.get_traceback_html()
           ^^^^^^^^^^^^^^^^^^^^^^^^^^^^^
  File "/home/rrwkwtlx/virtualenv/bms/3.11/lib/python3.11/site-packages/django/views/debug.py", line 428, in get_traceback_html
    c = Context(self.get_traceback_data(), use_l10n=False)
                ^^^^^^^^^^^^^^^^^^^^^^^^^
  File "/home/rrwkwtlx/virtualenv/bms/3.11/lib/python3.11/site-packages/django/views/debug.py", line 411, in get_traceback_data
    c["raising_view_name"] = get_caller(self.request)
                             ^^^^^^^^^^^^^^^^^^^^^^^^
  File "/home/rrwkwtlx/virtualenv/bms/3.11/lib/python3.11/site-packages/django/views/debug.py", line 102, in get_caller
    resolver_match = resolve(request.path)
                     ^^^^^^^^^^^^^^^^^^^^^
  File "/home/rrwkwtlx/virtualenv/bms/3.11/lib/python3.11/site-packages/django/urls/base.py", line 25, in resolve
    return get_resolver(urlconf).resolve(path)
           ^^^^^^^^^^^^^^^^^^^^^^^^^^^^^^^^^^^
  File "/home/rrwkwtlx/virtualenv/bms/3.11/lib/python3.11/site-packages/django/urls/resolvers.py", line 666, in resolve
    for pattern in self.url_patterns:
                   ^^^^^^^^^^^^^^^^^
  File "/home/rrwkwtlx/virtualenv/bms/3.11/lib/python3.11/site-packages/django/utils/functional.py", line 47, in __get__
    res = instance.__dict__[self.name] = self.func(instance)
                                         ^^^^^^^^^^^^^^^^^^^
  File "/home/rrwkwtlx/virtualenv/bms/3.11/lib/python3.11/site-packages/django/urls/resolvers.py", line 718, in url_patterns
    patterns = getattr(self.urlconf_module, "urlpatterns", self.urlconf_module)
                       ^^^^^^^^^^^^^^^^^^^
  File "/home/rrwkwtlx/virtualenv/bms/3.11/lib/python3.11/site-packages/django/utils/functional.py", line 47, in __get__
    res = instance.__dict__[self.name] = self.func(instance)
                                         ^^^^^^^^^^^^^^^^^^^
  File "/home/rrwkwtlx/virtualenv/bms/3.11/lib/python3.11/site-packages/django/urls/resolvers.py", line 711, in urlconf_module
    return import_module(self.urlconf_name)
           ^^^^^^^^^^^^^^^^^^^^^^^^^^^^^^^^
  File "/opt/alt/python311/lib64/python3.11/importlib/__init__.py", line 126, in import_module
    return _bootstrap._gcd_import(name[level:], package, level)
           ^^^^^^^^^^^^^^^^^^^^^^^^^^^^^^^^^^^^^^^^^^^^^^^^^^^^
  File "<frozen importlib._bootstrap>", line 1204, in _gcd_import
  File "<frozen importlib._bootstrap>", line 1176, in _find_and_load
  File "<frozen importlib._bootstrap>", line 1147, in _find_and_load_unlocked
  File "<frozen importlib._bootstrap>", line 690, in _load_unlocked
  File "<frozen importlib._bootstrap_external>", line 940, in exec_module
  File "<frozen importlib._bootstrap>", line 241, in _call_with_frames_removed
  File "/home/rrwkwtlx/bms/bms/urls.py", line 14, in <module>
    path('allvideo', all_vid),
                     ^^^^^^^
NameError: name 'all_vid' is not defined

During handling of the above exception, another exception occurred:

Traceback (most recent call last):
  File "/home/rrwkwtlx/virtualenv/bms/3.11/lib/python3.11/site-packages/django/core/handlers/wsgi.py", line 124, in __call__
    response = self.get_response(request)
               ^^^^^^^^^^^^^^^^^^^^^^^^^^
  File "/home/rrwkwtlx/virtualenv/bms/3.11/lib/python3.11/site-packages/django/core/handlers/base.py", line 140, in get_response
    response = self._middleware_chain(request)
               ^^^^^^^^^^^^^^^^^^^^^^^^^^^^^^^
  File "/home/rrwkwtlx/virtualenv/bms/3.11/lib/python3.11/site-packages/django/core/handlers/exception.py", line 57, in inner
    response = response_for_exception(request, exc)
               ^^^^^^^^^^^^^^^^^^^^^^^^^^^^^^^^^^^^
  File "/home/rrwkwtlx/virtualenv/bms/3.11/lib/python3.11/site-packages/django/core/handlers/exception.py", line 141, in response_for_exception
    response = handle_uncaught_exception(
               ^^^^^^^^^^^^^^^^^^^^^^^^^^
  File "/home/rrwkwtlx/virtualenv/bms/3.11/lib/python3.11/site-packages/django/core/handlers/exception.py", line 182, in handle_uncaught_exception
    return debug.technical_500_response(request, *exc_info)
           ^^^^^^^^^^^^^^^^^^^^^^^^^^^^^^^^^^^^^^^^^^^^^^^^
  File "/home/rrwkwtlx/virtualenv/bms/3.11/lib/python3.11/site-packages/django/views/debug.py", line 69, in technical_500_response
    html = reporter.get_traceback_html()
           ^^^^^^^^^^^^^^^^^^^^^^^^^^^^^
  File "/home/rrwkwtlx/virtualenv/bms/3.11/lib/python3.11/site-packages/django/views/debug.py", line 428, in get_traceback_html
    c = Context(self.get_traceback_data(), use_l10n=False)
                ^^^^^^^^^^^^^^^^^^^^^^^^^
  File "/home/rrwkwtlx/virtualenv/bms/3.11/lib/python3.11/site-packages/django/views/debug.py", line 411, in get_traceback_data
    c["raising_view_name"] = get_caller(self.request)
                             ^^^^^^^^^^^^^^^^^^^^^^^^
  File "/home/rrwkwtlx/virtualenv/bms/3.11/lib/python3.11/site-packages/django/views/debug.py", line 102, in get_caller
    resolver_match = resolve(request.path)
                     ^^^^^^^^^^^^^^^^^^^^^
  File "/home/rrwkwtlx/virtualenv/bms/3.11/lib/python3.11/site-packages/django/urls/base.py", line 25, in resolve
    return get_resolver(urlconf).resolve(path)
           ^^^^^^^^^^^^^^^^^^^^^^^^^^^^^^^^^^^
  File "/home/rrwkwtlx/virtualenv/bms/3.11/lib/python3.11/site-packages/django/urls/resolvers.py", line 666, in resolve
    for pattern in self.url_patterns:
                   ^^^^^^^^^^^^^^^^^
  File "/home/rrwkwtlx/virtualenv/bms/3.11/lib/python3.11/site-packages/django/utils/functional.py", line 47, in __get__
    res = instance.__dict__[self.name] = self.func(instance)
                                         ^^^^^^^^^^^^^^^^^^^
  File "/home/rrwkwtlx/virtualenv/bms/3.11/lib/python3.11/site-packages/django/urls/resolvers.py", line 718, in url_patterns
    patterns = getattr(self.urlconf_module, "urlpatterns", self.urlconf_module)
                       ^^^^^^^^^^^^^^^^^^^
  File "/home/rrwkwtlx/virtualenv/bms/3.11/lib/python3.11/site-packages/django/utils/functional.py", line 47, in __get__
    res = instance.__dict__[self.name] = self.func(instance)
                                         ^^^^^^^^^^^^^^^^^^^
  File "/home/rrwkwtlx/virtualenv/bms/3.11/lib/python3.11/site-packages/django/urls/resolvers.py", line 711, in urlconf_module
    return import_module(self.urlconf_name)
           ^^^^^^^^^^^^^^^^^^^^^^^^^^^^^^^^
  File "/opt/alt/python311/lib64/python3.11/importlib/__init__.py", line 126, in import_module
    return _bootstrap._gcd_import(name[level:], package, level)
           ^^^^^^^^^^^^^^^^^^^^^^^^^^^^^^^^^^^^^^^^^^^^^^^^^^^^
  File "<frozen importlib._bootstrap>", line 1204, in _gcd_import
  File "<frozen importlib._bootstrap>", line 1176, in _find_and_load
  File "<frozen importlib._bootstrap>", line 1147, in _find_and_load_unlocked
  File "<frozen importlib._bootstrap>", line 690, in _load_unlocked
  File "<frozen importlib._bootstrap_external>", line 940, in exec_module
  File "<frozen importlib._bootstrap>", line 241, in _call_with_frames_removed
  File "/home/rrwkwtlx/bms/bms/urls.py", line 14, in <module>
    path('allvideo', all_vid),
                     ^^^^^^^
NameError: name 'all_vid' is not defined
[ERROR] [UID:1092][2086268] wsgiAppHandler pApp->start_response() return NULL.
Traceback (most recent call last):
  File "/home/rrwkwtlx/virtualenv/bms/3.11/lib/python3.11/site-packages/django/core/handlers/exception.py", line 55, in inner
    response = get_response(request)
               ^^^^^^^^^^^^^^^^^^^^^
  File "/home/rrwkwtlx/virtualenv/bms/3.11/lib/python3.11/site-packages/django/core/handlers/base.py", line 181, in _get_response
    callback, callback_args, callback_kwargs = self.resolve_request(request)
                                               ^^^^^^^^^^^^^^^^^^^^^^^^^^^^^
  File "/home/rrwkwtlx/virtualenv/bms/3.11/lib/python3.11/site-packages/django/core/handlers/base.py", line 313, in resolve_request
    resolver_match = resolver.resolve(request.path_info)
                     ^^^^^^^^^^^^^^^^^^^^^^^^^^^^^^^^^^^
  File "/home/rrwkwtlx/virtualenv/bms/3.11/lib/python3.11/site-packages/django/urls/resolvers.py", line 666, in resolve
    for pattern in self.url_patterns:
                   ^^^^^^^^^^^^^^^^^
  File "/home/rrwkwtlx/virtualenv/bms/3.11/lib/python3.11/site-packages/django/utils/functional.py", line 47, in __get__
    res = instance.__dict__[self.name] = self.func(instance)
                                         ^^^^^^^^^^^^^^^^^^^
  File "/home/rrwkwtlx/virtualenv/bms/3.11/lib/python3.11/site-packages/django/urls/resolvers.py", line 718, in url_patterns
    patterns = getattr(self.urlconf_module, "urlpatterns", self.urlconf_module)
                       ^^^^^^^^^^^^^^^^^^^
  File "/home/rrwkwtlx/virtualenv/bms/3.11/lib/python3.11/site-packages/django/utils/functional.py", line 47, in __get__
    res = instance.__dict__[self.name] = self.func(instance)
                                         ^^^^^^^^^^^^^^^^^^^
  File "/home/rrwkwtlx/virtualenv/bms/3.11/lib/python3.11/site-packages/django/urls/resolvers.py", line 711, in urlconf_module
    return import_module(self.urlconf_name)
           ^^^^^^^^^^^^^^^^^^^^^^^^^^^^^^^^
  File "/opt/alt/python311/lib64/python3.11/importlib/__init__.py", line 126, in import_module
    return _bootstrap._gcd_import(name[level:], package, level)
           ^^^^^^^^^^^^^^^^^^^^^^^^^^^^^^^^^^^^^^^^^^^^^^^^^^^^
  File "<frozen importlib._bootstrap>", line 1204, in _gcd_import
  File "<frozen importlib._bootstrap>", line 1176, in _find_and_load
  File "<frozen importlib._bootstrap>", line 1147, in _find_and_load_unlocked
  File "<frozen importlib._bootstrap>", line 690, in _load_unlocked
  File "<frozen importlib._bootstrap_external>", line 940, in exec_module
  File "<frozen importlib._bootstrap>", line 241, in _call_with_frames_removed
  File "/home/rrwkwtlx/bms/bms/urls.py", line 14, in <module>
    path('allvideo', all_vid),
                     ^^^^^^^
NameError: name 'all_vid' is not defined

During handling of the above exception, another exception occurred:

Traceback (most recent call last):
  File "/home/rrwkwtlx/virtualenv/bms/3.11/lib/python3.11/site-packages/django/core/handlers/exception.py", line 55, in inner
    response = get_response(request)
               ^^^^^^^^^^^^^^^^^^^^^
  File "/home/rrwkwtlx/virtualenv/bms/3.11/lib/python3.11/site-packages/django/utils/deprecation.py", line 120, in __call__
    response = response or self.get_response(request)
                           ^^^^^^^^^^^^^^^^^^^^^^^^^^
  File "/home/rrwkwtlx/virtualenv/bms/3.11/lib/python3.11/site-packages/django/core/handlers/exception.py", line 57, in inner
    response = response_for_exception(request, exc)
               ^^^^^^^^^^^^^^^^^^^^^^^^^^^^^^^^^^^^
  File "/home/rrwkwtlx/virtualenv/bms/3.11/lib/python3.11/site-packages/django/core/handlers/exception.py", line 141, in response_for_exception
    response = handle_uncaught_exception(
               ^^^^^^^^^^^^^^^^^^^^^^^^^^
  File "/home/rrwkwtlx/virtualenv/bms/3.11/lib/python3.11/site-packages/django/core/handlers/exception.py", line 182, in handle_uncaught_exception
    return debug.technical_500_response(request, *exc_info)
           ^^^^^^^^^^^^^^^^^^^^^^^^^^^^^^^^^^^^^^^^^^^^^^^^
  File "/home/rrwkwtlx/virtualenv/bms/3.11/lib/python3.11/site-packages/django/views/debug.py", line 69, in technical_500_response
    html = reporter.get_traceback_html()
           ^^^^^^^^^^^^^^^^^^^^^^^^^^^^^
  File "/home/rrwkwtlx/virtualenv/bms/3.11/lib/python3.11/site-packages/django/views/debug.py", line 428, in get_traceback_html
    c = Context(self.get_traceback_data(), use_l10n=False)
                ^^^^^^^^^^^^^^^^^^^^^^^^^
  File "/home/rrwkwtlx/virtualenv/bms/3.11/lib/python3.11/site-packages/django/views/debug.py", line 411, in get_traceback_data
    c["raising_view_name"] = get_caller(self.request)
                             ^^^^^^^^^^^^^^^^^^^^^^^^
  File "/home/rrwkwtlx/virtualenv/bms/3.11/lib/python3.11/site-packages/django/views/debug.py", line 102, in get_caller
    resolver_match = resolve(request.path)
                     ^^^^^^^^^^^^^^^^^^^^^
  File "/home/rrwkwtlx/virtualenv/bms/3.11/lib/python3.11/site-packages/django/urls/base.py", line 25, in resolve
    return get_resolver(urlconf).resolve(path)
           ^^^^^^^^^^^^^^^^^^^^^^^^^^^^^^^^^^^
  File "/home/rrwkwtlx/virtualenv/bms/3.11/lib/python3.11/site-packages/django/urls/resolvers.py", line 666, in resolve
    for pattern in self.url_patterns:
                   ^^^^^^^^^^^^^^^^^
  File "/home/rrwkwtlx/virtualenv/bms/3.11/lib/python3.11/site-packages/django/utils/functional.py", line 47, in __get__
    res = instance.__dict__[self.name] = self.func(instance)
                                         ^^^^^^^^^^^^^^^^^^^
  File "/home/rrwkwtlx/virtualenv/bms/3.11/lib/python3.11/site-packages/django/urls/resolvers.py", line 718, in url_patterns
    patterns = getattr(self.urlconf_module, "urlpatterns", self.urlconf_module)
                       ^^^^^^^^^^^^^^^^^^^
  File "/home/rrwkwtlx/virtualenv/bms/3.11/lib/python3.11/site-packages/django/utils/functional.py", line 47, in __get__
    res = instance.__dict__[self.name] = self.func(instance)
                                         ^^^^^^^^^^^^^^^^^^^
  File "/home/rrwkwtlx/virtualenv/bms/3.11/lib/python3.11/site-packages/django/urls/resolvers.py", line 711, in urlconf_module
    return import_module(self.urlconf_name)
           ^^^^^^^^^^^^^^^^^^^^^^^^^^^^^^^^
  File "/opt/alt/python311/lib64/python3.11/importlib/__init__.py", line 126, in import_module
    return _bootstrap._gcd_import(name[level:], package, level)
           ^^^^^^^^^^^^^^^^^^^^^^^^^^^^^^^^^^^^^^^^^^^^^^^^^^^^
  File "<frozen importlib._bootstrap>", line 1204, in _gcd_import
  File "<frozen importlib._bootstrap>", line 1176, in _find_and_load
  File "<frozen importlib._bootstrap>", line 1147, in _find_and_load_unlocked
  File "<frozen importlib._bootstrap>", line 690, in _load_unlocked
  File "<frozen importlib._bootstrap_external>", line 940, in exec_module
  File "<frozen importlib._bootstrap>", line 241, in _call_with_frames_removed
  File "/home/rrwkwtlx/bms/bms/urls.py", line 14, in <module>
    path('allvideo', all_vid),
                     ^^^^^^^
NameError: name 'all_vid' is not defined

During handling of the above exception, another exception occurred:

Traceback (most recent call last):
  File "/home/rrwkwtlx/virtualenv/bms/3.11/lib/python3.11/site-packages/django/core/handlers/exception.py", line 55, in inner
    response = get_response(request)
               ^^^^^^^^^^^^^^^^^^^^^
  File "/home/rrwkwtlx/virtualenv/bms/3.11/lib/python3.11/site-packages/django/utils/deprecation.py", line 120, in __call__
    response = response or self.get_response(request)
                           ^^^^^^^^^^^^^^^^^^^^^^^^^^
  File "/home/rrwkwtlx/virtualenv/bms/3.11/lib/python3.11/site-packages/django/core/handlers/exception.py", line 57, in inner
    response = response_for_exception(request, exc)
               ^^^^^^^^^^^^^^^^^^^^^^^^^^^^^^^^^^^^
  File "/home/rrwkwtlx/virtualenv/bms/3.11/lib/python3.11/site-packages/django/core/handlers/exception.py", line 141, in response_for_exception
    response = handle_uncaught_exception(
               ^^^^^^^^^^^^^^^^^^^^^^^^^^
  File "/home/rrwkwtlx/virtualenv/bms/3.11/lib/python3.11/site-packages/django/core/handlers/exception.py", line 182, in handle_uncaught_exception
    return debug.technical_500_response(request, *exc_info)
           ^^^^^^^^^^^^^^^^^^^^^^^^^^^^^^^^^^^^^^^^^^^^^^^^
  File "/home/rrwkwtlx/virtualenv/bms/3.11/lib/python3.11/site-packages/django/views/debug.py", line 69, in technical_500_response
    html = reporter.get_traceback_html()
           ^^^^^^^^^^^^^^^^^^^^^^^^^^^^^
  File "/home/rrwkwtlx/virtualenv/bms/3.11/lib/python3.11/site-packages/django/views/debug.py", line 428, in get_traceback_html
    c = Context(self.get_traceback_data(), use_l10n=False)
                ^^^^^^^^^^^^^^^^^^^^^^^^^
  File "/home/rrwkwtlx/virtualenv/bms/3.11/lib/python3.11/site-packages/django/views/debug.py", line 411, in get_traceback_data
    c["raising_view_name"] = get_caller(self.request)
                             ^^^^^^^^^^^^^^^^^^^^^^^^
  File "/home/rrwkwtlx/virtualenv/bms/3.11/lib/python3.11/site-packages/django/views/debug.py", line 102, in get_caller
    resolver_match = resolve(request.path)
                     ^^^^^^^^^^^^^^^^^^^^^
  File "/home/rrwkwtlx/virtualenv/bms/3.11/lib/python3.11/site-packages/django/urls/base.py", line 25, in resolve
    return get_resolver(urlconf).resolve(path)
           ^^^^^^^^^^^^^^^^^^^^^^^^^^^^^^^^^^^
  File "/home/rrwkwtlx/virtualenv/bms/3.11/lib/python3.11/site-packages/django/urls/resolvers.py", line 666, in resolve
    for pattern in self.url_patterns:
                   ^^^^^^^^^^^^^^^^^
  File "/home/rrwkwtlx/virtualenv/bms/3.11/lib/python3.11/site-packages/django/utils/functional.py", line 47, in __get__
    res = instance.__dict__[self.name] = self.func(instance)
                                         ^^^^^^^^^^^^^^^^^^^
  File "/home/rrwkwtlx/virtualenv/bms/3.11/lib/python3.11/site-packages/django/urls/resolvers.py", line 718, in url_patterns
    patterns = getattr(self.urlconf_module, "urlpatterns", self.urlconf_module)
                       ^^^^^^^^^^^^^^^^^^^
  File "/home/rrwkwtlx/virtualenv/bms/3.11/lib/python3.11/site-packages/django/utils/functional.py", line 47, in __get__
    res = instance.__dict__[self.name] = self.func(instance)
                                         ^^^^^^^^^^^^^^^^^^^
  File "/home/rrwkwtlx/virtualenv/bms/3.11/lib/python3.11/site-packages/django/urls/resolvers.py", line 711, in urlconf_module
    return import_module(self.urlconf_name)
           ^^^^^^^^^^^^^^^^^^^^^^^^^^^^^^^^
  File "/opt/alt/python311/lib64/python3.11/importlib/__init__.py", line 126, in import_module
    return _bootstrap._gcd_import(name[level:], package, level)
           ^^^^^^^^^^^^^^^^^^^^^^^^^^^^^^^^^^^^^^^^^^^^^^^^^^^^
  File "<frozen importlib._bootstrap>", line 1204, in _gcd_import
  File "<frozen importlib._bootstrap>", line 1176, in _find_and_load
  File "<frozen importlib._bootstrap>", line 1147, in _find_and_load_unlocked
  File "<frozen importlib._bootstrap>", line 690, in _load_unlocked
  File "<frozen importlib._bootstrap_external>", line 940, in exec_module
  File "<frozen importlib._bootstrap>", line 241, in _call_with_frames_removed
  File "/home/rrwkwtlx/bms/bms/urls.py", line 14, in <module>
    path('allvideo', all_vid),
                     ^^^^^^^
NameError: name 'all_vid' is not defined

During handling of the above exception, another exception occurred:

Traceback (most recent call last):
  File "/home/rrwkwtlx/virtualenv/bms/3.11/lib/python3.11/site-packages/django/core/handlers/exception.py", line 55, in inner
    response = get_response(request)
               ^^^^^^^^^^^^^^^^^^^^^
  File "/home/rrwkwtlx/virtualenv/bms/3.11/lib/python3.11/site-packages/django/utils/deprecation.py", line 120, in __call__
    response = response or self.get_response(request)
                           ^^^^^^^^^^^^^^^^^^^^^^^^^^
  File "/home/rrwkwtlx/virtualenv/bms/3.11/lib/python3.11/site-packages/django/core/handlers/exception.py", line 57, in inner
    response = response_for_exception(request, exc)
               ^^^^^^^^^^^^^^^^^^^^^^^^^^^^^^^^^^^^
  File "/home/rrwkwtlx/virtualenv/bms/3.11/lib/python3.11/site-packages/django/core/handlers/exception.py", line 141, in response_for_exception
    response = handle_uncaught_exception(
               ^^^^^^^^^^^^^^^^^^^^^^^^^^
  File "/home/rrwkwtlx/virtualenv/bms/3.11/lib/python3.11/site-packages/django/core/handlers/exception.py", line 182, in handle_uncaught_exception
    return debug.technical_500_response(request, *exc_info)
           ^^^^^^^^^^^^^^^^^^^^^^^^^^^^^^^^^^^^^^^^^^^^^^^^
  File "/home/rrwkwtlx/virtualenv/bms/3.11/lib/python3.11/site-packages/django/views/debug.py", line 69, in technical_500_response
    html = reporter.get_traceback_html()
           ^^^^^^^^^^^^^^^^^^^^^^^^^^^^^
  File "/home/rrwkwtlx/virtualenv/bms/3.11/lib/python3.11/site-packages/django/views/debug.py", line 428, in get_traceback_html
    c = Context(self.get_traceback_data(), use_l10n=False)
                ^^^^^^^^^^^^^^^^^^^^^^^^^
  File "/home/rrwkwtlx/virtualenv/bms/3.11/lib/python3.11/site-packages/django/views/debug.py", line 411, in get_traceback_data
    c["raising_view_name"] = get_caller(self.request)
                             ^^^^^^^^^^^^^^^^^^^^^^^^
  File "/home/rrwkwtlx/virtualenv/bms/3.11/lib/python3.11/site-packages/django/views/debug.py", line 102, in get_caller
    resolver_match = resolve(request.path)
                     ^^^^^^^^^^^^^^^^^^^^^
  File "/home/rrwkwtlx/virtualenv/bms/3.11/lib/python3.11/site-packages/django/urls/base.py", line 25, in resolve
    return get_resolver(urlconf).resolve(path)
           ^^^^^^^^^^^^^^^^^^^^^^^^^^^^^^^^^^^
  File "/home/rrwkwtlx/virtualenv/bms/3.11/lib/python3.11/site-packages/django/urls/resolvers.py", line 666, in resolve
    for pattern in self.url_patterns:
                   ^^^^^^^^^^^^^^^^^
  File "/home/rrwkwtlx/virtualenv/bms/3.11/lib/python3.11/site-packages/django/utils/functional.py", line 47, in __get__
    res = instance.__dict__[self.name] = self.func(instance)
                                         ^^^^^^^^^^^^^^^^^^^
  File "/home/rrwkwtlx/virtualenv/bms/3.11/lib/python3.11/site-packages/django/urls/resolvers.py", line 718, in url_patterns
    patterns = getattr(self.urlconf_module, "urlpatterns", self.urlconf_module)
                       ^^^^^^^^^^^^^^^^^^^
  File "/home/rrwkwtlx/virtualenv/bms/3.11/lib/python3.11/site-packages/django/utils/functional.py", line 47, in __get__
    res = instance.__dict__[self.name] = self.func(instance)
                                         ^^^^^^^^^^^^^^^^^^^
  File "/home/rrwkwtlx/virtualenv/bms/3.11/lib/python3.11/site-packages/django/urls/resolvers.py", line 711, in urlconf_module
    return import_module(self.urlconf_name)
           ^^^^^^^^^^^^^^^^^^^^^^^^^^^^^^^^
  File "/opt/alt/python311/lib64/python3.11/importlib/__init__.py", line 126, in import_module
    return _bootstrap._gcd_import(name[level:], package, level)
           ^^^^^^^^^^^^^^^^^^^^^^^^^^^^^^^^^^^^^^^^^^^^^^^^^^^^
  File "<frozen importlib._bootstrap>", line 1204, in _gcd_import
  File "<frozen importlib._bootstrap>", line 1176, in _find_and_load
  File "<frozen importlib._bootstrap>", line 1147, in _find_and_load_unlocked
  File "<frozen importlib._bootstrap>", line 690, in _load_unlocked
  File "<frozen importlib._bootstrap_external>", line 940, in exec_module
  File "<frozen importlib._bootstrap>", line 241, in _call_with_frames_removed
  File "/home/rrwkwtlx/bms/bms/urls.py", line 14, in <module>
    path('allvideo', all_vid),
                     ^^^^^^^
NameError: name 'all_vid' is not defined

During handling of the above exception, another exception occurred:

Traceback (most recent call last):
  File "/home/rrwkwtlx/virtualenv/bms/3.11/lib/python3.11/site-packages/django/core/handlers/exception.py", line 55, in inner
    response = get_response(request)
               ^^^^^^^^^^^^^^^^^^^^^
  File "/home/rrwkwtlx/virtualenv/bms/3.11/lib/python3.11/site-packages/django/utils/deprecation.py", line 120, in __call__
    response = response or self.get_response(request)
                           ^^^^^^^^^^^^^^^^^^^^^^^^^^
  File "/home/rrwkwtlx/virtualenv/bms/3.11/lib/python3.11/site-packages/django/core/handlers/exception.py", line 57, in inner
    response = response_for_exception(request, exc)
               ^^^^^^^^^^^^^^^^^^^^^^^^^^^^^^^^^^^^
  File "/home/rrwkwtlx/virtualenv/bms/3.11/lib/python3.11/site-packages/django/core/handlers/exception.py", line 141, in response_for_exception
    response = handle_uncaught_exception(
               ^^^^^^^^^^^^^^^^^^^^^^^^^^
  File "/home/rrwkwtlx/virtualenv/bms/3.11/lib/python3.11/site-packages/django/core/handlers/exception.py", line 182, in handle_uncaught_exception
    return debug.technical_500_response(request, *exc_info)
           ^^^^^^^^^^^^^^^^^^^^^^^^^^^^^^^^^^^^^^^^^^^^^^^^
  File "/home/rrwkwtlx/virtualenv/bms/3.11/lib/python3.11/site-packages/django/views/debug.py", line 69, in technical_500_response
    html = reporter.get_traceback_html()
           ^^^^^^^^^^^^^^^^^^^^^^^^^^^^^
  File "/home/rrwkwtlx/virtualenv/bms/3.11/lib/python3.11/site-packages/django/views/debug.py", line 428, in get_traceback_html
    c = Context(self.get_traceback_data(), use_l10n=False)
                ^^^^^^^^^^^^^^^^^^^^^^^^^
  File "/home/rrwkwtlx/virtualenv/bms/3.11/lib/python3.11/site-packages/django/views/debug.py", line 411, in get_traceback_data
    c["raising_view_name"] = get_caller(self.request)
                             ^^^^^^^^^^^^^^^^^^^^^^^^
  File "/home/rrwkwtlx/virtualenv/bms/3.11/lib/python3.11/site-packages/django/views/debug.py", line 102, in get_caller
    resolver_match = resolve(request.path)
                     ^^^^^^^^^^^^^^^^^^^^^
  File "/home/rrwkwtlx/virtualenv/bms/3.11/lib/python3.11/site-packages/django/urls/base.py", line 25, in resolve
    return get_resolver(urlconf).resolve(path)
           ^^^^^^^^^^^^^^^^^^^^^^^^^^^^^^^^^^^
  File "/home/rrwkwtlx/virtualenv/bms/3.11/lib/python3.11/site-packages/django/urls/resolvers.py", line 666, in resolve
    for pattern in self.url_patterns:
                   ^^^^^^^^^^^^^^^^^
  File "/home/rrwkwtlx/virtualenv/bms/3.11/lib/python3.11/site-packages/django/utils/functional.py", line 47, in __get__
    res = instance.__dict__[self.name] = self.func(instance)
                                         ^^^^^^^^^^^^^^^^^^^
  File "/home/rrwkwtlx/virtualenv/bms/3.11/lib/python3.11/site-packages/django/urls/resolvers.py", line 718, in url_patterns
    patterns = getattr(self.urlconf_module, "urlpatterns", self.urlconf_module)
                       ^^^^^^^^^^^^^^^^^^^
  File "/home/rrwkwtlx/virtualenv/bms/3.11/lib/python3.11/site-packages/django/utils/functional.py", line 47, in __get__
    res = instance.__dict__[self.name] = self.func(instance)
                                         ^^^^^^^^^^^^^^^^^^^
  File "/home/rrwkwtlx/virtualenv/bms/3.11/lib/python3.11/site-packages/django/urls/resolvers.py", line 711, in urlconf_module
    return import_module(self.urlconf_name)
           ^^^^^^^^^^^^^^^^^^^^^^^^^^^^^^^^
  File "/opt/alt/python311/lib64/python3.11/importlib/__init__.py", line 126, in import_module
    return _bootstrap._gcd_import(name[level:], package, level)
           ^^^^^^^^^^^^^^^^^^^^^^^^^^^^^^^^^^^^^^^^^^^^^^^^^^^^
  File "<frozen importlib._bootstrap>", line 1204, in _gcd_import
  File "<frozen importlib._bootstrap>", line 1176, in _find_and_load
  File "<frozen importlib._bootstrap>", line 1147, in _find_and_load_unlocked
  File "<frozen importlib._bootstrap>", line 690, in _load_unlocked
  File "<frozen importlib._bootstrap_external>", line 940, in exec_module
  File "<frozen importlib._bootstrap>", line 241, in _call_with_frames_removed
  File "/home/rrwkwtlx/bms/bms/urls.py", line 14, in <module>
    path('allvideo', all_vid),
                     ^^^^^^^
NameError: name 'all_vid' is not defined

During handling of the above exception, another exception occurred:

Traceback (most recent call last):
  File "/home/rrwkwtlx/virtualenv/bms/3.11/lib/python3.11/site-packages/django/core/handlers/exception.py", line 55, in inner
    response = get_response(request)
               ^^^^^^^^^^^^^^^^^^^^^
  File "/home/rrwkwtlx/virtualenv/bms/3.11/lib/python3.11/site-packages/django/utils/deprecation.py", line 120, in __call__
    response = response or self.get_response(request)
                           ^^^^^^^^^^^^^^^^^^^^^^^^^^
  File "/home/rrwkwtlx/virtualenv/bms/3.11/lib/python3.11/site-packages/django/core/handlers/exception.py", line 57, in inner
    response = response_for_exception(request, exc)
               ^^^^^^^^^^^^^^^^^^^^^^^^^^^^^^^^^^^^
  File "/home/rrwkwtlx/virtualenv/bms/3.11/lib/python3.11/site-packages/django/core/handlers/exception.py", line 141, in response_for_exception
    response = handle_uncaught_exception(
               ^^^^^^^^^^^^^^^^^^^^^^^^^^
  File "/home/rrwkwtlx/virtualenv/bms/3.11/lib/python3.11/site-packages/django/core/handlers/exception.py", line 182, in handle_uncaught_exception
    return debug.technical_500_response(request, *exc_info)
           ^^^^^^^^^^^^^^^^^^^^^^^^^^^^^^^^^^^^^^^^^^^^^^^^
  File "/home/rrwkwtlx/virtualenv/bms/3.11/lib/python3.11/site-packages/django/views/debug.py", line 69, in technical_500_response
    html = reporter.get_traceback_html()
           ^^^^^^^^^^^^^^^^^^^^^^^^^^^^^
  File "/home/rrwkwtlx/virtualenv/bms/3.11/lib/python3.11/site-packages/django/views/debug.py", line 428, in get_traceback_html
    c = Context(self.get_traceback_data(), use_l10n=False)
                ^^^^^^^^^^^^^^^^^^^^^^^^^
  File "/home/rrwkwtlx/virtualenv/bms/3.11/lib/python3.11/site-packages/django/views/debug.py", line 411, in get_traceback_data
    c["raising_view_name"] = get_caller(self.request)
                             ^^^^^^^^^^^^^^^^^^^^^^^^
  File "/home/rrwkwtlx/virtualenv/bms/3.11/lib/python3.11/site-packages/django/views/debug.py", line 102, in get_caller
    resolver_match = resolve(request.path)
                     ^^^^^^^^^^^^^^^^^^^^^
  File "/home/rrwkwtlx/virtualenv/bms/3.11/lib/python3.11/site-packages/django/urls/base.py", line 25, in resolve
    return get_resolver(urlconf).resolve(path)
           ^^^^^^^^^^^^^^^^^^^^^^^^^^^^^^^^^^^
  File "/home/rrwkwtlx/virtualenv/bms/3.11/lib/python3.11/site-packages/django/urls/resolvers.py", line 666, in resolve
    for pattern in self.url_patterns:
                   ^^^^^^^^^^^^^^^^^
  File "/home/rrwkwtlx/virtualenv/bms/3.11/lib/python3.11/site-packages/django/utils/functional.py", line 47, in __get__
    res = instance.__dict__[self.name] = self.func(instance)
                                         ^^^^^^^^^^^^^^^^^^^
  File "/home/rrwkwtlx/virtualenv/bms/3.11/lib/python3.11/site-packages/django/urls/resolvers.py", line 718, in url_patterns
    patterns = getattr(self.urlconf_module, "urlpatterns", self.urlconf_module)
                       ^^^^^^^^^^^^^^^^^^^
  File "/home/rrwkwtlx/virtualenv/bms/3.11/lib/python3.11/site-packages/django/utils/functional.py", line 47, in __get__
    res = instance.__dict__[self.name] = self.func(instance)
                                         ^^^^^^^^^^^^^^^^^^^
  File "/home/rrwkwtlx/virtualenv/bms/3.11/lib/python3.11/site-packages/django/urls/resolvers.py", line 711, in urlconf_module
    return import_module(self.urlconf_name)
           ^^^^^^^^^^^^^^^^^^^^^^^^^^^^^^^^
  File "/opt/alt/python311/lib64/python3.11/importlib/__init__.py", line 126, in import_module
    return _bootstrap._gcd_import(name[level:], package, level)
           ^^^^^^^^^^^^^^^^^^^^^^^^^^^^^^^^^^^^^^^^^^^^^^^^^^^^
  File "<frozen importlib._bootstrap>", line 1204, in _gcd_import
  File "<frozen importlib._bootstrap>", line 1176, in _find_and_load
  File "<frozen importlib._bootstrap>", line 1147, in _find_and_load_unlocked
  File "<frozen importlib._bootstrap>", line 690, in _load_unlocked
  File "<frozen importlib._bootstrap_external>", line 940, in exec_module
  File "<frozen importlib._bootstrap>", line 241, in _call_with_frames_removed
  File "/home/rrwkwtlx/bms/bms/urls.py", line 14, in <module>
    path('allvideo', all_vid),
                     ^^^^^^^
NameError: name 'all_vid' is not defined

During handling of the above exception, another exception occurred:

Traceback (most recent call last):
  File "/home/rrwkwtlx/virtualenv/bms/3.11/lib/python3.11/site-packages/django/core/handlers/exception.py", line 55, in inner
    response = get_response(request)
               ^^^^^^^^^^^^^^^^^^^^^
  File "/home/rrwkwtlx/virtualenv/bms/3.11/lib/python3.11/site-packages/django/utils/deprecation.py", line 120, in __call__
    response = response or self.get_response(request)
                           ^^^^^^^^^^^^^^^^^^^^^^^^^^
  File "/home/rrwkwtlx/virtualenv/bms/3.11/lib/python3.11/site-packages/django/core/handlers/exception.py", line 57, in inner
    response = response_for_exception(request, exc)
               ^^^^^^^^^^^^^^^^^^^^^^^^^^^^^^^^^^^^
  File "/home/rrwkwtlx/virtualenv/bms/3.11/lib/python3.11/site-packages/django/core/handlers/exception.py", line 141, in response_for_exception
    response = handle_uncaught_exception(
               ^^^^^^^^^^^^^^^^^^^^^^^^^^
  File "/home/rrwkwtlx/virtualenv/bms/3.11/lib/python3.11/site-packages/django/core/handlers/exception.py", line 182, in handle_uncaught_exception
    return debug.technical_500_response(request, *exc_info)
           ^^^^^^^^^^^^^^^^^^^^^^^^^^^^^^^^^^^^^^^^^^^^^^^^
  File "/home/rrwkwtlx/virtualenv/bms/3.11/lib/python3.11/site-packages/django/views/debug.py", line 69, in technical_500_response
    html = reporter.get_traceback_html()
           ^^^^^^^^^^^^^^^^^^^^^^^^^^^^^
  File "/home/rrwkwtlx/virtualenv/bms/3.11/lib/python3.11/site-packages/django/views/debug.py", line 428, in get_traceback_html
    c = Context(self.get_traceback_data(), use_l10n=False)
                ^^^^^^^^^^^^^^^^^^^^^^^^^
  File "/home/rrwkwtlx/virtualenv/bms/3.11/lib/python3.11/site-packages/django/views/debug.py", line 411, in get_traceback_data
    c["raising_view_name"] = get_caller(self.request)
                             ^^^^^^^^^^^^^^^^^^^^^^^^
  File "/home/rrwkwtlx/virtualenv/bms/3.11/lib/python3.11/site-packages/django/views/debug.py", line 102, in get_caller
    resolver_match = resolve(request.path)
                     ^^^^^^^^^^^^^^^^^^^^^
  File "/home/rrwkwtlx/virtualenv/bms/3.11/lib/python3.11/site-packages/django/urls/base.py", line 25, in resolve
    return get_resolver(urlconf).resolve(path)
           ^^^^^^^^^^^^^^^^^^^^^^^^^^^^^^^^^^^
  File "/home/rrwkwtlx/virtualenv/bms/3.11/lib/python3.11/site-packages/django/urls/resolvers.py", line 666, in resolve
    for pattern in self.url_patterns:
                   ^^^^^^^^^^^^^^^^^
  File "/home/rrwkwtlx/virtualenv/bms/3.11/lib/python3.11/site-packages/django/utils/functional.py", line 47, in __get__
    res = instance.__dict__[self.name] = self.func(instance)
                                         ^^^^^^^^^^^^^^^^^^^
  File "/home/rrwkwtlx/virtualenv/bms/3.11/lib/python3.11/site-packages/django/urls/resolvers.py", line 718, in url_patterns
    patterns = getattr(self.urlconf_module, "urlpatterns", self.urlconf_module)
                       ^^^^^^^^^^^^^^^^^^^
  File "/home/rrwkwtlx/virtualenv/bms/3.11/lib/python3.11/site-packages/django/utils/functional.py", line 47, in __get__
    res = instance.__dict__[self.name] = self.func(instance)
                                         ^^^^^^^^^^^^^^^^^^^
  File "/home/rrwkwtlx/virtualenv/bms/3.11/lib/python3.11/site-packages/django/urls/resolvers.py", line 711, in urlconf_module
    return import_module(self.urlconf_name)
           ^^^^^^^^^^^^^^^^^^^^^^^^^^^^^^^^
  File "/opt/alt/python311/lib64/python3.11/importlib/__init__.py", line 126, in import_module
    return _bootstrap._gcd_import(name[level:], package, level)
           ^^^^^^^^^^^^^^^^^^^^^^^^^^^^^^^^^^^^^^^^^^^^^^^^^^^^
  File "<frozen importlib._bootstrap>", line 1204, in _gcd_import
  File "<frozen importlib._bootstrap>", line 1176, in _find_and_load
  File "<frozen importlib._bootstrap>", line 1147, in _find_and_load_unlocked
  File "<frozen importlib._bootstrap>", line 690, in _load_unlocked
  File "<frozen importlib._bootstrap_external>", line 940, in exec_module
  File "<frozen importlib._bootstrap>", line 241, in _call_with_frames_removed
  File "/home/rrwkwtlx/bms/bms/urls.py", line 14, in <module>
    path('allvideo', all_vid),
                     ^^^^^^^
NameError: name 'all_vid' is not defined

During handling of the above exception, another exception occurred:

Traceback (most recent call last):
  File "/home/rrwkwtlx/virtualenv/bms/3.11/lib/python3.11/site-packages/django/core/handlers/exception.py", line 55, in inner
    response = get_response(request)
               ^^^^^^^^^^^^^^^^^^^^^
  File "/home/rrwkwtlx/virtualenv/bms/3.11/lib/python3.11/site-packages/whitenoise/middleware.py", line 123, in __call__
    return self.get_response(request)
           ^^^^^^^^^^^^^^^^^^^^^^^^^^
  File "/home/rrwkwtlx/virtualenv/bms/3.11/lib/python3.11/site-packages/django/core/handlers/exception.py", line 57, in inner
    response = response_for_exception(request, exc)
               ^^^^^^^^^^^^^^^^^^^^^^^^^^^^^^^^^^^^
  File "/home/rrwkwtlx/virtualenv/bms/3.11/lib/python3.11/site-packages/django/core/handlers/exception.py", line 141, in response_for_exception
    response = handle_uncaught_exception(
               ^^^^^^^^^^^^^^^^^^^^^^^^^^
  File "/home/rrwkwtlx/virtualenv/bms/3.11/lib/python3.11/site-packages/django/core/handlers/exception.py", line 182, in handle_uncaught_exception
    return debug.technical_500_response(request, *exc_info)
           ^^^^^^^^^^^^^^^^^^^^^^^^^^^^^^^^^^^^^^^^^^^^^^^^
  File "/home/rrwkwtlx/virtualenv/bms/3.11/lib/python3.11/site-packages/django/views/debug.py", line 69, in technical_500_response
    html = reporter.get_traceback_html()
           ^^^^^^^^^^^^^^^^^^^^^^^^^^^^^
  File "/home/rrwkwtlx/virtualenv/bms/3.11/lib/python3.11/site-packages/django/views/debug.py", line 428, in get_traceback_html
    c = Context(self.get_traceback_data(), use_l10n=False)
                ^^^^^^^^^^^^^^^^^^^^^^^^^
  File "/home/rrwkwtlx/virtualenv/bms/3.11/lib/python3.11/site-packages/django/views/debug.py", line 411, in get_traceback_data
    c["raising_view_name"] = get_caller(self.request)
                             ^^^^^^^^^^^^^^^^^^^^^^^^
  File "/home/rrwkwtlx/virtualenv/bms/3.11/lib/python3.11/site-packages/django/views/debug.py", line 102, in get_caller
    resolver_match = resolve(request.path)
                     ^^^^^^^^^^^^^^^^^^^^^
  File "/home/rrwkwtlx/virtualenv/bms/3.11/lib/python3.11/site-packages/django/urls/base.py", line 25, in resolve
    return get_resolver(urlconf).resolve(path)
           ^^^^^^^^^^^^^^^^^^^^^^^^^^^^^^^^^^^
  File "/home/rrwkwtlx/virtualenv/bms/3.11/lib/python3.11/site-packages/django/urls/resolvers.py", line 666, in resolve
    for pattern in self.url_patterns:
                   ^^^^^^^^^^^^^^^^^
  File "/home/rrwkwtlx/virtualenv/bms/3.11/lib/python3.11/site-packages/django/utils/functional.py", line 47, in __get__
    res = instance.__dict__[self.name] = self.func(instance)
                                         ^^^^^^^^^^^^^^^^^^^
  File "/home/rrwkwtlx/virtualenv/bms/3.11/lib/python3.11/site-packages/django/urls/resolvers.py", line 718, in url_patterns
    patterns = getattr(self.urlconf_module, "urlpatterns", self.urlconf_module)
                       ^^^^^^^^^^^^^^^^^^^
  File "/home/rrwkwtlx/virtualenv/bms/3.11/lib/python3.11/site-packages/django/utils/functional.py", line 47, in __get__
    res = instance.__dict__[self.name] = self.func(instance)
                                         ^^^^^^^^^^^^^^^^^^^
  File "/home/rrwkwtlx/virtualenv/bms/3.11/lib/python3.11/site-packages/django/urls/resolvers.py", line 711, in urlconf_module
    return import_module(self.urlconf_name)
           ^^^^^^^^^^^^^^^^^^^^^^^^^^^^^^^^
  File "/opt/alt/python311/lib64/python3.11/importlib/__init__.py", line 126, in import_module
    return _bootstrap._gcd_import(name[level:], package, level)
           ^^^^^^^^^^^^^^^^^^^^^^^^^^^^^^^^^^^^^^^^^^^^^^^^^^^^
  File "<frozen importlib._bootstrap>", line 1204, in _gcd_import
  File "<frozen importlib._bootstrap>", line 1176, in _find_and_load
  File "<frozen importlib._bootstrap>", line 1147, in _find_and_load_unlocked
  File "<frozen importlib._bootstrap>", line 690, in _load_unlocked
  File "<frozen importlib._bootstrap_external>", line 940, in exec_module
  File "<frozen importlib._bootstrap>", line 241, in _call_with_frames_removed
  File "/home/rrwkwtlx/bms/bms/urls.py", line 14, in <module>
    path('allvideo', all_vid),
                     ^^^^^^^
NameError: name 'all_vid' is not defined

During handling of the above exception, another exception occurred:

Traceback (most recent call last):
  File "/home/rrwkwtlx/virtualenv/bms/3.11/lib/python3.11/site-packages/django/core/handlers/exception.py", line 55, in inner
    response = get_response(request)
               ^^^^^^^^^^^^^^^^^^^^^
  File "/home/rrwkwtlx/virtualenv/bms/3.11/lib/python3.11/site-packages/django/utils/deprecation.py", line 120, in __call__
    response = response or self.get_response(request)
                           ^^^^^^^^^^^^^^^^^^^^^^^^^^
  File "/home/rrwkwtlx/virtualenv/bms/3.11/lib/python3.11/site-packages/django/core/handlers/exception.py", line 57, in inner
    response = response_for_exception(request, exc)
               ^^^^^^^^^^^^^^^^^^^^^^^^^^^^^^^^^^^^
  File "/home/rrwkwtlx/virtualenv/bms/3.11/lib/python3.11/site-packages/django/core/handlers/exception.py", line 141, in response_for_exception
    response = handle_uncaught_exception(
               ^^^^^^^^^^^^^^^^^^^^^^^^^^
  File "/home/rrwkwtlx/virtualenv/bms/3.11/lib/python3.11/site-packages/django/core/handlers/exception.py", line 182, in handle_uncaught_exception
    return debug.technical_500_response(request, *exc_info)
           ^^^^^^^^^^^^^^^^^^^^^^^^^^^^^^^^^^^^^^^^^^^^^^^^
  File "/home/rrwkwtlx/virtualenv/bms/3.11/lib/python3.11/site-packages/django/views/debug.py", line 69, in technical_500_response
    html = reporter.get_traceback_html()
           ^^^^^^^^^^^^^^^^^^^^^^^^^^^^^
  File "/home/rrwkwtlx/virtualenv/bms/3.11/lib/python3.11/site-packages/django/views/debug.py", line 428, in get_traceback_html
    c = Context(self.get_traceback_data(), use_l10n=False)
                ^^^^^^^^^^^^^^^^^^^^^^^^^
  File "/home/rrwkwtlx/virtualenv/bms/3.11/lib/python3.11/site-packages/django/views/debug.py", line 411, in get_traceback_data
    c["raising_view_name"] = get_caller(self.request)
                             ^^^^^^^^^^^^^^^^^^^^^^^^
  File "/home/rrwkwtlx/virtualenv/bms/3.11/lib/python3.11/site-packages/django/views/debug.py", line 102, in get_caller
    resolver_match = resolve(request.path)
                     ^^^^^^^^^^^^^^^^^^^^^
  File "/home/rrwkwtlx/virtualenv/bms/3.11/lib/python3.11/site-packages/django/urls/base.py", line 25, in resolve
    return get_resolver(urlconf).resolve(path)
           ^^^^^^^^^^^^^^^^^^^^^^^^^^^^^^^^^^^
  File "/home/rrwkwtlx/virtualenv/bms/3.11/lib/python3.11/site-packages/django/urls/resolvers.py", line 666, in resolve
    for pattern in self.url_patterns:
                   ^^^^^^^^^^^^^^^^^
  File "/home/rrwkwtlx/virtualenv/bms/3.11/lib/python3.11/site-packages/django/utils/functional.py", line 47, in __get__
    res = instance.__dict__[self.name] = self.func(instance)
                                         ^^^^^^^^^^^^^^^^^^^
  File "/home/rrwkwtlx/virtualenv/bms/3.11/lib/python3.11/site-packages/django/urls/resolvers.py", line 718, in url_patterns
    patterns = getattr(self.urlconf_module, "urlpatterns", self.urlconf_module)
                       ^^^^^^^^^^^^^^^^^^^
  File "/home/rrwkwtlx/virtualenv/bms/3.11/lib/python3.11/site-packages/django/utils/functional.py", line 47, in __get__
    res = instance.__dict__[self.name] = self.func(instance)
                                         ^^^^^^^^^^^^^^^^^^^
  File "/home/rrwkwtlx/virtualenv/bms/3.11/lib/python3.11/site-packages/django/urls/resolvers.py", line 711, in urlconf_module
    return import_module(self.urlconf_name)
           ^^^^^^^^^^^^^^^^^^^^^^^^^^^^^^^^
  File "/opt/alt/python311/lib64/python3.11/importlib/__init__.py", line 126, in import_module
    return _bootstrap._gcd_import(name[level:], package, level)
           ^^^^^^^^^^^^^^^^^^^^^^^^^^^^^^^^^^^^^^^^^^^^^^^^^^^^
  File "<frozen importlib._bootstrap>", line 1204, in _gcd_import
  File "<frozen importlib._bootstrap>", line 1176, in _find_and_load
  File "<frozen importlib._bootstrap>", line 1147, in _find_and_load_unlocked
  File "<frozen importlib._bootstrap>", line 690, in _load_unlocked
  File "<frozen importlib._bootstrap_external>", line 940, in exec_module
  File "<frozen importlib._bootstrap>", line 241, in _call_with_frames_removed
  File "/home/rrwkwtlx/bms/bms/urls.py", line 14, in <module>
    path('allvideo', all_vid),
                     ^^^^^^^
NameError: name 'all_vid' is not defined

During handling of the above exception, another exception occurred:

Traceback (most recent call last):
  File "/home/rrwkwtlx/virtualenv/bms/3.11/lib/python3.11/site-packages/django/core/handlers/wsgi.py", line 124, in __call__
    response = self.get_response(request)
               ^^^^^^^^^^^^^^^^^^^^^^^^^^
  File "/home/rrwkwtlx/virtualenv/bms/3.11/lib/python3.11/site-packages/django/core/handlers/base.py", line 140, in get_response
    response = self._middleware_chain(request)
               ^^^^^^^^^^^^^^^^^^^^^^^^^^^^^^^
  File "/home/rrwkwtlx/virtualenv/bms/3.11/lib/python3.11/site-packages/django/core/handlers/exception.py", line 57, in inner
    response = response_for_exception(request, exc)
               ^^^^^^^^^^^^^^^^^^^^^^^^^^^^^^^^^^^^
  File "/home/rrwkwtlx/virtualenv/bms/3.11/lib/python3.11/site-packages/django/core/handlers/exception.py", line 141, in response_for_exception
    response = handle_uncaught_exception(
               ^^^^^^^^^^^^^^^^^^^^^^^^^^
  File "/home/rrwkwtlx/virtualenv/bms/3.11/lib/python3.11/site-packages/django/core/handlers/exception.py", line 182, in handle_uncaught_exception
    return debug.technical_500_response(request, *exc_info)
           ^^^^^^^^^^^^^^^^^^^^^^^^^^^^^^^^^^^^^^^^^^^^^^^^
  File "/home/rrwkwtlx/virtualenv/bms/3.11/lib/python3.11/site-packages/django/views/debug.py", line 69, in technical_500_response
    html = reporter.get_traceback_html()
           ^^^^^^^^^^^^^^^^^^^^^^^^^^^^^
  File "/home/rrwkwtlx/virtualenv/bms/3.11/lib/python3.11/site-packages/django/views/debug.py", line 428, in get_traceback_html
    c = Context(self.get_traceback_data(), use_l10n=False)
                ^^^^^^^^^^^^^^^^^^^^^^^^^
  File "/home/rrwkwtlx/virtualenv/bms/3.11/lib/python3.11/site-packages/django/views/debug.py", line 411, in get_traceback_data
    c["raising_view_name"] = get_caller(self.request)
                             ^^^^^^^^^^^^^^^^^^^^^^^^
  File "/home/rrwkwtlx/virtualenv/bms/3.11/lib/python3.11/site-packages/django/views/debug.py", line 102, in get_caller
    resolver_match = resolve(request.path)
                     ^^^^^^^^^^^^^^^^^^^^^
  File "/home/rrwkwtlx/virtualenv/bms/3.11/lib/python3.11/site-packages/django/urls/base.py", line 25, in resolve
    return get_resolver(urlconf).resolve(path)
           ^^^^^^^^^^^^^^^^^^^^^^^^^^^^^^^^^^^
  File "/home/rrwkwtlx/virtualenv/bms/3.11/lib/python3.11/site-packages/django/urls/resolvers.py", line 666, in resolve
    for pattern in self.url_patterns:
                   ^^^^^^^^^^^^^^^^^
  File "/home/rrwkwtlx/virtualenv/bms/3.11/lib/python3.11/site-packages/django/utils/functional.py", line 47, in __get__
    res = instance.__dict__[self.name] = self.func(instance)
                                         ^^^^^^^^^^^^^^^^^^^
  File "/home/rrwkwtlx/virtualenv/bms/3.11/lib/python3.11/site-packages/django/urls/resolvers.py", line 718, in url_patterns
    patterns = getattr(self.urlconf_module, "urlpatterns", self.urlconf_module)
                       ^^^^^^^^^^^^^^^^^^^
  File "/home/rrwkwtlx/virtualenv/bms/3.11/lib/python3.11/site-packages/django/utils/functional.py", line 47, in __get__
    res = instance.__dict__[self.name] = self.func(instance)
                                         ^^^^^^^^^^^^^^^^^^^
  File "/home/rrwkwtlx/virtualenv/bms/3.11/lib/python3.11/site-packages/django/urls/resolvers.py", line 711, in urlconf_module
    return import_module(self.urlconf_name)
           ^^^^^^^^^^^^^^^^^^^^^^^^^^^^^^^^
  File "/opt/alt/python311/lib64/python3.11/importlib/__init__.py", line 126, in import_module
    return _bootstrap._gcd_import(name[level:], package, level)
           ^^^^^^^^^^^^^^^^^^^^^^^^^^^^^^^^^^^^^^^^^^^^^^^^^^^^
  File "<frozen importlib._bootstrap>", line 1204, in _gcd_import
  File "<frozen importlib._bootstrap>", line 1176, in _find_and_load
  File "<frozen importlib._bootstrap>", line 1147, in _find_and_load_unlocked
  File "<frozen importlib._bootstrap>", line 690, in _load_unlocked
  File "<frozen importlib._bootstrap_external>", line 940, in exec_module
  File "<frozen importlib._bootstrap>", line 241, in _call_with_frames_removed
  File "/home/rrwkwtlx/bms/bms/urls.py", line 14, in <module>
    path('allvideo', all_vid),
                     ^^^^^^^
NameError: name 'all_vid' is not defined
Not Found: /atom.xml
Not Found: /sitemap.txt
[UID:1092][2291964] Child process with pid: 2292892 was killed by signal: 15, core dumped: no
Not Found: /wordpress/wp-admin/setup-config.php
Not Found: /wordpress/wp-admin/setup-config.php
Not Found: /wp-admin/setup-config.php
Not Found: /wp-admin/setup-config.php
Not Found: /atom.xml
Not Found: /sitemaps.xml
Not Found: /sitemaps.xml
Not Found: /sitemap.txt
Not Found: /sitemap_index.xml
Not Found: /sitemap_index.xml
Not Found: /robots.txt
Not Found: /robots.txt
Not Found: /sitemap.xml
Not Found: /robots.txt
Not Found: /robots.txt
Not Found: /robots.txt
Not Found: /robots.txt
Not Found: /sitemaps.xml
Not Found: /sitemaps.xml
Not Found: /wp-admin/setup-config.php
Not Found: /sitemap.xml
Not Found: /wp-admin/setup-config.php
Not Found: /wordpress/wp-admin/setup-config.php
Not Found: /wordpress/wp-admin/setup-config.php
Not Found: /sitemap.xml.gz
Not Found: /atom.xml
Not Found: /robots.txt
Not Found: /sitemap.xml.gz
Not Found: /sitemap.xml.gz
Not Found: /sitemap.xml
Not Found: /sitemap.txt
Not Found: /sitemap.xml.gz
Not Found: /wp-includes/wlwmanifest.xml
Not Found: /xmlrpc.php
Not Found: /blog/wp-includes/wlwmanifest.xml
Not Found: /web/wp-includes/wlwmanifest.xml
Not Found: /wordpress/wp-includes/wlwmanifest.xml
Not Found: /website/wp-includes/wlwmanifest.xml
Not Found: /wp/wp-includes/wlwmanifest.xml
Not Found: /news/wp-includes/wlwmanifest.xml
Not Found: /2018/wp-includes/wlwmanifest.xml
Not Found: /2019/wp-includes/wlwmanifest.xml
Not Found: /shop/wp-includes/wlwmanifest.xml
Not Found: /wp1/wp-includes/wlwmanifest.xml
Not Found: /test/wp-includes/wlwmanifest.xml
Not Found: /media/wp-includes/wlwmanifest.xml
Not Found: /wp2/wp-includes/wlwmanifest.xml
Not Found: /site/wp-includes/wlwmanifest.xml
Not Found: /cms/wp-includes/wlwmanifest.xml
Not Found: /sito/wp-includes/wlwmanifest.xml
Not Found: /robots.txt
Not Found: /robots.txt
Not Found: /wordpress/wp-admin/setup-config.php
Not Found: /wp-admin/setup-config.php
Not Found: /wordpress/wp-admin/setup-config.php
Not Found: /wp-admin/setup-config.php
Not Found: /robots.txt
Not Found: /robots.txt
Not Found: /robots.txt
Not Found: /robots.txt
Not Found: /robots.txt
Not Found: /xmlrpc.php
Not Found: /robots.txt
Not Found: /robots.txt
Not Found: /wordpress/wp-admin/setup-config.php
Not Found: /wp-admin/setup-config.php
Not Found: /wordpress/wp-admin/setup-config.php
Not Found: /wp-admin/setup-config.php
Not Found: /wordpress/wp-admin/setup-config.php
Not Found: /robots.txt
Not Found: /robots.txt
Not Found: /robots.txt
Not Found: /robots.txt
Not Found: /robots.txt
Not Found: /robots.txt
Not Found: /wp-admin/setup-config.php
Not Found: /wp-admin/setup-config.php
Not Found: /wordpress/wp-admin/setup-config.php
Not Found: /wordpress/wp-admin/setup-config.php
Not Found: /robots.txt
Not Found: /favicon.ico
Not Found: /robots.txt
Not Found: /robots.txt
Not Found: /robots.txt
Not Found: /robots.txt
Not Found: /robots.txt
Not Found: /robots.txt
[UID:1092][2167973] Child process with pid: 2168633 was killed by signal: 15, core dumped: no
Not Found: /robots.txt
Not Found: /robots.txt
Not Found: /wordpress/wp-admin/setup-config.php
Not Found: /wp-admin/setup-config.php
Not Found: /wp-admin/setup-config.php
Not Found: /wordpress/wp-admin/setup-config.php
Not Found: /robots.txt
Not Found: /robots.txt
Not Found: /robots.txt
Not Found: /robots.txt
Not Found: /robots.txt
Not Found: /robots.txt
OSError: LSAPI: File error
[UID:1092][799508] Child process with pid: 829933 was killed by signal: 15, core dumped: no
Not Found: /robots.txt
Not Found: /xmlrpc.php
Not Found: /robots.txt
Not Found: /robots.txt
Not Found: /robots.txt
Not Found: /wp-admin/setup-config.php
Not Found: /wordpress/wp-admin/setup-config.php
Not Found: /wp-admin/setup-config.php
Not Found: /wordpress/wp-admin/setup-config.php
Not Found: /robots.txt
Not Found: /google4ec7b66b006d9c70.html
Not Found: /robots.txt
Not Found: /robots.txt
Not Found: /robots.txt
Not Found: /robots.txt
Not Found: /robots.txt
Not Found: /robots.txt
Not Found: /wp-admin/setup-config.php
Not Found: /wordpress/wp-admin/setup-config.php
Not Found: /wordpress/wp-admin/setup-config.php
Not Found: /wp-admin/setup-config.php
Not Found: /wordpress/wp-admin/setup-config.php
Not Found: /wp-admin/setup-config.php
Not Found: /wordpress/wp-admin/setup-config.php
Not Found: /wp-admin/setup-config.php
Not Found: /robots.txt
Not Found: /robots.txt
Not Found: /robots.txt
Not Found: /robots.txt
Not Found: /robots.txt
Not Found: /robots.txt
Not Found: /robots.txt
Not Found: /robots.txt
Not Found: /wordpress/wp-admin/setup-config.php
Not Found: /wp-admin/setup-config.php
Not Found: /wp-admin/setup-config.php
Not Found: /wordpress/wp-admin/setup-config.php
Not Found: /robots.txt
Not Found: /wp-admin/setup-config.php
Not Found: /wp-admin/setup-config.php
Not Found: /wordpress/wp-admin/setup-config.php
Not Found: /wordpress/wp-admin/setup-config.php
Not Found: /xmlrpc.php
Not Found: /robots.txt
Not Found: /robots.txt
Not Found: /wp-admin/setup-config.php
Not Found: /wordpress/wp-admin/setup-config.php
Not Found: /wp-admin/setup-config.php
Not Found: /wordpress/wp-admin/setup-config.php
Not Found: /robots.txt
Not Found: /robots.txt
Not Found: /wp-admin/setup-config.php
Not Found: /wordpress/wp-admin/setup-config.php
Not Found: /wordpress/wp-admin/setup-config.php
Not Found: /wp-admin/setup-config.php
Not Found: /robots.txt
Not Found: /.well-known/traffic-advice
Not Found: /robots.txt
Not Found: /robots.txt
Not Found: /wp-includes/wlwmanifest.xml
Not Found: /xmlrpc.php
Not Found: /blog/wp-includes/wlwmanifest.xml
Not Found: /web/wp-includes/wlwmanifest.xml
Not Found: /wordpress/wp-includes/wlwmanifest.xml
Not Found: /website/wp-includes/wlwmanifest.xml
Not Found: /wp/wp-includes/wlwmanifest.xml
Not Found: /news/wp-includes/wlwmanifest.xml
Not Found: /2020/wp-includes/wlwmanifest.xml
Not Found: /2019/wp-includes/wlwmanifest.xml
Not Found: /shop/wp-includes/wlwmanifest.xml
Not Found: /wp1/wp-includes/wlwmanifest.xml
Not Found: /test/wp-includes/wlwmanifest.xml
Not Found: /wp2/wp-includes/wlwmanifest.xml
Not Found: /site/wp-includes/wlwmanifest.xml
Not Found: /cms/wp-includes/wlwmanifest.xml
Not Found: /sito/wp-includes/wlwmanifest.xml
Not Found: /wordpress/wp-admin/setup-config.php
Not Found: /wordpress/wp-admin/setup-config.php
Not Found: /wp-admin/setup-config.php
Not Found: /wp-admin/setup-config.php
Not Found: /robots.txt
Not Found: /robots.txt
Not Found: /wordpress/wp-admin/setup-config.php
Not Found: /wordpress/wp-admin/setup-config.php
Not Found: /wp-admin/setup-config.php
Not Found: /wp-admin/setup-config.php
Not Found: /robots.txt
Not Found: /robots.txt
Not Found: /robots.txt
Not Found: /robots.txt
Not Found: /robots.txt
Not Found: /robots.txt
Not Found: /robots.txt
Not Found: /robots.txt
Not Found: /robots.txt
Not Found: /robots.txt
Not Found: /robots.txt
Not Found: /robots.txt
Not Found: /robots.txt
Not Found: /wordpress/wp-admin/setup-config.php
Not Found: /wp-admin/setup-config.php
Not Found: /wordpress/wp-admin/setup-config.php
Not Found: /wp-admin/setup-config.php
Not Found: /robots.txt
Not Found: /favicon.ico
Not Found: /robots.txt
Not Found: /robots.txt
Not Found: /wordpress/wp-admin/setup-config.php
Not Found: /wordpress/wp-admin/setup-config.php
Not Found: /wp-admin/setup-config.php
Not Found: /wp-admin/setup-config.php
Not Found: /robots.txt
Not Found: /media/system/js/core.js
Not Found: /wp-includes/js/jquery/jquery.js
Not Found: /robots.txt
Not Found: /robots.txt
Not Found: /robots.txt
Not Found: /favicon.ico
Not Found: /wordpress/wp-admin/setup-config.php
Not Found: /wordpress/wp-admin/setup-config.php
Not Found: /wp-admin/setup-config.php
Not Found: /wp-admin/setup-config.php
Not Found: /robots.txt
Not Found: /robots.txt
Not Found: /wp-admin/setup-config.php
Not Found: /wp-admin/setup-config.php
Not Found: /wordpress/wp-admin/setup-config.php
Not Found: /wordpress/wp-admin/setup-config.php
Not Found: /robots.txt
Not Found: /robots.txt
Not Found: /robots.txt
Not Found: /robots.txt
Not Found: /robots.txt
Not Found: /favicon.ico
Not Found: /z0f76a1d14fd21a8fb5fd0d03e0fdc3d3cedae52f
Not Found: /favicon.ico
Not Found: /robots.txt
Not Found: /robots.txt
Not Found: /wp-login.php
Not Found: /robots.txt
Not Found: /robots.txt
Not Found: /robots.txt
Not Found: /robots.txt
Not Found: /wordpress/wp-admin/setup-config.php
Not Found: /wp-admin/setup-config.php
Not Found: /wp-admin/setup-config.php
Not Found: /wordpress/wp-admin/setup-config.php
Not Found: /robots.txt
Not Found: /favicon.ico
Not Found: /robots.txt
Not Found: /robots.txt
Not Found: /_ignition/execute-solution
Not Found: /robots.txt
Not Found: /robots.txt
Not Found: /robots.txt
Not Found: /robots.txt
Not Found: /wordpress/wp-admin/setup-config.php
Not Found: /wp-admin/setup-config.php
Not Found: /wp-admin/setup-config.php
Not Found: /wordpress/wp-admin/setup-config.php
Not Found: /robots.txt
Not Found: /robots.txt
Not Found: /robots.txt
Not Found: /robots.txt
Not Found: /robots.txt
Not Found: /robots.txt
Not Found: /sitemap.xml
Not Found: /ads.txt
Not Found: /llms.txt
Not Found: /humans.txt
Not Found: /security.txt
Not Found: /.well-known/security.txt
Not Found: /robots.txt
[UID:1092][611578] Child process with pid: 615696 was killed by signal: 15, core dumped: no
[UID:1092][611578] Child process with pid: 615693 was killed by signal: 15, core dumped: no
Not Found: /robots.txt
Not Found: /robots.txt
Not Found: /wp-admin/setup-config.php
Not Found: /wordpress/wp-admin/setup-config.php
Not Found: /wordpress/wp-admin/setup-config.php
Not Found: /wp-admin/setup-config.php
Not Found: /robots.txt
Not Found: /robots.txt
Not Found: /robots.txt
Not Found: /wp-admin/setup-config.php
Not Found: /wordpress/wp-admin/setup-config.php
Not Found: /wp-admin/setup-config.php
Not Found: /wordpress/wp-admin/setup-config.php
Not Found: /robots.txt
Not Found: /robots.txt
Not Found: /robots.txt
Not Found: /robots.txt
Not Found: /subcategory/25/
Not Found: /robots.txt
Not Found: /.well-known/traffic-advice
Not Found: /robots.txt
Not Found: /wordpress/wp-admin/setup-config.php
Not Found: /wp-admin/setup-config.php
Not Found: /wp-admin/setup-config.php
Not Found: /wordpress/wp-admin/setup-config.php
Not Found: /robots.txt
Not Found: /archivarix.cms.php
Not Found: /robots.txt
Not Found: /robots.txt
Not Found: /robots.txt
Not Found: /robots.txt
Not Found: /wp-admin/setup-config.php
Not Found: /wp-admin/setup-config.php
Not Found: /wordpress/wp-admin/setup-config.php
Not Found: /wordpress/wp-admin/setup-config.php
Not Found: /robots.txt
Not Found: /robots.txt
Not Found: /robots.txt
Not Found: /robots.txt
Not Found: /.well-known/traffic-advice
Not Found: /.well-known/traffic-advice
Not Found: /robots.txt
Not Found: /robots.txt
Not Found: /robots.txt
Not Found: /wordpress/wp-admin/setup-config.php
Not Found: /wp-admin/setup-config.php
Not Found: /wordpress/wp-admin/setup-config.php
Not Found: /wp-admin/setup-config.php
Not Found: /robots.txt
Not Found: /robots.txt
Not Found: /robots.txt
Not Found: /robots.txt
Not Found: /wp-admin/setup-config.php
Not Found: /wordpress/wp-admin/setup-config.php
Not Found: /wordpress/wp-admin/setup-config.php
Not Found: /wp-admin/setup-config.php
Not Found: /robots.txt
Not Found: /robots.txt
Not Found: /robots.txt
Not Found: /robots.txt
Not Found: /robots.txt
Not Found: /robots.txt
Not Found: /wp-admin/setup-config.php
Not Found: /wordpress/wp-admin/setup-config.php
Not Found: /wordpress/wp-admin/setup-config.php
Not Found: /wp-admin/setup-config.php
Not Found: /robots.txt
Not Found: /wp-admin/setup-config.php
Not Found: /wordpress/wp-admin/setup-config.php
Not Found: /wordpress/wp-admin/setup-config.php
Not Found: /wp-admin/setup-config.php
Not Found: /robots.txt
Not Found: /robots.txt
Not Found: /robots.txt
Not Found: /wordpress/wp-admin/setup-config.php
Not Found: /wp-admin/setup-config.php
Not Found: /wordpress/wp-admin/setup-config.php
Not Found: /wp-admin/setup-config.php
Not Found: /robots.txt
Not Found: /robots.txt
Not Found: /robots.txt
Not Found: /robots.txt
Not Found: /robots.txt
Not Found: /robots.txt
Not Found: /wp-admin/setup-config.php
Not Found: /wordpress/wp-admin/setup-config.php
Not Found: /wordpress/wp-admin/setup-config.php
Not Found: /wp-admin/setup-config.php
Not Found: /robots.txt
Not Found: /robots.txt
Not Found: /robots.txt
Not Found: /robots.txt
Not Found: /robots.txt
Not Found: /robots.txt
Not Found: /wp-admin/setup-config.php
Not Found: /wordpress/wp-admin/setup-config.php
Not Found: /wp-admin/setup-config.php
Not Found: /wordpress/wp-admin/setup-config.php
Not Found: /robots.txt
Not Found: /sitemap.txt
Not Found: /robots.txt
Not Found: /sitemap.txt
Not Found: /sitemap.txt
Not Found: /sitemap.txt
Not Found: /robots.txt
Not Found: /favicon.ico
Not Found: /robots.txt
Not Found: /robots.txt
Not Found: /robots.txt
Not Found: /robots.txt
Not Found: /robots.txt
Not Found: /robots.txt
Not Found: /robots.txt
Not Found: /.well-known/traffic-advice
Not Found: /wp-admin/setup-config.php
Not Found: /wordpress/wp-admin/setup-config.php
Not Found: /wp-admin/setup-config.php
Not Found: /wordpress/wp-admin/setup-config.php
Not Found: /wp-admin/setup-config.php
Not Found: /robots.txt
Not Found: /robots.txt
Not Found: /sitemap.xml
Not Found: /robots.txt
Not Found: /robots.txt
Not Found: /robots.txt
Not Found: /robots.txt
Not Found: /sitemap.xml
Not Found: /robots.txt
Not Found: /wp-admin/setup-config.php
Not Found: /wordpress/wp-admin/setup-config.php
Not Found: /wordpress/wp-admin/setup-config.php
Not Found: /wp-admin/setup-config.php
Not Found: /robots.txt
Not Found: /sitemap.xml
Not Found: /sitemap.xml
Not Found: /robots.txt
Not Found: /robots.txt
Not Found: /robots.txt
Not Found: /robots.txt
Not Found: /robots.txt
Not Found: /robots.txt
Not Found: /robots.txt
Not Found: /wp-admin/setup-config.php
Not Found: /wordpress/wp-admin/setup-config.php
Not Found: /wp-admin/setup-config.php
Not Found: /wordpress/wp-admin/setup-config.php
Not Found: /robots.txt
Not Found: /robots.txt
Not Found: /favicon.ico
Not Found: /favicon.ico
Not Found: /sitemap.xml.gz
Not Found: /favicon.ico
Not Found: /robots.txt
Not Found: /sitemap.xml.gz
Not Found: /sitemap.xml.gz
Not Found: /robots.txt
Not Found: /sitemap.xml.gz
Not Found: /robots.txt
Not Found: /robots.txt
Not Found: /robots.txt
Not Found: /wp-admin/setup-config.php
Not Found: /wp-admin/setup-config.php
Not Found: /wordpress/wp-admin/setup-config.php
Not Found: /wordpress/wp-admin/setup-config.php
Not Found: /robots.txt
Not Found: /robots.txt
Not Found: /robots.txt
Not Found: /wp-admin/setup-config.php
Not Found: /wp-admin/setup-config.php
Not Found: /wordpress/wp-admin/setup-config.php
Not Found: /wordpress/wp-admin/setup-config.php
Not Found: /robots.txt
Not Found: /robots.txt
Not Found: /sitemap_index.xml
Not Found: /robots.txt
Not Found: /robots.txt
Not Found: /sitemap_index.xml
Not Found: /sitemap_index.xml
Not Found: /sitemap_index.xml
Not Found: /robots.txt
Not Found: /wordpress/wp-admin/setup-config.php
Not Found: /wp-admin/setup-config.php
Not Found: /wordpress/wp-admin/setup-config.php
Not Found: /wp-admin/setup-config.php
Not Found: /robots.txt
Not Found: /robots.txt
Not Found: /robots.txt
Not Found: /wp-admin/setup-config.php
Not Found: /wordpress/wp-admin/setup-config.php
Not Found: /wordpress/wp-admin/setup-config.php
Not Found: /wp-admin/setup-config.php
Not Found: /robots.txt
Not Found: /robots.txt
Not Found: /robots.txt
Not Found: /robots.txt
Not Found: /robots.txt
Not Found: /robots.txt
Not Found: /robots.txt
Not Found: /manager/
Not Found: /simpla/
Not Found: /js/mage/cookies.js
Not Found: /administrator/
Not Found: /robots.txt
Not Found: /robots.txt
Not Found: /robots.txt
Not Found: /robots.txt
Not Found: /robots.txt
Not Found: /favicon.ico
Not Found: /robots.txt
Not Found: /robots.txt
Not Found: /robots.txt
Not Found: /robots.txt
Not Found: /favicon.ico
Not Found: /robots.txt
Not Found: /robots.txt
Not Found: /wordpress/wp-admin/setup-config.php
Not Found: /wp-admin/setup-config.php
Not Found: /wp-admin/setup-config.php
Not Found: /wordpress/wp-admin/setup-config.php
Not Found: /sitemaps.xml
Not Found: /robots.txt
Not Found: /sitemaps.xml
Not Found: /robots.txt
Not Found: /sitemaps.xml
Not Found: /sitemaps.xml
Not Found: /robots.txt
Not Found: /favicon.ico
Not Found: /robots.txt
Not Found: /robots.txt
Not Found: /robots.txt
Not Found: /robots.txt
Not Found: /wp-admin/setup-config.php
Not Found: /wordpress/wp-admin/setup-config.php
Not Found: /wp-admin/setup-config.php
Not Found: /wordpress/wp-admin/setup-config.php
Not Found: /wp-admin/setup-config.php
Not Found: /wordpress/wp-admin/setup-config.php
Not Found: /wordpress/wp-admin/setup-config.php
Not Found: /robots.txt
Not Found: /wp-admin/setup-config.php
Not Found: /robots.txt
Not Found: /robots.txt
Not Found: /robots.txt
Not Found: /robots.txt
Not Found: /robots.txt
Not Found: /robots.txt
Not Found: /wordpress/wp-admin/setup-config.php
Not Found: /wordpress/wp-admin/setup-config.php
Not Found: /wp-admin/setup-config.php
Not Found: /wp-admin/setup-config.php
Not Found: /robots.txt
Not Found: /robots.txt
Not Found: /robots.txt
Not Found: /wp-admin/setup-config.php
Not Found: /wp-admin/setup-config.php
Not Found: /wordpress/wp-admin/setup-config.php
Not Found: /wordpress/wp-admin/setup-config.php
Not Found: /robots.txt
Not Found: /robots.txt
Not Found: /robots.txt
Not Found: /robots.txt
Not Found: /robots.txt
Not Found: /robots.txt
Not Found: /robots.txt
Not Found: /robots.txt
Not Found: /wp-admin/setup-config.php
Not Found: /wordpress/wp-admin/setup-config.php
Not Found: /wordpress/wp-admin/setup-config.php
Not Found: /wp-admin/setup-config.php
[UID:1088][2585519] Reached max children process limit: 6, extra: 2, current: 8, busy: 8, please increase LSAPI_CHILDREN.
[UID:1088][2585519] Reached max children process limit: 6, extra: 2, current: 8, busy: 8, please increase LSAPI_CHILDREN.
[UID:1088][2585519] Reached max children process limit: 6, extra: 2, current: 8, busy: 8, please increase LSAPI_CHILDREN.
[UID:1088][2585519] Reached max children process limit: 6, extra: 2, current: 8, busy: 8, please increase LSAPI_CHILDREN.
[UID:1088][2585519] Reached max children process limit: 6, extra: 2, current: 8, busy: 8, please increase LSAPI_CHILDREN.
[UID:1088][2585519] Reached max children process limit: 6, extra: 2, current: 8, busy: 8, please increase LSAPI_CHILDREN.
[UID:1088][2585519] Reached max children process limit: 6, extra: 2, current: 8, busy: 8, please increase LSAPI_CHILDREN.
[UID:1088][2585519] Reached max children process limit: 6, extra: 2, current: 8, busy: 8, please increase LSAPI_CHILDREN.
[UID:1088][2585519] Reached max children process limit: 6, extra: 2, current: 8, busy: 8, please increase LSAPI_CHILDREN.
[UID:1088][2585519] Reached max children process limit: 6, extra: 2, current: 8, busy: 8, please increase LSAPI_CHILDREN.
[UID:1088][2585519] Reached max children process limit: 6, extra: 2, current: 8, busy: 8, please increase LSAPI_CHILDREN.
[UID:1088][2585519] Reached max children process limit: 6, extra: 2, current: 8, busy: 8, please increase LSAPI_CHILDREN.
[UID:1088][2585519] Reached max children process limit: 6, extra: 2, current: 8, busy: 8, please increase LSAPI_CHILDREN.
[UID:1088][2585519] Reached max children process limit: 6, extra: 2, current: 8, busy: 8, please increase LSAPI_CHILDREN.
[UID:1088][2585519] Reached max children process limit: 6, extra: 2, current: 8, busy: 8, please increase LSAPI_CHILDREN.
[UID:1088][2585519] Reached max children process limit: 6, extra: 2, current: 8, busy: 8, please increase LSAPI_CHILDREN.
[UID:1088][2585519] Reached max children process limit: 6, extra: 2, current: 8, busy: 8, please increase LSAPI_CHILDREN.
[UID:1088][2585519] Reached max children process limit: 6, extra: 2, current: 8, busy: 8, please increase LSAPI_CHILDREN.
[UID:1088][2585519] Reached max children process limit: 6, extra: 2, current: 8, busy: 8, please increase LSAPI_CHILDREN.
[UID:1088][2585519] Reached max children process limit: 6, extra: 2, current: 8, busy: 8, please increase LSAPI_CHILDREN.
[UID:1088][2585519] Reached max children process limit: 6, extra: 2, current: 8, busy: 8, please increase LSAPI_CHILDREN.
[UID:1088][2585519] Reached max children process limit: 6, extra: 2, current: 8, busy: 8, please increase LSAPI_CHILDREN.
[UID:1088][2585519] Reached max children process limit: 6, extra: 2, current: 8, busy: 7, please increase LSAPI_CHILDREN.
[UID:1088][2585519] Reached max children process limit: 6, extra: 2, current: 8, busy: 7, please increase LSAPI_CHILDREN.
[UID:1088][2585519] Reached max children process limit: 6, extra: 2, current: 8, busy: 7, please increase LSAPI_CHILDREN.
Not Found: /favicon.ico
Not Found: /favicon.ico
Not Found: /favicon.ico
Not Found: /favicon.ico
Not Found: /media/logo/logo.png/ads.txt
Not Found: /media/logo/logo.png/app-ads.txt
Not Found: /media/logo/logo.png/sellers.json
Not Found: /media/logo/logo.png/ads.txt
Not Found: /media/logo/logo.png/app-ads.txt
Not Found: /media/logo/logo.png/sellers.json
Not Found: /media/logo/logo.png/ads.txt
Not Found: /media/logo/logo.png/app-ads.txt
Not Found: /media/logo/logo.png/sellers.json
Not Found: /media/logo/logo.png/ads.txt
Not Found: /media/logo/logo.png/app-ads.txt
Not Found: /media/logo/logo.png/sellers.json
Not Found: /robots.txt
Not Found: /robots.txt
Not Found: /robots.txt
Not Found: /robots.txt
Not Found: /robots.txt
Not Found: /robots.txt
Not Found: /wordpress/wp-admin/setup-config.php
Not Found: /wordpress/wp-admin/setup-config.php
Not Found: /wp-admin/setup-config.php
Not Found: /wp-admin/setup-config.php
Not Found: /robots.txt
Not Found: /robots.txt
Not Found: /wordpress/wp-admin/setup-config.php
Not Found: /wordpress/wp-admin/setup-config.php
Not Found: /wp-admin/setup-config.php
Not Found: /wp-admin/setup-config.php
Not Found: /robots.txt
[UID:1088][3870508] Reached max children process limit: 6, extra: 2, current: 8, busy: 7, please increase LSAPI_CHILDREN.
[UID:1088][3870508] Reached max children process limit: 6, extra: 2, current: 8, busy: 8, please increase LSAPI_CHILDREN.
[UID:1088][3870508] Reached max children process limit: 6, extra: 2, current: 8, busy: 8, please increase LSAPI_CHILDREN.
[UID:1088][3870508] Reached max children process limit: 6, extra: 2, current: 8, busy: 8, please increase LSAPI_CHILDREN.
[UID:1088][3870508] Reached max children process limit: 6, extra: 2, current: 8, busy: 8, please increase LSAPI_CHILDREN.
[UID:1088][3870508] Reached max children process limit: 6, extra: 2, current: 8, busy: 8, please increase LSAPI_CHILDREN.
[UID:1088][3870508] Reached max children process limit: 6, extra: 2, current: 8, busy: 8, please increase LSAPI_CHILDREN.
[UID:1088][3870508] Reached max children process limit: 6, extra: 2, current: 8, busy: 8, please increase LSAPI_CHILDREN.
[UID:1088][3870508] Reached max children process limit: 6, extra: 2, current: 8, busy: 8, please increase LSAPI_CHILDREN.
[UID:1088][3870508] Reached max children process limit: 6, extra: 2, current: 8, busy: 8, please increase LSAPI_CHILDREN.
[UID:1088][3870508] Reached max children process limit: 6, extra: 2, current: 8, busy: 8, please increase LSAPI_CHILDREN.
[UID:1088][3870508] Reached max children process limit: 6, extra: 2, current: 8, busy: 8, please increase LSAPI_CHILDREN.
[UID:1088][3870508] Reached max children process limit: 6, extra: 2, current: 8, busy: 8, please increase LSAPI_CHILDREN.
[UID:1088][3870508] Reached max children process limit: 6, extra: 2, current: 8, busy: 8, please increase LSAPI_CHILDREN.
[UID:1088][3870508] Reached max children process limit: 6, extra: 2, current: 8, busy: 8, please increase LSAPI_CHILDREN.
[UID:1088][3870508] Reached max children process limit: 6, extra: 2, current: 8, busy: 8, please increase LSAPI_CHILDREN.
[UID:1088][3870508] Reached max children process limit: 6, extra: 2, current: 8, busy: 8, please increase LSAPI_CHILDREN.
[UID:1088][3870508] Reached max children process limit: 6, extra: 2, current: 8, busy: 8, please increase LSAPI_CHILDREN.
[UID:1088][3870508] Reached max children process limit: 6, extra: 2, current: 8, busy: 8, please increase LSAPI_CHILDREN.
[UID:1088][3870508] Reached max children process limit: 6, extra: 2, current: 8, busy: 8, please increase LSAPI_CHILDREN.
[UID:1088][3870508] Reached max children process limit: 6, extra: 2, current: 8, busy: 8, please increase LSAPI_CHILDREN.
[UID:1088][3870508] Reached max children process limit: 6, extra: 2, current: 8, busy: 8, please increase LSAPI_CHILDREN.
[UID:1088][3870508] Reached max children process limit: 6, extra: 2, current: 8, busy: 8, please increase LSAPI_CHILDREN.
[UID:1088][3870508] Reached max children process limit: 6, extra: 2, current: 8, busy: 7, please increase LSAPI_CHILDREN.
[UID:1088][3870508] Reached max children process limit: 6, extra: 2, current: 8, busy: 7, please increase LSAPI_CHILDREN.
[UID:1088][3870508] Reached max children process limit: 6, extra: 2, current: 8, busy: 7, please increase LSAPI_CHILDREN.
Not Found: /.well-known/traffic-advice
Not Found: /robots.txt
Not Found: /robots.txt
Not Found: /robots.txt
Not Found: /robots.txt
Not Found: /robots.txt
Not Found: /robots.txt
Not Found: /robots.txt
Not Found: /robots.txt
Not Found: /.well-known/traffic-advice
Not Found: /robots.txt
Not Found: /wordpress/wp-admin/setup-config.php
Not Found: /wordpress/wp-admin/setup-config.php
Not Found: /wp-admin/setup-config.php
Not Found: /wp-admin/setup-config.php
Not Found: /robots.txt
Not Found: /robots.txt
Not Found: /robots.txt
Not Found: /robots.txt
Not Found: /robots.txt
Not Found: /robots.txt
Not Found: /robots.txt
Not Found: /robots.txt
Not Found: /robots.txt
Not Found: /favicon.ico
Not Found: /favicon.png
Not Found: /favicon.ico
Not Found: /favicon.ico
Not Found: /favicon.png
Not Found: /favicon.ico
Not Found: /robots.txt
Not Found: /.well-known/traffic-advice
[UID:1088][2296668] Child process with pid: 2296678 was killed by signal: 15, core dumped: no
[UID:1088][2296668] Child process with pid: 2296758 was killed by signal: 15, core dumped: no
[UID:1088][2296668] Child process with pid: 2297252 was killed by signal: 15, core dumped: no
Not Found: /robots.txt
Not Found: /robots.txt
Not Found: /robots.txt
Not Found: /robots.txt
Not Found: /robots.txt
Not Found: /robots.txt
Not Found: /robots.txt
Not Found: /wp-admin/setup-config.php
Not Found: /wp-admin/setup-config.php
Not Found: /wordpress/wp-admin/setup-config.php
Not Found: /wordpress/wp-admin/setup-config.php
Not Found: /robots.txt
Not Found: /robots.txt
Not Found: /robots.txt
Not Found: /robots.txt
Not Found: /enhancecp
Not Found: /robots.txt
Not Found: /robots.txt
Not Found: /robots.txt
[UID:1088][4164314] Reached max children process limit: 6, extra: 2, current: 8, busy: 7, please increase LSAPI_CHILDREN.
[UID:1088][4164314] Reached max children process limit: 6, extra: 2, current: 8, busy: 8, please increase LSAPI_CHILDREN.
[UID:1088][4164314] Reached max children process limit: 6, extra: 2, current: 8, busy: 8, please increase LSAPI_CHILDREN.
[UID:1088][4164314] Reached max children process limit: 6, extra: 2, current: 8, busy: 8, please increase LSAPI_CHILDREN.
[UID:1088][4164314] Reached max children process limit: 6, extra: 2, current: 8, busy: 8, please increase LSAPI_CHILDREN.
[UID:1088][4164314] Reached max children process limit: 6, extra: 2, current: 8, busy: 8, please increase LSAPI_CHILDREN.
[UID:1088][4164314] Reached max children process limit: 6, extra: 2, current: 8, busy: 8, please increase LSAPI_CHILDREN.
[UID:1088][4164314] Reached max children process limit: 6, extra: 2, current: 8, busy: 8, please increase LSAPI_CHILDREN.
[UID:1088][4164314] Reached max children process limit: 6, extra: 2, current: 8, busy: 8, please increase LSAPI_CHILDREN.
[UID:1088][4164314] Reached max children process limit: 6, extra: 2, current: 8, busy: 8, please increase LSAPI_CHILDREN.
[UID:1088][4164314] Reached max children process limit: 6, extra: 2, current: 8, busy: 8, please increase LSAPI_CHILDREN.
[UID:1088][4164314] Reached max children process limit: 6, extra: 2, current: 8, busy: 8, please increase LSAPI_CHILDREN.
[UID:1088][4164314] Reached max children process limit: 6, extra: 2, current: 8, busy: 8, please increase LSAPI_CHILDREN.
[UID:1088][4164314] Reached max children process limit: 6, extra: 2, current: 8, busy: 8, please increase LSAPI_CHILDREN.
[UID:1088][4164314] Reached max children process limit: 6, extra: 2, current: 8, busy: 8, please increase LSAPI_CHILDREN.
[UID:1088][4164314] Reached max children process limit: 6, extra: 2, current: 8, busy: 8, please increase LSAPI_CHILDREN.
[UID:1088][4164314] Reached max children process limit: 6, extra: 2, current: 8, busy: 8, please increase LSAPI_CHILDREN.
[UID:1088][4164314] Reached max children process limit: 6, extra: 2, current: 8, busy: 8, please increase LSAPI_CHILDREN.
[UID:1088][4164314] Reached max children process limit: 6, extra: 2, current: 8, busy: 8, please increase LSAPI_CHILDREN.
[UID:1088][4164314] Reached max children process limit: 6, extra: 2, current: 8, busy: 8, please increase LSAPI_CHILDREN.
[UID:1088][4164314] Reached max children process limit: 6, extra: 2, current: 8, busy: 8, please increase LSAPI_CHILDREN.
[UID:1088][4164314] Reached max children process limit: 6, extra: 2, current: 8, busy: 8, please increase LSAPI_CHILDREN.
[UID:1088][4164314] Reached max children process limit: 6, extra: 2, current: 8, busy: 8, please increase LSAPI_CHILDREN.
[UID:1088][4164314] Reached max children process limit: 6, extra: 2, current: 8, busy: 8, please increase LSAPI_CHILDREN.
[UID:1088][4164314] Reached max children process limit: 6, extra: 2, current: 8, busy: 7, please increase LSAPI_CHILDREN.
[UID:1088][4164314] Reached max children process limit: 6, extra: 2, current: 8, busy: 7, please increase LSAPI_CHILDREN.
Not Found: /favicon.ico
Not Found: /favicon.png
Not Found: /favicon.ico
Not Found: /robots.txt
Not Found: /robots.txt
Not Found: /robots.txt
Not Found: /robots.txt
Not Found: /wordpress/wp-admin/setup-config.php
Not Found: /wp-admin/setup-config.php
Not Found: /wp-admin/setup-config.php
Not Found: /wordpress/wp-admin/setup-config.php
Not Found: /robots.txt
Not Found: /robots.txt
Not Found: /wordpress/wp-admin/setup-config.php
Not Found: /wordpress/wp-admin/setup-config.php
Not Found: /wp-admin/setup-config.php
Not Found: /wp-admin/setup-config.php
Not Found: /robots.txt
Not Found: /robots.txt
Not Found: /robots.txt
Not Found: /robots.txt
Not Found: /robots.txt
Not Found: /robots.txt
Not Found: /favicon.ico
Not Found: /robots.txt
Not Found: /robots.txt
Not Found: /robots.txt
Not Found: /robots.txt
Not Found: /robots.txt
Not Found: /media/system/js/core.js
Not Found: /wp-includes/js/jquery/jquery.js
Not Found: /robots.txt
Not Found: /robots.txt
Not Found: /wordpress/wp-admin/setup-config.php
Not Found: /wordpress/wp-admin/setup-config.php
Not Found: /wp-admin/setup-config.php
Not Found: /wp-admin/setup-config.php
Not Found: /wordpress/wp-admin/setup-config.php
Not Found: /wp-admin/setup-config.php
Not Found: /robots.txt
Not Found: /robots.txt
Not Found: /robots.txt
Not Found: /robots.txt
Not Found: /robots.txt
Not Found: /robots.txt
Not Found: /robots.txt
Not Found: /robots.txt
Not Found: /.well-known/security.txt
Not Found: /robots.txt
Not Found: /robots.txt
Not Found: /robots.txt
Not Found: /robots.txt
Not Found: /wp-admin/setup-config.php
Not Found: /wordpress/wp-admin/setup-config.php
Not Found: /wp-admin/setup-config.php
Not Found: /wordpress/wp-admin/setup-config.php
Not Found: /robots.txt
Not Found: /robots.txt
Not Found: /robots.txt
Not Found: /wp-admin/setup-config.php
Not Found: /wordpress/wp-admin/setup-config.php
Not Found: /wp-admin/setup-config.php
Not Found: /wordpress/wp-admin/setup-config.php
Not Found: /robots.txt
Not Found: /favicon.ico
Not Found: /robots.txt
Not Found: /robots.txt
Not Found: /robots.txt
Not Found: /favicon.ico
Not Found: /robots.txt
Not Found: /robots.txt
Not Found: /robots.txt
Not Found: /robots.txt
Not Found: /robots.txt
Not Found: /robots.txt
Not Found: /wp-admin/setup-config.php
Not Found: /wordpress/wp-admin/setup-config.php
Not Found: /wp-admin/setup-config.php
Not Found: /wordpress/wp-admin/setup-config.php
Not Found: /robots.txt
Not Found: /robots.txt
Not Found: /robots.txt
Not Found: /robots.txt
Not Found: /robots.txt
Not Found: /robots.txt
Not Found: /robots.txt
Not Found: /robots.txt
Not Found: /robots.txt
Not Found: /wp-admin/setup-config.php
Not Found: /wordpress/wp-admin/setup-config.php
Not Found: /wordpress/wp-admin/setup-config.php
Not Found: /wp-admin/setup-config.php
Not Found: /robots.txt
Not Found: /robots.txt
Not Found: /robots.txt
Not Found: /robots.txt
Not Found: /robots.txt
Not Found: /robots.txt
Not Found: /robots.txt
Not Found: /robots.txt
Not Found: /robots.txt
Not Found: /robots.txt
[UID:1088][3512537] Reached max children process limit: 6, extra: 2, current: 8, busy: 7, please increase LSAPI_CHILDREN.
[UID:1088][3512537] Reached max children process limit: 6, extra: 2, current: 8, busy: 8, please increase LSAPI_CHILDREN.
[UID:1088][3512537] Reached max children process limit: 6, extra: 2, current: 8, busy: 8, please increase LSAPI_CHILDREN.
[UID:1088][3512537] Reached max children process limit: 6, extra: 2, current: 8, busy: 8, please increase LSAPI_CHILDREN.
[UID:1088][3512537] Reached max children process limit: 6, extra: 2, current: 8, busy: 8, please increase LSAPI_CHILDREN.
[UID:1088][3512537] Reached max children process limit: 6, extra: 2, current: 8, busy: 8, please increase LSAPI_CHILDREN.
[UID:1088][3512537] Reached max children process limit: 6, extra: 2, current: 8, busy: 8, please increase LSAPI_CHILDREN.
[UID:1088][3512537] Reached max children process limit: 6, extra: 2, current: 8, busy: 8, please increase LSAPI_CHILDREN.
[UID:1088][3512537] Reached max children process limit: 6, extra: 2, current: 8, busy: 8, please increase LSAPI_CHILDREN.
[UID:1088][3512537] Reached max children process limit: 6, extra: 2, current: 8, busy: 8, please increase LSAPI_CHILDREN.
[UID:1088][3512537] Reached max children process limit: 6, extra: 2, current: 8, busy: 8, please increase LSAPI_CHILDREN.
[UID:1088][3512537] Reached max children process limit: 6, extra: 2, current: 8, busy: 8, please increase LSAPI_CHILDREN.
[UID:1088][3512537] Reached max children process limit: 6, extra: 2, current: 8, busy: 8, please increase LSAPI_CHILDREN.
[UID:1088][3512537] Reached max children process limit: 6, extra: 2, current: 8, busy: 8, please increase LSAPI_CHILDREN.
[UID:1088][3512537] Reached max children process limit: 6, extra: 2, current: 8, busy: 8, please increase LSAPI_CHILDREN.
[UID:1088][3512537] Reached max children process limit: 6, extra: 2, current: 8, busy: 8, please increase LSAPI_CHILDREN.
[UID:1088][3512537] Reached max children process limit: 6, extra: 2, current: 8, busy: 8, please increase LSAPI_CHILDREN.
[UID:1088][3512537] Reached max children process limit: 6, extra: 2, current: 8, busy: 8, please increase LSAPI_CHILDREN.
[UID:1088][3512537] Reached max children process limit: 6, extra: 2, current: 8, busy: 8, please increase LSAPI_CHILDREN.
[UID:1088][3512537] Reached max children process limit: 6, extra: 2, current: 8, busy: 8, please increase LSAPI_CHILDREN.
[UID:1088][3512537] Reached max children process limit: 6, extra: 2, current: 8, busy: 8, please increase LSAPI_CHILDREN.
[UID:1088][3512537] Reached max children process limit: 6, extra: 2, current: 8, busy: 8, please increase LSAPI_CHILDREN.
[UID:1088][3512537] Reached max children process limit: 6, extra: 2, current: 8, busy: 8, please increase LSAPI_CHILDREN.
[UID:1088][3512537] Reached max children process limit: 6, extra: 2, current: 8, busy: 8, please increase LSAPI_CHILDREN.
[UID:1088][3512537] Reached max children process limit: 6, extra: 2, current: 8, busy: 8, please increase LSAPI_CHILDREN.
[UID:1088][3512537] Reached max children process limit: 6, extra: 2, current: 8, busy: 8, please increase LSAPI_CHILDREN.
[UID:1088][3512537] Reached max children process limit: 6, extra: 2, current: 8, busy: 7, please increase LSAPI_CHILDREN.
[UID:1088][3512537] Reached max children process limit: 6, extra: 2, current: 8, busy: 7, please increase LSAPI_CHILDREN.
Not Found: /robots.txt
Not Found: /robots.txt
Not Found: /robots.txt
Not Found: /robots.txt
Not Found: /robots.txt
Not Found: /wp-admin/setup-config.php
Not Found: /wordpress/wp-admin/setup-config.php
Not Found: /wordpress/wp-admin/setup-config.php
Not Found: /wp-admin/setup-config.php
Not Found: /robots.txt
Not Found: /robots.txt
Not Found: /robots.txt
Not Found: /wordpress/wp-admin/setup-config.php
Not Found: /wp-admin/setup-config.php
Not Found: /wp-admin/setup-config.php
Not Found: /wordpress/wp-admin/setup-config.php
Not Found: /robots.txt
Not Found: /favicon.ico
Not Found: /robots.txt
Not Found: /robots.txt
Not Found: /wordpress/wp-admin/setup-config.php
Not Found: /wp-admin/setup-config.php
Not Found: /wp-admin/setup-config.php
Not Found: /wordpress/wp-admin/setup-config.php
Not Found: /robots.txt
Not Found: /robots.txt
[UID:1088][1875932] Reached max children process limit: 6, extra: 2, current: 8, busy: 7, please increase LSAPI_CHILDREN.
[UID:1088][1875932] Reached max children process limit: 6, extra: 2, current: 8, busy: 8, please increase LSAPI_CHILDREN.
[UID:1088][1875932] Reached max children process limit: 6, extra: 2, current: 8, busy: 8, please increase LSAPI_CHILDREN.
[UID:1088][1875932] Reached max children process limit: 6, extra: 2, current: 8, busy: 8, please increase LSAPI_CHILDREN.
[UID:1088][1875932] Reached max children process limit: 6, extra: 2, current: 8, busy: 8, please increase LSAPI_CHILDREN.
[UID:1088][1875932] Reached max children process limit: 6, extra: 2, current: 8, busy: 8, please increase LSAPI_CHILDREN.
[UID:1088][1875932] Reached max children process limit: 6, extra: 2, current: 8, busy: 8, please increase LSAPI_CHILDREN.
[UID:1088][1875932] Reached max children process limit: 6, extra: 2, current: 8, busy: 8, please increase LSAPI_CHILDREN.
[UID:1088][1875932] Reached max children process limit: 6, extra: 2, current: 8, busy: 8, please increase LSAPI_CHILDREN.
[UID:1088][1875932] Reached max children process limit: 6, extra: 2, current: 8, busy: 8, please increase LSAPI_CHILDREN.
[UID:1088][1875932] Reached max children process limit: 6, extra: 2, current: 8, busy: 8, please increase LSAPI_CHILDREN.
[UID:1088][1875932] Reached max children process limit: 6, extra: 2, current: 8, busy: 8, please increase LSAPI_CHILDREN.
[UID:1088][1875932] Reached max children process limit: 6, extra: 2, current: 8, busy: 8, please increase LSAPI_CHILDREN.
[UID:1088][1875932] Reached max children process limit: 6, extra: 2, current: 8, busy: 8, please increase LSAPI_CHILDREN.
[UID:1088][1875932] Reached max children process limit: 6, extra: 2, current: 8, busy: 8, please increase LSAPI_CHILDREN.
[UID:1088][1875932] Reached max children process limit: 6, extra: 2, current: 8, busy: 8, please increase LSAPI_CHILDREN.
[UID:1088][1875932] Reached max children process limit: 6, extra: 2, current: 8, busy: 8, please increase LSAPI_CHILDREN.
[UID:1088][1875932] Reached max children process limit: 6, extra: 2, current: 8, busy: 8, please increase LSAPI_CHILDREN.
[UID:1088][1875932] Reached max children process limit: 6, extra: 2, current: 8, busy: 8, please increase LSAPI_CHILDREN.
[UID:1088][1875932] Reached max children process limit: 6, extra: 2, current: 8, busy: 8, please increase LSAPI_CHILDREN.
[UID:1088][1875932] Reached max children process limit: 6, extra: 2, current: 8, busy: 8, please increase LSAPI_CHILDREN.
[UID:1088][1875932] Reached max children process limit: 6, extra: 2, current: 8, busy: 8, please increase LSAPI_CHILDREN.
[UID:1088][1875932] Reached max children process limit: 6, extra: 2, current: 8, busy: 8, please increase LSAPI_CHILDREN.
[UID:1088][1875932] Reached max children process limit: 6, extra: 2, current: 8, busy: 8, please increase LSAPI_CHILDREN.
[UID:1088][1875932] Reached max children process limit: 6, extra: 2, current: 8, busy: 8, please increase LSAPI_CHILDREN.
[UID:1088][1875932] Reached max children process limit: 6, extra: 2, current: 8, busy: 8, please increase LSAPI_CHILDREN.
[UID:1088][1875932] Reached max children process limit: 6, extra: 2, current: 8, busy: 7, please increase LSAPI_CHILDREN.
[UID:1088][1875932] Reached max children process limit: 6, extra: 2, current: 8, busy: 7, please increase LSAPI_CHILDREN.
[UID:1088][1875932] Reached max children process limit: 6, extra: 2, current: 8, busy: 8, please increase LSAPI_CHILDREN.
[UID:1088][1875932] Reached max children process limit: 6, extra: 2, current: 8, busy: 8, please increase LSAPI_CHILDREN.
[UID:1088][1875932] Reached max children process limit: 6, extra: 2, current: 8, busy: 8, please increase LSAPI_CHILDREN.
[UID:1088][1875932] Reached max children process limit: 6, extra: 2, current: 8, busy: 8, please increase LSAPI_CHILDREN.
[UID:1088][1875932] Reached max children process limit: 6, extra: 2, current: 8, busy: 8, please increase LSAPI_CHILDREN.
[UID:1088][1875932] Reached max children process limit: 6, extra: 2, current: 8, busy: 8, please increase LSAPI_CHILDREN.
[UID:1088][1875932] Reached max children process limit: 6, extra: 2, current: 8, busy: 8, please increase LSAPI_CHILDREN.
[UID:1088][1875932] Reached max children process limit: 6, extra: 2, current: 8, busy: 8, please increase LSAPI_CHILDREN.
[UID:1088][1875932] Reached max children process limit: 6, extra: 2, current: 8, busy: 8, please increase LSAPI_CHILDREN.
[UID:1088][1875932] Reached max children process limit: 6, extra: 2, current: 8, busy: 8, please increase LSAPI_CHILDREN.
[UID:1088][1875932] Reached max children process limit: 6, extra: 2, current: 8, busy: 8, please increase LSAPI_CHILDREN.
[UID:1088][1875932] Reached max children process limit: 6, extra: 2, current: 8, busy: 8, please increase LSAPI_CHILDREN.
[UID:1088][1875932] Reached max children process limit: 6, extra: 2, current: 8, busy: 8, please increase LSAPI_CHILDREN.
[UID:1088][1875932] Reached max children process limit: 6, extra: 2, current: 8, busy: 8, please increase LSAPI_CHILDREN.
[UID:1088][1875932] Reached max children process limit: 6, extra: 2, current: 8, busy: 7, please increase LSAPI_CHILDREN.
[UID:1088][1875932] Reached max children process limit: 6, extra: 2, current: 8, busy: 8, please increase LSAPI_CHILDREN.
[UID:1088][1875932] Reached max children process limit: 6, extra: 2, current: 8, busy: 8, please increase LSAPI_CHILDREN.
[UID:1088][1875932] Reached max children process limit: 6, extra: 2, current: 8, busy: 8, please increase LSAPI_CHILDREN.
[UID:1088][1875932] Reached max children process limit: 6, extra: 2, current: 8, busy: 8, please increase LSAPI_CHILDREN.
[UID:1088][1875932] Reached max children process limit: 6, extra: 2, current: 8, busy: 8, please increase LSAPI_CHILDREN.
[UID:1088][1875932] Reached max children process limit: 6, extra: 2, current: 8, busy: 8, please increase LSAPI_CHILDREN.
[UID:1088][1875932] Reached max children process limit: 6, extra: 2, current: 8, busy: 8, please increase LSAPI_CHILDREN.
[UID:1088][1875932] Reached max children process limit: 6, extra: 2, current: 8, busy: 7, please increase LSAPI_CHILDREN.
[UID:1088][1875932] Reached max children process limit: 6, extra: 2, current: 8, busy: 8, please increase LSAPI_CHILDREN.
[UID:1088][1875932] Reached max children process limit: 6, extra: 2, current: 8, busy: 8, please increase LSAPI_CHILDREN.
[UID:1088][1875932] Reached max children process limit: 6, extra: 2, current: 8, busy: 8, please increase LSAPI_CHILDREN.
[UID:1088][1875932] Reached max children process limit: 6, extra: 2, current: 8, busy: 8, please increase LSAPI_CHILDREN.
[UID:1088][1875932] Reached max children process limit: 6, extra: 2, current: 8, busy: 8, please increase LSAPI_CHILDREN.
[UID:1088][1875932] Reached max children process limit: 6, extra: 2, current: 8, busy: 8, please increase LSAPI_CHILDREN.
Not Found: /robots.txt
Not Found: /robots.txt
Not Found: /robots.txt
Not Found: /robots.txt
Not Found: /robots.txt
Not Found: /robots.txt
Not Found: /robots.txt
Not Found: /wp-admin/setup-config.php
Not Found: /wordpress/wp-admin/setup-config.php
Not Found: /wordpress/wp-admin/setup-config.php
Not Found: /wp-admin/setup-config.php
Not Found: /robots.txt
Not Found: /robots.txt
Not Found: /robots.txt
Not Found: /robots.txt
Not Found: /allimages
Not Found: /robots.txt
Not Found: /robots.txt
Not Found: /favicon.ico
Not Found: /robots.txt
Not Found: /robots.txt
Not Found: /wordpress/wp-admin/setup-config.php
Not Found: /wp-admin/setup-config.php
Not Found: /wordpress/wp-admin/setup-config.php
Not Found: /wp-admin/setup-config.php
Not Found: /robots.txt
Not Found: /sftp-config.json
Not Found: /.vscode/sftp.json
Not Found: /robots.txt
Not Found: /robots.txt
Not Found: /robots.txt
Not Found: /robots.txt
Not Found: /robots.txt
Not Found: /robots.txt
Not Found: /robots.txt
Not Found: /robots.txt
Not Found: /robots.txt
Not Found: /wordpress/wp-admin/setup-config.php
Not Found: /wp-admin/setup-config.php
Not Found: /wp-admin/setup-config.php
Not Found: /wordpress/wp-admin/setup-config.php
Not Found: /robots.txt
Not Found: /robots.txt
Not Found: /favicon.ico
Not Found: /wjpkqexuhfmcsbn
Not Found: /dwcc/sscout/fwtj
Not Found: /site/info
Not Found: /js/mdmin.js
Not Found: /static/n-td.png
Not Found: /api/menu
Not Found: /api/link/platform
Not Found: /home/member/getcode
Not Found: /api/nimcc/recv
Not Found: /api/ipa/download_app_info
Not Found: /app/checkBind
Not Found: /index.php
Not Found: /main.php
Not Found: /biz/server/config
Not Found: /Public/H5/images/forleft.png
Not Found: /api/v2/client/init
Not Found: /static/images/common/xtxx.png
Not Found: /assets/img/zb.png
Not Found: /static/home/2022/ppaayy.js
Not Found: /static/wap/css/trade-history.css
Not Found: /assets/js/video.js
Not Found: /dock/system/config/get
Not Found: /img/lxmj.png
Not Found: /user/api/site/info
Not Found: /vv/getset
Not Found: /static/theme/landrick/js/counter.init.js
Not Found: /app/user/info/index.php
Not Found: /static/back.png
Not Found: /api/xuanfei/xuanfeilist
Not Found: /resources/main/common.js
Not Found: /user/regok.php
Not Found: /index/lotteryHall.do
Not Found: /data/visa.txt
Not Found: /chaxun.html
Not Found: /pc/js/bootstrap.min.js
Not Found: /mobile/v3/js/lotterys.js
Not Found: /home.jpg
Not Found: /wap/api/sellerGoods!recommend_new.action
Not Found: /aiz-uploader/get_uploaded_files
Not Found: /common/init
Not Found: /Public/mobile/js/config.js
Not Found: /api/system/config
Not Found: /yhtz1.js
Not Found: /api/front/share
Not Found: /cron/bet/lastKj
Not Found: /getIndex
Not Found: /tools/_ajax/frontSkinSetting
Not Found: /platform/dev/config.js
Not Found: /api/getSys
Not Found: /static/js/xiaoyewl.js
Not Found: /apix/movie/index
Not Found: /index/newapi/api
Not Found: /public/assets/js/intlTelutils.js
Not Found: /api/Common/uploadPic
Not Found: /img/loginbg.f2105171.jpg
Not Found: /img/background.ed05d5bd.svg
Not Found: /api/uploads/getappconfig
Not Found: /statics/css/user.css
Not Found: /assets/txlog/images/1j.png
Not Found: /__error_/static/_errorPageModule.js
Not Found: /app/checkToken
Not Found: /health-check
Not Found: /static/replace/2.png
Not Found: /Template/admin/resources/admin/js/learunui-framework.js
Not Found: /Pay/index.php
Not Found: /kfb.css
Not Found: /api/v1/company/typeList
Not Found: /check
Not Found: /static/index/sign.js
Not Found: /vendor/dujiaoka-admin/images/logo.jpg
Not Found: /mobile/ajax/GetStartRaffleAllList/0
Not Found: /static/images/xyicon.png
Not Found: /configstatic/h5/control/control.js
Not Found: /static/images/themeWZCP/tzjl.png
Not Found: /public/user/info/index.php
Not Found: /melody/api/v1/retgistercolumn/list
Not Found: /images/home_biglist.png
Not Found: /api/currency/quotation_new
Not Found: /market/index/market_bat
Not Found: /queryVersion.php
Not Found: /api/app/exchange/getMarketList
Not Found: /template/mb/lang/text-zh.json
Not Found: /api/currency/quotation_new
Not Found: /Public/home/common/js/index.js
Not Found: /index.php
Not Found: /api/sys/info
Not Found: /static/index/js/lk/order.js
Not Found: /api/mdm/ipa
Not Found: /api/ask/jj
Not Found: /favicon.ico
Not Found: /api/mobileweb/error
Not Found: /dist/images/mask/colsed.png
Not Found: /common/pub/getSystemInfo
Not Found: /api/room/create
Not Found: /api/index/getArticle
Not Found: /api/anon/auth/vercode
Not Found: /api/UnionChannel.aspx
Not Found: /api/config/wallet
Not Found: /loop/fiveData
Not Found: /config_all
Not Found: /api/site/getInfo.do
Not Found: /api/shop/product
Not Found: /api/index/webconfig
Not Found: /api/index/index
Not Found: /index/login/getWays
Not Found: /checkusername
Not Found: /Ajax/allcoin_a
Not Found: /api.php
Not Found: /nyyh/ac_runactivecontent.js
Not Found: /h5/static/1-1.svg
Not Found: /Home/SendSMSCodeToPhoneFromAdmin
Not Found: /h5api/text-app/findPage
Not Found: /static/js/conf.js
Not Found: /static/apilines/index.js
Not Found: /favicon.ico
Not Found: /api/api/publicRealtimeByType
Not Found: /doLogin
Not Found: /home/test/index
Not Found: /api/oper/operationbanner/getList
Not Found: /ascss/img/trade1.png
Not Found: /template/mobile_user/ask_list.html
Not Found: /api/common/type/defi_activity_type
Not Found: /Site/configH5
Not Found: /api/coin/coins
Not Found: /favicon.png
Not Found: /views/bank/bank.html
Not Found: /mobile/get_item_list
Not Found: /common/test
Not Found: /api/product/list
Not Found: /api/v1/seller/register
Not Found: /static_jt/css/style.css
Not Found: /api/index/index
Not Found: /api/prod-api/home/kuaixun/kuai/
Not Found: /api/v1/product/category
Not Found: /manifest.json
Not Found: /api/product/list/index
Not Found: /favicon.ico
Not Found: /api/common/dictEnumMapAll
Not Found: /Public/Home/statics/web/js/style.js
Not Found: /api/config
Not Found: /mobile/film/images/userphone.jpg
Not Found: /xingcai_Front/liaotian/check.php
Not Found: /api/system/systemConfigs/systemConfigForPlatform
Not Found: /public/home/js/func.js
Not Found: /Six/Js/class_12.js
Not Found: /dianjianniu.js
Not Found: /service/business/api/hotlist/randomHotList
Not Found: /img/bg03.9bf50d2e.png
Not Found: /templates/hyacinth/js/common.js
Not Found: /imgs/tabbar1_sel.png
Not Found: /assets/layui/resuser/room.js
Not Found: /prod-api/common/getLogo
Not Found: /getGoogleKey
Not Found: /api/web/v1/site/staticData
Not Found: /static/images/head/kefu.jpg
Not Found: /js/noright.js
Not Found: /api/product/classify/all
Not Found: /api/yy2/pay
Not Found: /wap/api/syspara!getSyspara.action
Not Found: /static/icons/home-jh.png
Not Found: /api/census/getTitle
Not Found: /api/v1/token
Not Found: /static/img/homeqiquanicon.png
Not Found: /static/quickly/alipay.png
Not Found: /main/config/getInitData
Not Found: /Public/m/js/yxMobileSlider.js
Not Found: /m/js/swipe.js
Not Found: /App/config
Not Found: /static/icon/i1.png
Not Found: /api.php
Not Found: /Scripts/Chat
Not Found: /static/index/js/mSlider.min.js
Not Found: /ws/index/weblogo/app
Not Found: /index/okx/market/type/1
Not Found: /api/v1/member/home
Not Found: /post.asp
Not Found: /api/index/home
Not Found: /api/shares/systemStyle
Not Found: /platform/passport/login.html
Not Found: /res/dou/login.css
Not Found: /static/mobile/imgn/winer_ico.png
Not Found: /api/auth/siteTitle
Not Found: /favicon.ico
Not Found: /api/app/config
Not Found: /api/currency/quotation_new
Not Found: /cdb/api/content/countryCode
Not Found: /js/room.js
Not Found: /favicon.ico
Not Found: /hybrid/html/js/klineData.js
Not Found: /api/info/doqm
Not Found: /static_wb2/js/main.js
Not Found: /goods/ajaxGoodsList
Not Found: /api/lot-lot/odds
Not Found: /content/template/default/js/main.js
Not Found: /api/user/drawList
Not Found: /static/home/js/regular.js
Not Found: /index/index/vhash
Not Found: /api/xin1.php
Not Found: /api/wallet/getUsdt
Not Found: /config.js
Not Found: /favicon.ico
Not Found: /favicon.ico
Not Found: /static/footer/hang1.png
Not Found: /x_mch/src/views/user/login.html
Not Found: /pczs/js/trendChart.js
Not Found: /Card/liu.html
Not Found: /index/login/checkPhone
Not Found: /js/preload/example.txt
Not Found: /web/im/js/register.js
Not Found: /js/_coolchat-commons.js
Not Found: /static/img/xingushengou.png
Not Found: /api/prod/tag/prodTagList
Not Found: /static/img/banben.png
Not Found: /im/in/vendorLogin
Not Found: /api/common/config
Not Found: /static/js/news.js
Not Found: /merchant/merchant/language_list
Not Found: /static/images/my/my-sh.png
Not Found: /api/bank/index
Not Found: /api/exclude/siteConfig/webSiteConfig
Not Found: /js/yanzheng_yhk.js
Not Found: /api/member/systemConfig/getPCSiteConfig
Not Found: /api/index/loanConfig
Not Found: /Public/Wchat/js/cvphp.js
Not Found: /index.html
Not Found: /api/about/content
Not Found: /AppInfo.aspx
Not Found: /api/apps/config
Not Found: /api/Index/down
Not Found: /favicon.ico
Not Found: /api/home/country/list
Not Found: /img/banner.png
Not Found: /api/system/info
Not Found: /favicon.ico
Not Found: /index.js
Not Found: /api/Interface/mobile_ajax.asmx/GetAllInformation
Not Found: /Loading.png
Not Found: /api/market/currency_matches
Not Found: /credit-api/mobile/getCreditInfo
Not Found: /h5/img/red_up.png
Not Found: /img/footer/subscribe.jpg
Not Found: /php/app.php
Not Found: /static/admin/favicon.ico
Not Found: /Pc/tools/outpwd_smsverify
Not Found: /js/urlController.js
Not Found: /static/images/txjl.png
Not Found: /index.php
Not Found: /resource/home/js/config.js
Not Found: /index/load/rebotslist.html
Not Found: /geapi/webConfig
Not Found: /static/js/chart.js
Not Found: /static/wallet.png
Not Found: /Apps/gold/Tpl/Admin/Mt4Server/index.html
Not Found: /api/store/product/category/lst
Not Found: /api/common/init
Not Found: /index/index/detail
Not Found: /static/theme/dy/img/11.png
Not Found: /api/message/webInfo
Not Found: /phpcms/modules/member/touzi.php
Not Found: /static/favicon.ico
Not Found: /welive.js
Not Found: /assets/addons/tiktokshop/fb/index.html
Not Found: /js/demo.js
Not Found: /static/wap/js/3.4.3.js
Not Found: /home/login/login_index.html
Not Found: /static/picture/banner.png
Not Found: /index/index/service
Not Found: /api/link
Not Found: /api/Lever/leverType
Not Found: /favicon.ico
Not Found: /v1/common/visitor/getAgentStatus.do
Not Found: /api/common/getVersion
Not Found: /api/getmarket/main
Not Found: /api/agent
Not Found: /api/api/site/getInfo.do
Not Found: /send_telphone_code
Not Found: /text_config.js
Not Found: /api/baseConfig
Not Found: /scripts/LoadAjaxIco.js
Not Found: /photo/index.asp
Not Found: /call/call.php
Not Found: /api/common/getCurrencyFee
Not Found: /index.php
Not Found: /images/web/xiao_logo.png
Not Found: /index/login/smsRand
Not Found: /static/footer/index1.png
Not Found: /api/common/huobiTicket
Not Found: /member/css/bindmobile.js
Not Found: /config.js
Not Found: /chatroomgame
Not Found: /static/user/1.png
Not Found: /api/financenews
Not Found: /Home/Index/ajax_focus_on
Not Found: /jiesuan.html
Not Found: /live/getRealIP
Not Found: /api/service
Not Found: /api/channel/channelList
Not Found: /umd/tinode.prod.js
Not Found: /api/opt/get_app_version
Not Found: /static/assets/js/cms.js
Not Found: /api/v1/public/siteInfo
Not Found: /static/index/js/yhfunction.js
Not Found: /html/wechat/getkey
Not Found: /public/message/findByType
Not Found: /mobile/lottery/list
Not Found: /api/shop_dizhi_mod.php
Not Found: /api/version/system_setting
Not Found: /prod-api/app/custServerInfo
Not Found: /api/config
Not Found: /index/base
Not Found: /images/adminlo.png
Not Found: /wander/control/login
Not Found: /api/index/config
Not Found: /api/v1/tea/investment-project/list
Not Found: /phalapi/public/docs.php
Not Found: /mobile/caipiao/game/list/all
Not Found: /site/plan
Not Found: /favicon.ico
Not Found: /index.php/games/red
Not Found: /mall/toget/banner
Not Found: /favicon.ico
Not Found: /assets/index/css/NewSign.css
Not Found: /room/minilogin.php
Not Found: /native/getStationInfo.do
Not Found: /contract/info/1
Not Found: /api/procoin/home/config.do
Not Found: /static/js/common.js
Not Found: /static/image/tabbar/my-c.png
Not Found: /static/admin/js/cvphp.js
Not Found: /static/js/main.js
Not Found: /api/getagentbyip
Not Found: /web/nav_cart_view.aspx
Not Found: /Public/statics/js/iconfont.js
Not Found: /static/web_client/js/yuv.js
Not Found: /api/api/sync
Not Found: /api/User/login
Not Found: /Application/Basic/Static/css/customerselect.css
Not Found: /api/sms
Not Found: /images/defaultpic.gif
Not Found: /api/configs
Not Found: /index/index/cx
Not Found: /static/wap/bjscDetails.html
Not Found: /static/js/app_ex.js
Not Found: /upload_json/
Not Found: /static/css/search.css
Not Found: /favicon.png
Not Found: /api/index/room
Not Found: /tpd.php
Not Found: /api/pc/helper/terms
Not Found: /invest
Not Found: /static/images/wallet_manage_trc_usdt.svg
Not Found: /home/user/zs
Not Found: /api/user/getconfig
Not Found: /index/user/main.html
Not Found: /apii/home/user/zs
Not Found: /setting/global
Not Found: /api/stock/getDzList.do
Not Found: /static/icon.png
Not Found: /info/putUpload
Not Found: /bapi/api/user/getUserInfo
Not Found: /newss/resources/js/pc28-betbox.js
Not Found: /jump/tips.png
Not Found: /api/v1/game/last_issue
Not Found: /li/user/loginck
Not Found: /app/Home/apitest
Not Found: /index.php
Not Found: /static/black/me_auth.png
Not Found: /api/getconfig.aspx
Not Found: /resource/images/404.jpg
Not Found: /static/images/tabbar/tabbar_fan.png
Not Found: /user/ajax_tm
Not Found: /km.asmx/getPlatParam
Not Found: /ashx/getPlatParam.ashx
Not Found: /index/index/info
Not Found: /js/nsc_m/res.js
Not Found: /uploads/faces/avatar.png
Not Found: /dist/js/regist.js
Not Found: /api/web/info
Not Found: /bxzq/sscout/fwtj
Not Found: /dwcc/sysCxunt/adx
Not Found: /static/images/noti_left.png
Not Found: /acca/api/site/getInfo.do
Not Found: /api/739a748bd3c748b88deac114d318d445
Not Found: /api/currency/quotation_new
Not Found: /KlineChart/klineChartList
Not Found: /phalapi/public/
Not Found: /game-api/getVersion/3/1
Not Found: /favicon.ico
Not Found: /api/kefu/client/get/robot-reply/main/title
Not Found: /v1/member/open/Perpetual/info/
Not Found: /api/dict/getServiceConfig
Not Found: /tu/index.png
Not Found: /api/vue/transaction/config
Not Found: /apps/index.php/Api/Config/index
Not Found: /api/index/kinits
Not Found: /index
Not Found: /themes/simpleboot3/portal/images/btn2.png
Not Found: /public/static/js/main.js
Not Found: /_data/config/config/get
Not Found: /static/img/home-search.png
Not Found: /static/splash.png
Not Found: /fht/js1/login1.js
Not Found: /static/fw4.png
Not Found: /static/picture/a.png
Not Found: /v_lateron.asp
Not Found: /index/Publics/miningIndexList
Not Found: /static/mobile/agz/image/login/user.png
Not Found: /api/system/config
Not Found: /api/index/index
Not Found: /static/home-active.png
Not Found: /static/recovery/img/icon_index_1.png
Not Found: /api/Common/download_app
Not Found: /favicon.ico
Not Found: /prod-api/api/mine/sys/sysConfig
Not Found: /api/contract/index/getLine
Not Found: /index/Index/type.html
Not Found: /img/default/gaba.png
Not Found: /index.php/index/login/logincl
Not Found: /picture/banner.png
Not Found: /Public/Home/images/cardinfo.png
Not Found: /indexl.asp
Not Found: /static/js/chunk-vendors.960bb061.js
Not Found: /favicon.ico
Not Found: /-/x/hbg/daq/user-event/info/plain
Not Found: /tp1.php
Not Found: /paygw/info/xx
Not Found: /favicon.ico
Not Found: /member/showSign
Not Found: /assets/img/loginbg.jpg
Not Found: /User/login.html
Not Found: /app/line-2.0.json
Not Found: /shop/user/check
Not Found: /index.php
Not Found: /static/img/home_bj@3x.e2c01e07.png
Not Found: /home/index/getConfig
Not Found: /static/tabbar/trade.png
Not Found: /service
Not Found: /service
Not Found: /favicon.ico
Not Found: /index/index/langSetting.html
Not Found: /qq/verify
Not Found: /computer/articleContent
Not Found: /static/public/bp_about_4.jpg
Not Found: /x_hf.asp
Not Found: /static/js/index.8ec8c5b7.js
Not Found: /static/new/js/shangchuan.js
Not Found: /acquireSession
Not Found: /Tencent/GetGuarantee
Not Found: /v1/management/tenant/getTenantConfig
Not Found: /User/Reg/
Not Found: /Public/Wap/jinrong/Mobile/Public/js/drawsvg.js
Not Found: /favicon.ico
Not Found: /api/config
Not Found: /Home/Get/getIndexLunshu
Not Found: /Plus/AboutUs/Images/Style.css
Not Found: /index/newapi/api
Not Found: /api/baseConfig
Not Found: /app/get_shares_index
Not Found: /Ajax/checkpwd.js
Not Found: /default_drawnotice.shtml
Not Found: /api/user/switchWeb
Not Found: /t100/icon-service.svg
Not Found: /mobile/user/getImgCodeCal
Not Found: /api/submitCard.html
Not Found: /static/img/cs/cs-bg-big.jpg
Not Found: /v1/user/overview/userinfo
Not Found: /index/user/register.html
Not Found: /static/config.js
Not Found: /t000/login-img-2.svg
Not Found: /h5/static/icon/icon_hetong.png
Not Found: /index/chat/init
Not Found: /history_code.shtml
Not Found: /static/index/Index.js
Not Found: /assets/yibao/Nweshebao/img/logo.png
Not Found: /js/subsidy/bk.min.js
Not Found: /pc/serverConfig.js
Not Found: /favicon.ico
Not Found: /Home/Jiekou/ajaxLatest1
Not Found: /assets/js/daik/hm.js
Not Found: /waplogin.php
Not Found: /Public/Home/css/revise.css
Not Found: /api/index/indexconfig
Not Found: /api/msulow/getbuydownstatus
Not Found: /libs/wsBase.js
Not Found: /Web/JS/michat.js
Not Found: /static/img_m/login-bg.a7550e9.png
Not Found: /index/index/register1/type/1.html
Not Found: /active
Not Found: /jsonpublic/selectAddtion.asp
Not Found: /wap/reportExample.shtml
Not Found: /api/index/logincode
Not Found: /a/web/goWeb/userTpl
Not Found: /star.php
Not Found: /app/config/getConfig
Not Found: /api.php
Not Found: /account/login
Not Found: /1.jpg
Not Found: /api/index/userdded.html
Not Found: /backend
Not Found: /js/chunk-vendors.63ec85b1.js
Not Found: /static/common/icon/zhuanzhang.png
Not Found: /api/trendData
Not Found: /-_files/bj.png
Not Found: /public/js/json/code_BF_ix.json
Not Found: /js/app.js
Not Found: /favicon.ico
Not Found: /index/index/test
Not Found: /adapt.js
Not Found: /market/coinList
Not Found: /setting/lever
Not Found: /url1/gjs/stock
Not Found: /apinew/index/getSlider
Not Found: /apicom/news/zijinliu
Not Found: /api/luo/goodListb
Not Found: /syn/png/name-cae1ab26.png
Not Found: /stock/zdfb
Not Found: /v1/common/exploreFindConfig
Not Found: /api.php/index/getKefu
Not Found: /static/api/js/conf/define.js
Not Found: /index/index/qingsuan
Not Found: /images/irnTokenLogo.png
Not Found: /c/auth/vCode
Not Found: /api/mdm/getAppInfo
Not Found: /serveapi/tx/open/session/fffff
Not Found: /mobile-api/initConfig.js
Not Found: /mobile/login/register.html
Not Found: /Mg0a4/app/data.js
Not Found: /app/login
Not Found: /Publics/getWebInitInfo
Not Found: /api/f.php
Not Found: /tp/
Not Found: /wap/api/exchangerateuserconfig!get.action
Not Found: /app/h5Api
Not Found: /home/data/get_ip_info
Not Found: /v1/app/market/home/queryKlineRiseList
Not Found: /home/main/getConfig.do
Not Found: /miningpool/index
Not Found: /robots.txt
Not Found: /robots.txt
Not Found: /wp-admin/setup-config.php
Not Found: /wordpress/wp-admin/setup-config.php
Not Found: /wp-admin/setup-config.php
Not Found: /wordpress/wp-admin/setup-config.php
Not Found: /robots.txt
Not Found: /favicon.ico
Not Found: /favicon.ico
Not Found: /robots.txt
Not Found: /robots.txt
Not Found: /.well-known/traffic-advice
Not Found: /robots.txt
Not Found: /robots.txt
Not Found: /robots.txt
Not Found: /wp-admin/setup-config.php
Not Found: /wordpress/wp-admin/setup-config.php
Not Found: /wordpress/wp-admin/setup-config.php
Not Found: /wp-admin/setup-config.php
Not Found: /wordpress/wp-admin/setup-config.php
Not Found: /robots.txt
Not Found: /robots.txt
Not Found: /robots.txt
Not Found: /robots.txt
Not Found: /robots.txt
Not Found: /robots.txt
Not Found: /robots.txt
Not Found: /robots.txt
Not Found: /robots.txt
Not Found: /robots.txt
Not Found: /robots.txt
Not Found: /robots.txt
Not Found: /robots.txt
Not Found: /robots.txt
Not Found: /xmlrpc.php
Not Found: /wp-admin/setup-config.php
Not Found: /wordpress/wp-admin/setup-config.php
Not Found: /wp-admin/setup-config.php
Not Found: /wordpress/wp-admin/setup-config.php
Not Found: /robots.txt
Not Found: /google4ec7b66b006d9c70.html
Not Found: /robots.txt
Not Found: /robots.txt
Not Found: /robots.txt
Not Found: /robots.txt
Not Found: /robots.txt
Not Found: /robots.txt
Not Found: /robots.txt
Not Found: /wp-admin/setup-config.php
Not Found: /wp-admin/setup-config.php
Not Found: /wordpress/wp-admin/setup-config.php
Not Found: /wordpress/wp-admin/setup-config.php
Not Found: /robots.txt
Not Found: /robots.txt
Not Found: /robots.txt
Not Found: /robots.txt
Not Found: /robots.txt
Not Found: /robots.txt
Not Found: /wp-includes/wlwmanifest.xml
Not Found: /xmlrpc.php
Not Found: /blog/wp-includes/wlwmanifest.xml
Not Found: /web/wp-includes/wlwmanifest.xml
Not Found: /wordpress/wp-includes/wlwmanifest.xml
Not Found: /website/wp-includes/wlwmanifest.xml
Not Found: /wp/wp-includes/wlwmanifest.xml
Not Found: /news/wp-includes/wlwmanifest.xml
Not Found: /2020/wp-includes/wlwmanifest.xml
Not Found: /2019/wp-includes/wlwmanifest.xml
Not Found: /shop/wp-includes/wlwmanifest.xml
Not Found: /wp1/wp-includes/wlwmanifest.xml
Not Found: /test/wp-includes/wlwmanifest.xml
Not Found: /wp2/wp-includes/wlwmanifest.xml
Not Found: /site/wp-includes/wlwmanifest.xml
Not Found: /cms/wp-includes/wlwmanifest.xml
Not Found: /sito/wp-includes/wlwmanifest.xml
[UID:1088][1696731] Child process with pid: 1696748 was killed by signal: 15, core dumped: no
Not Found: /xmlrpc.php
Not Found: /robots.txt
Not Found: /robots.txt
Not Found: /robots.txt
Not Found: /robots.txt
[UID:1088][2288963] Reached max children process limit: 6, extra: 2, current: 8, busy: 7, please increase LSAPI_CHILDREN.
[UID:1088][2288963] Reached max children process limit: 6, extra: 2, current: 8, busy: 8, please increase LSAPI_CHILDREN.
[UID:1088][2288963] Reached max children process limit: 6, extra: 2, current: 8, busy: 8, please increase LSAPI_CHILDREN.
[UID:1088][2288963] Reached max children process limit: 6, extra: 2, current: 8, busy: 8, please increase LSAPI_CHILDREN.
[UID:1088][2288963] Reached max children process limit: 6, extra: 2, current: 8, busy: 8, please increase LSAPI_CHILDREN.
[UID:1088][2288963] Reached max children process limit: 6, extra: 2, current: 8, busy: 8, please increase LSAPI_CHILDREN.
[UID:1088][2288963] Reached max children process limit: 6, extra: 2, current: 8, busy: 8, please increase LSAPI_CHILDREN.
[UID:1088][2288963] Reached max children process limit: 6, extra: 2, current: 8, busy: 8, please increase LSAPI_CHILDREN.
[UID:1088][2288963] Reached max children process limit: 6, extra: 2, current: 8, busy: 8, please increase LSAPI_CHILDREN.
[UID:1088][2288963] Reached max children process limit: 6, extra: 2, current: 8, busy: 8, please increase LSAPI_CHILDREN.
[UID:1088][2288963] Reached max children process limit: 6, extra: 2, current: 8, busy: 8, please increase LSAPI_CHILDREN.
[UID:1088][2288963] Reached max children process limit: 6, extra: 2, current: 8, busy: 8, please increase LSAPI_CHILDREN.
[UID:1088][2288963] Reached max children process limit: 6, extra: 2, current: 8, busy: 8, please increase LSAPI_CHILDREN.
[UID:1088][2288963] Reached max children process limit: 6, extra: 2, current: 8, busy: 8, please increase LSAPI_CHILDREN.
[UID:1088][2288963] Reached max children process limit: 6, extra: 2, current: 8, busy: 8, please increase LSAPI_CHILDREN.
[UID:1088][2288963] Reached max children process limit: 6, extra: 2, current: 8, busy: 8, please increase LSAPI_CHILDREN.
[UID:1088][2288963] Reached max children process limit: 6, extra: 2, current: 8, busy: 8, please increase LSAPI_CHILDREN.
[UID:1088][2288963] Reached max children process limit: 6, extra: 2, current: 8, busy: 8, please increase LSAPI_CHILDREN.
[UID:1088][2288963] Reached max children process limit: 6, extra: 2, current: 8, busy: 8, please increase LSAPI_CHILDREN.
[UID:1088][2288963] Reached max children process limit: 6, extra: 2, current: 8, busy: 8, please increase LSAPI_CHILDREN.
[UID:1088][2288963] Reached max children process limit: 6, extra: 2, current: 8, busy: 8, please increase LSAPI_CHILDREN.
[UID:1088][2288963] Reached max children process limit: 6, extra: 2, current: 8, busy: 8, please increase LSAPI_CHILDREN.
[UID:1088][2288963] Reached max children process limit: 6, extra: 2, current: 8, busy: 8, please increase LSAPI_CHILDREN.
[UID:1088][2288963] Reached max children process limit: 6, extra: 2, current: 8, busy: 8, please increase LSAPI_CHILDREN.
[UID:1088][2288963] Reached max children process limit: 6, extra: 2, current: 8, busy: 8, please increase LSAPI_CHILDREN.
[UID:1088][2288963] Reached max children process limit: 6, extra: 2, current: 8, busy: 8, please increase LSAPI_CHILDREN.
[UID:1088][2288963] Reached max children process limit: 6, extra: 2, current: 8, busy: 8, please increase LSAPI_CHILDREN.
[UID:1088][2288963] Reached max children process limit: 6, extra: 2, current: 8, busy: 8, please increase LSAPI_CHILDREN.
[UID:1088][2288963] Reached max children process limit: 6, extra: 2, current: 8, busy: 8, please increase LSAPI_CHILDREN.
[UID:1088][2288963] Reached max children process limit: 6, extra: 2, current: 8, busy: 7, please increase LSAPI_CHILDREN.
Not Found: /robots.txt
Not Found: /robots.txt
Not Found: /wp-admin/setup-config.php
Not Found: /wordpress/wp-admin/setup-config.php
Not Found: /wordpress/wp-admin/setup-config.php
Not Found: /wp-admin/setup-config.php
Not Found: /robots.txt
Not Found: /robots.txt
Not Found: /robots.txt
Not Found: /wp-admin/setup-config.php
Not Found: /wp-admin/setup-config.php
Not Found: /wordpress/wp-admin/setup-config.php
Not Found: /wordpress/wp-admin/setup-config.php
Not Found: /robots.txt
Not Found: /robots.txt
Not Found: /robots.txt
Not Found: /robots.txt
Not Found: /robots.txt
Not Found: /robots.txt
Not Found: /robots.txt
Not Found: /robots.txt
Not Found: /robots.txt
Not Found: /apple-app-site-association
Not Found: /.well-known/apple-app-site-association
Not Found: /robots.txt
Not Found: /robots.txt
Not Found: /robots.txt
Not Found: /robots.txt
Not Found: /robots.txt
Not Found: /robots.txt
Not Found: /robots.txt
Not Found: /wordpress/wp-admin/setup-config.php
Not Found: /wp-admin/setup-config.php
Not Found: /wordpress/wp-admin/setup-config.php
Not Found: /wp-admin/setup-config.php
Not Found: /robots.txt
Not Found: /robots.txt
Not Found: /robots.txt
Not Found: /robots.txt
Not Found: /robots.txt
Not Found: /robots.txt
Not Found: /robots.txt
Not Found: /robots.txt
Not Found: /robots.txt
Not Found: /robots.txt
Not Found: /apple-app-site-association
Not Found: /robots.txt
Not Found: /robots.txt
Not Found: /.well-known/apple-app-site-association
Not Found: /robots.txt
Not Found: /robots.txt
Not Found: /robots.txt
Not Found: /robots.txt
Not Found: /robots.txt
Not Found: /robots.txt
Not Found: /robots.txt
Not Found: /robots.txt
Not Found: /robots.txt
Not Found: /robots.txt
Not Found: /robots.txt
Not Found: /robots.txt
Not Found: /robots.txt
Not Found: /robots.txt
Not Found: /robots.txt
Not Found: /apple-app-site-association
Not Found: /wordpress/wp-admin/setup-config.php
Not Found: /wordpress/wp-admin/setup-config.php
Not Found: /wp-admin/setup-config.php
Not Found: /wp-admin/setup-config.php
Not Found: /robots.txt
Not Found: /.well-known/apple-app-site-association
Not Found: /robots.txt
Not Found: /robots.txt
Not Found: /robots.txt
Not Found: /robots.txt
Not Found: /robots.txt
Not Found: /sitemap.xml.gz
Not Found: /sitemap.xml.gz
Not Found: /robots.txt
Not Found: /robots.txt
Not Found: /wordpress/wp-admin/setup-config.php
Not Found: /wp-admin/setup-config.php
Not Found: /wordpress/wp-admin/setup-config.php
Not Found: /wp-admin/setup-config.php
Not Found: /robots.txt
Not Found: /robots.txt
Not Found: /robots.txt
Not Found: /robots.txt
Not Found: /robots.txt
Not Found: /favicon.ico
Not Found: /favicon.png
Not Found: /favicon.ico
Not Found: /favicon.png
Not Found: /favicon.ico
Not Found: /favicon.ico
Not Found: /favicon.png
Not Found: /favicon.ico
Not Found: /robots.txt
Not Found: /robots.txt
Not Found: /robots.txt
Not Found: /wordpress/wp-admin/setup-config.php
Not Found: /wordpress/wp-admin/setup-config.php
Not Found: /wp-admin/setup-config.php
Not Found: /wp-admin/setup-config.php
Not Found: /robots.txt
Not Found: /robots.txt
Not Found: /robots.txt
Not Found: /robots.txt
Not Found: /robots.txt
Not Found: /robots.txt
Not Found: /robots.txt
Not Found: /robots.txt
Not Found: /wordpress/wp-admin/setup-config.php
Not Found: /wordpress/wp-admin/setup-config.php
Not Found: /wp-admin/setup-config.php
Not Found: /wp-admin/setup-config.php
Not Found: /robots.txt
Not Found: /robots.txt
Not Found: /robots.txt
Not Found: /robots.txt
Not Found: /robots.txt
Not Found: /robots.txt
[UID:1088][3786551] Child process with pid: 3786563 was killed by signal: 15, core dumped: no
Not Found: /robots.txt
Not Found: /robots.txt
Not Found: /robots.txt
Not Found: /unzipper.php
Not Found: /robots.txt
Not Found: /robots.txt
Not Found: /robots.txt
Not Found: /robots.txt
[UID:1088][812954] Reached max children process limit: 6, extra: 2, current: 8, busy: 7, please increase LSAPI_CHILDREN.
[UID:1088][812954] Reached max children process limit: 6, extra: 2, current: 8, busy: 8, please increase LSAPI_CHILDREN.
[UID:1088][812954] Reached max children process limit: 6, extra: 2, current: 8, busy: 8, please increase LSAPI_CHILDREN.
[UID:1088][812954] Reached max children process limit: 6, extra: 2, current: 8, busy: 8, please increase LSAPI_CHILDREN.
[UID:1088][812954] Reached max children process limit: 6, extra: 2, current: 8, busy: 8, please increase LSAPI_CHILDREN.
[UID:1088][812954] Reached max children process limit: 6, extra: 2, current: 8, busy: 8, please increase LSAPI_CHILDREN.
[UID:1088][812954] Reached max children process limit: 6, extra: 2, current: 8, busy: 8, please increase LSAPI_CHILDREN.
[UID:1088][812954] Reached max children process limit: 6, extra: 2, current: 8, busy: 8, please increase LSAPI_CHILDREN.
[UID:1088][812954] Reached max children process limit: 6, extra: 2, current: 8, busy: 8, please increase LSAPI_CHILDREN.
[UID:1088][812954] Reached max children process limit: 6, extra: 2, current: 8, busy: 8, please increase LSAPI_CHILDREN.
[UID:1088][812954] Reached max children process limit: 6, extra: 2, current: 8, busy: 8, please increase LSAPI_CHILDREN.
[UID:1088][812954] Reached max children process limit: 6, extra: 2, current: 8, busy: 8, please increase LSAPI_CHILDREN.
[UID:1088][812954] Reached max children process limit: 6, extra: 2, current: 8, busy: 8, please increase LSAPI_CHILDREN.
[UID:1088][812954] Reached max children process limit: 6, extra: 2, current: 8, busy: 8, please increase LSAPI_CHILDREN.
[UID:1088][812954] Reached max children process limit: 6, extra: 2, current: 8, busy: 8, please increase LSAPI_CHILDREN.
[UID:1088][812954] Reached max children process limit: 6, extra: 2, current: 8, busy: 8, please increase LSAPI_CHILDREN.
[UID:1088][812954] Reached max children process limit: 6, extra: 2, current: 8, busy: 8, please increase LSAPI_CHILDREN.
[UID:1088][812954] Reached max children process limit: 6, extra: 2, current: 8, busy: 8, please increase LSAPI_CHILDREN.
[UID:1088][812954] Reached max children process limit: 6, extra: 2, current: 8, busy: 8, please increase LSAPI_CHILDREN.
[UID:1088][812954] Reached max children process limit: 6, extra: 2, current: 8, busy: 8, please increase LSAPI_CHILDREN.
[UID:1088][812954] Reached max children process limit: 6, extra: 2, current: 8, busy: 8, please increase LSAPI_CHILDREN.
[UID:1088][812954] Reached max children process limit: 6, extra: 2, current: 8, busy: 8, please increase LSAPI_CHILDREN.
[UID:1088][812954] Reached max children process limit: 6, extra: 2, current: 8, busy: 8, please increase LSAPI_CHILDREN.
[UID:1088][812954] Reached max children process limit: 6, extra: 2, current: 8, busy: 8, please increase LSAPI_CHILDREN.
[UID:1088][812954] Reached max children process limit: 6, extra: 2, current: 8, busy: 8, please increase LSAPI_CHILDREN.
[UID:1088][812954] Reached max children process limit: 6, extra: 2, current: 8, busy: 7, please increase LSAPI_CHILDREN.
[UID:1088][812954] Reached max children process limit: 6, extra: 2, current: 8, busy: 7, please increase LSAPI_CHILDREN.
[UID:1088][812954] Reached max children process limit: 6, extra: 2, current: 8, busy: 7, please increase LSAPI_CHILDREN.
Not Found: /wordpress/wp-admin/setup-config.php
Not Found: /wp-admin/setup-config.php
Not Found: /wordpress/wp-admin/setup-config.php
Not Found: /wp-admin/setup-config.php
Not Found: /robots.txt
Not Found: /robots.txt
Not Found: /contact
Not Found: /robots.txt
Not Found: /robots.txt
Not Found: /robots.txt
Not Found: /wp-admin/setup-config.php
Not Found: /wp-admin/setup-config.php
Not Found: /wordpress/wp-admin/setup-config.php
Not Found: /wordpress/wp-admin/setup-config.php
Not Found: /robots.txt
Not Found: /robots.txt
Not Found: /robots.txt
Not Found: /robots.txt
Not Found: /robots.txt
Not Found: /favicon.ico
Not Found: /robots.txt
Not Found: /robots.txt
Not Found: /robots.txt
Not Found: /wp-admin/setup-config.php
Not Found: /wp-admin/setup-config.php
Not Found: /wordpress/wp-admin/setup-config.php
Not Found: /wordpress/wp-admin/setup-config.php
Not Found: /wordpress/wp-admin/setup-config.php
Not Found: /robots.txt
Not Found: /robots.txt
Not Found: /robots.txt
Not Found: /robots.txt
Not Found: /robots.txt
Not Found: /robots.txt
Not Found: /robots.txt
Not Found: /robots.txt
Not Found: /favicon.ico
Not Found: /robots.txt
Not Found: /robots.txt
[UID:1088][754870] Reached max children process limit: 6, extra: 2, current: 8, busy: 7, please increase LSAPI_CHILDREN.
[UID:1088][754870] Reached max children process limit: 6, extra: 2, current: 8, busy: 8, please increase LSAPI_CHILDREN.
[UID:1088][754870] Reached max children process limit: 6, extra: 2, current: 8, busy: 8, please increase LSAPI_CHILDREN.
[UID:1088][754870] Reached max children process limit: 6, extra: 2, current: 8, busy: 8, please increase LSAPI_CHILDREN.
[UID:1088][754870] Reached max children process limit: 6, extra: 2, current: 8, busy: 8, please increase LSAPI_CHILDREN.
[UID:1088][754870] Reached max children process limit: 6, extra: 2, current: 8, busy: 8, please increase LSAPI_CHILDREN.
[UID:1088][754870] Reached max children process limit: 6, extra: 2, current: 8, busy: 8, please increase LSAPI_CHILDREN.
[UID:1088][754870] Reached max children process limit: 6, extra: 2, current: 8, busy: 8, please increase LSAPI_CHILDREN.
[UID:1088][754870] Reached max children process limit: 6, extra: 2, current: 8, busy: 8, please increase LSAPI_CHILDREN.
[UID:1088][754870] Reached max children process limit: 6, extra: 2, current: 8, busy: 8, please increase LSAPI_CHILDREN.
[UID:1088][754870] Reached max children process limit: 6, extra: 2, current: 8, busy: 8, please increase LSAPI_CHILDREN.
[UID:1088][754870] Reached max children process limit: 6, extra: 2, current: 8, busy: 8, please increase LSAPI_CHILDREN.
[UID:1088][754870] Reached max children process limit: 6, extra: 2, current: 8, busy: 8, please increase LSAPI_CHILDREN.
[UID:1088][754870] Reached max children process limit: 6, extra: 2, current: 8, busy: 8, please increase LSAPI_CHILDREN.
[UID:1088][754870] Reached max children process limit: 6, extra: 2, current: 8, busy: 8, please increase LSAPI_CHILDREN.
[UID:1088][754870] Reached max children process limit: 6, extra: 2, current: 8, busy: 8, please increase LSAPI_CHILDREN.
[UID:1088][754870] Reached max children process limit: 6, extra: 2, current: 8, busy: 8, please increase LSAPI_CHILDREN.
[UID:1088][754870] Reached max children process limit: 6, extra: 2, current: 8, busy: 8, please increase LSAPI_CHILDREN.
[UID:1088][754870] Reached max children process limit: 6, extra: 2, current: 8, busy: 8, please increase LSAPI_CHILDREN.
[UID:1088][754870] Reached max children process limit: 6, extra: 2, current: 8, busy: 8, please increase LSAPI_CHILDREN.
[UID:1088][754870] Reached max children process limit: 6, extra: 2, current: 8, busy: 8, please increase LSAPI_CHILDREN.
[UID:1088][754870] Reached max children process limit: 6, extra: 2, current: 8, busy: 8, please increase LSAPI_CHILDREN.
[UID:1088][754870] Reached max children process limit: 6, extra: 2, current: 8, busy: 8, please increase LSAPI_CHILDREN.
[UID:1088][754870] Reached max children process limit: 6, extra: 2, current: 8, busy: 8, please increase LSAPI_CHILDREN.
[UID:1088][754870] Reached max children process limit: 6, extra: 2, current: 8, busy: 7, please increase LSAPI_CHILDREN.
[UID:1088][754870] Reached max children process limit: 6, extra: 2, current: 8, busy: 8, please increase LSAPI_CHILDREN.
[UID:1088][754870] Child process with pid: 754929 was killed by signal: 15, core dumped: no
Not Found: /robots.txt
Not Found: /.well-known/traffic-advice
Not Found: /wordpress/wp-admin/setup-config.php
Not Found: /wp-admin/setup-config.php
Not Found: /wordpress/wp-admin/setup-config.php
Not Found: /robots.txt
Not Found: /robots.txt
Not Found: /wp-admin/setup-config.php
OSError: LSAPI: File error
Not Found: /robots.txt
Not Found: /robots.txt
Not Found: /wordpress/wp-admin/setup-config.php
Not Found: /wp-admin/setup-config.php
Not Found: /wordpress/wp-admin/setup-config.php
Not Found: /wp-admin/setup-config.php
Not Found: /robots.txt
Not Found: /robots.txt
Not Found: /robots.txt
Not Found: /sitemap.xml
Not Found: /wp-admin/setup-config.php
Not Found: /wp-admin/setup-config.php
Not Found: /wordpress/wp-admin/setup-config.php
Not Found: /wordpress/wp-admin/setup-config.php
[UID:1088][3965192] Child process with pid: 3965203 was killed by signal: 15, core dumped: no
Not Found: /url('https:/fonts.googleapis.com/css2/url('https://fonts.googleapis.com/css2
Not Found: /robots.txt
Not Found: /robots.txt
Not Found: /wordpress/wp-admin/setup-config.php
Not Found: /wp-admin/setup-config.php
Not Found: /wordpress/wp-admin/setup-config.php
Not Found: /wp-admin/setup-config.php
Not Found: /robots.txt
Not Found: /sitemap.xml
Not Found: /robots.txt
Not Found: /robots.txt
Not Found: /sitemap.xml
Not Found: /.well-known/traffic-advice
Not Found: /xmlrpc.php
Not Found: /robots.txt
Not Found: /robots.txt
Not Found: /robots.txt
Not Found: /robots.txt
Not Found: /wordpress/wp-admin/setup-config.php
Not Found: /wordpress/wp-admin/setup-config.php
Not Found: /wp-admin/setup-config.php
Not Found: /wp-admin/setup-config.php
Not Found: /robots.txt
Not Found: /robots.txt
Not Found: /robots.txt
Not Found: /robots.txt
Not Found: /robots.txt
Not Found: /robots.txt
Not Found: /xmlrpc.php
Not Found: /robots.txt
Not Found: /robots.txt
Not Found: /robots.txt
Not Found: /wp-admin/setup-config.php
Not Found: /wp-admin/setup-config.php
Not Found: /wordpress/wp-admin/setup-config.php
Not Found: /wordpress/wp-admin/setup-config.php
Not Found: /robots.txt
Not Found: /robots.txt
Not Found: /robots.txt
Not Found: /robots.txt
Not Found: /wp-admin/setup-config.php
Not Found: /wordpress/wp-admin/setup-config.php
Not Found: /wordpress/wp-admin/setup-config.php
Not Found: /wp-admin/setup-config.php
Not Found: /robots.txt
Not Found: /robots.txt
Not Found: /robots.txt
Not Found: /robots.txt
Not Found: /robots.txt
Not Found: /robots.txt
Not Found: /robots.txt
Not Found: /robots.txt
Not Found: /robots.txt
Not Found: /robots.txt
Not Found: /robots.txt
Not Found: /robots.txt
Not Found: /robots.txt
Not Found: /wordpress/wp-admin/setup-config.php
Not Found: /wp-admin/setup-config.php
Not Found: /wordpress/wp-admin/setup-config.php
Not Found: /wp-admin/setup-config.php
[UID:1088][2553204] Reached max children process limit: 6, extra: 2, current: 8, busy: 8, please increase LSAPI_CHILDREN.
[UID:1088][2553204] Reached max children process limit: 6, extra: 2, current: 8, busy: 8, please increase LSAPI_CHILDREN.
[UID:1088][2553204] Reached max children process limit: 6, extra: 2, current: 8, busy: 8, please increase LSAPI_CHILDREN.
[UID:1088][2553204] Reached max children process limit: 6, extra: 2, current: 8, busy: 8, please increase LSAPI_CHILDREN.
[UID:1088][2553204] Reached max children process limit: 6, extra: 2, current: 8, busy: 8, please increase LSAPI_CHILDREN.
[UID:1088][2553204] Reached max children process limit: 6, extra: 2, current: 8, busy: 8, please increase LSAPI_CHILDREN.
[UID:1088][2553204] Reached max children process limit: 6, extra: 2, current: 8, busy: 8, please increase LSAPI_CHILDREN.
[UID:1088][2553204] Reached max children process limit: 6, extra: 2, current: 8, busy: 8, please increase LSAPI_CHILDREN.
[UID:1088][2553204] Reached max children process limit: 6, extra: 2, current: 8, busy: 8, please increase LSAPI_CHILDREN.
[UID:1088][2553204] Reached max children process limit: 6, extra: 2, current: 8, busy: 8, please increase LSAPI_CHILDREN.
[UID:1088][2553204] Reached max children process limit: 6, extra: 2, current: 8, busy: 8, please increase LSAPI_CHILDREN.
[UID:1088][2553204] Reached max children process limit: 6, extra: 2, current: 8, busy: 8, please increase LSAPI_CHILDREN.
[UID:1088][2553204] Reached max children process limit: 6, extra: 2, current: 8, busy: 8, please increase LSAPI_CHILDREN.
[UID:1088][2553204] Reached max children process limit: 6, extra: 2, current: 8, busy: 8, please increase LSAPI_CHILDREN.
[UID:1088][2553204] Reached max children process limit: 6, extra: 2, current: 8, busy: 8, please increase LSAPI_CHILDREN.
[UID:1088][2553204] Reached max children process limit: 6, extra: 2, current: 8, busy: 8, please increase LSAPI_CHILDREN.
[UID:1088][2553204] Reached max children process limit: 6, extra: 2, current: 8, busy: 8, please increase LSAPI_CHILDREN.
[UID:1088][2553204] Reached max children process limit: 6, extra: 2, current: 8, busy: 8, please increase LSAPI_CHILDREN.
[UID:1088][2553204] Reached max children process limit: 6, extra: 2, current: 8, busy: 8, please increase LSAPI_CHILDREN.
[UID:1088][2553204] Reached max children process limit: 6, extra: 2, current: 8, busy: 8, please increase LSAPI_CHILDREN.
[UID:1088][2553204] Reached max children process limit: 6, extra: 2, current: 8, busy: 8, please increase LSAPI_CHILDREN.
[UID:1088][2553204] Reached max children process limit: 6, extra: 2, current: 8, busy: 8, please increase LSAPI_CHILDREN.
[UID:1088][2553204] Reached max children process limit: 6, extra: 2, current: 8, busy: 8, please increase LSAPI_CHILDREN.
[UID:1088][2553204] Reached max children process limit: 6, extra: 2, current: 8, busy: 8, please increase LSAPI_CHILDREN.
[UID:1088][2553204] Reached max children process limit: 6, extra: 2, current: 8, busy: 7, please increase LSAPI_CHILDREN.
[UID:1088][2553204] Reached max children process limit: 6, extra: 2, current: 8, busy: 7, please increase LSAPI_CHILDREN.
Not Found: /robots.txt
Not Found: /robots.txt
Not Found: /robots.txt
Not Found: /robots.txt
Not Found: /robots.txt
Not Found: /robots.txt
Not Found: /robots.txt
Not Found: /robots.txt
Not Found: /robots.txt
Not Found: /robots.txt
Not Found: /wordpress/wp-admin/setup-config.php
Not Found: /wp-admin/setup-config.php
Not Found: /wordpress/wp-admin/setup-config.php
Not Found: /wp-admin/setup-config.php
Not Found: /wordpress/wp-admin/setup-config.php
Not Found: /robots.txt
Not Found: /robots.txt
Not Found: /robots.txt
Not Found: /xmlrpc.php
Not Found: /robots.txt
Not Found: /robots.txt
Not Found: /robots.txt
Not Found: /robots.txt
Not Found: /robots.txt
Not Found: /wordpress/wp-admin/setup-config.php
Not Found: /wordpress/wp-admin/setup-config.php
Not Found: /wp-admin/setup-config.php
Not Found: /wp-admin/setup-config.php
Not Found: /wp-admin/setup-config.php
Not Found: /robots.txt
Not Found: /robots.txt
Not Found: /robots.txt
Not Found: /robots.txt
Not Found: /robots.txt
Not Found: /robots.txt
Not Found: /robots.txt
Not Found: /robots.txt
Not Found: /static/vendor/adminlte/js/'+t+'
Not Found: /robots.txt
Not Found: /robots.txt
Not Found: /robots.txt
Not Found: /robots.txt
Not Found: /robots.txt
Not Found: /robots.txt
Not Found: /auth/users/create/
Not Found: /favicon.ico
Not Found: /api/users/create/
Not Found: /users
Not Found: /register
Not Found: /.well-known/traffic-advice
Not Found: /robots.txt
Not Found: /robots.txt
Not Found: /robots.txt
Not Found: /robots.txt
Not Found: /favicon.ico
Not Found: /robots.txt
Not Found: /sitemaps.xml
Not Found: /robots.txt
Not Found: /robots.txt
Not Found: /sitemaps.xml
Not Found: /robots.txt
Not Found: /robots.txt
Not Found: /wp-admin/setup-config.php
Not Found: /wordpress/wp-admin/setup-config.php
Not Found: /wp-admin/setup-config.php
Not Found: /wordpress/wp-admin/setup-config.php
Not Found: /robots.txt
Not Found: /robots.txt
Not Found: /robots.txt
Not Found: /robots.txt
Not Found: /robots.txt
Not Found: /robots.txt
Not Found: /robots.txt
Not Found: /robots.txt
Not Found: /robots.txt
Not Found: /xmlrpc.php
Not Found: /robots.txt
Not Found: /robots.txt
Not Found: /xmlrpc.php
Not Found: /xmlrpc.php
Not Found: /robots.txt
Not Found: /robots.txt
Not Found: /robots.txt
Not Found: /wp-admin/setup-config.php
Not Found: /wordpress/wp-admin/setup-config.php
Not Found: /wp-admin/setup-config.php
Not Found: /wordpress/wp-admin/setup-config.php
Not Found: /wp-includes/wlwmanifest.xml
Not Found: /xmlrpc.php
Not Found: /blog/wp-includes/wlwmanifest.xml
Not Found: /web/wp-includes/wlwmanifest.xml
Not Found: /wordpress/wp-includes/wlwmanifest.xml
Not Found: /website/wp-includes/wlwmanifest.xml
Not Found: /wp/wp-includes/wlwmanifest.xml
Not Found: /news/wp-includes/wlwmanifest.xml
Not Found: /2018/wp-includes/wlwmanifest.xml
Not Found: /2019/wp-includes/wlwmanifest.xml
Not Found: /shop/wp-includes/wlwmanifest.xml
Not Found: /wp1/wp-includes/wlwmanifest.xml
Not Found: /test/wp-includes/wlwmanifest.xml
Not Found: /media/wp-includes/wlwmanifest.xml
Not Found: /wp2/wp-includes/wlwmanifest.xml
Not Found: /site/wp-includes/wlwmanifest.xml
Not Found: /cms/wp-includes/wlwmanifest.xml
Not Found: /sito/wp-includes/wlwmanifest.xml
Not Found: /.env
Not Found: /xmlrpc.php
Not Found: /robots.txt
Not Found: /robots.txt
Not Found: /robots.txt
Not Found: /robots.txt
Not Found: /robots.txt
Not Found: /xmlrpc.php
Not Found: /robots.txt
Not Found: /robots.txt
Not Found: /robots.txt
Not Found: /robots.txt
Not Found: /wp-login.php
Not Found: /wp-admin/
Not Found: /wp-content/
Not Found: /administrator/
Not Found: /templates/system/
Not Found: /sites/default/
Not Found: /core/misc/drupal.js
Not Found: /static/frontend/
Not Found: /admin-dev/
Not Found: /modules/
Not Found: /ghost/
Not Found: /content/images/
Not Found: /phpmyadmin/
Not Found: /jenkins/login
Not Found: /wiki/Main_Page
Not Found: /manager/
Not Found: /umbraco/
Not Found: /xmlrpc.php
Not Found: /xmlrpc.php
Not Found: /wordpress/wp-admin/setup-config.php
Not Found: /wp-admin/setup-config.php
Not Found: /wordpress/wp-admin/setup-config.php
Not Found: /wp-admin/setup-config.php
Not Found: /wordpress/wp-admin/setup-config.php
Not Found: /xmlrpc.php
Not Found: /xmlrpc.php
Not Found: /robots.txt
Not Found: /robots.txt
Not Found: /xmlrpc.php
Not Found: /xmlrpc.php
Not Found: /robots.txt
Not Found: /robots.txt
Not Found: /configuration/info.xml
Not Found: /robots.txt
Not Found: /robots.txt
Not Found: /favicon.ico
Not Found: /robots.txt
[UID:1088][3000301] Reached max children process limit: 6, extra: 2, current: 8, busy: 7, please increase LSAPI_CHILDREN.
[UID:1088][3000301] Reached max children process limit: 6, extra: 2, current: 8, busy: 8, please increase LSAPI_CHILDREN.
[UID:1088][3000301] Reached max children process limit: 6, extra: 2, current: 8, busy: 8, please increase LSAPI_CHILDREN.
[UID:1088][3000301] Reached max children process limit: 6, extra: 2, current: 8, busy: 8, please increase LSAPI_CHILDREN.
[UID:1088][3000301] Reached max children process limit: 6, extra: 2, current: 8, busy: 8, please increase LSAPI_CHILDREN.
[UID:1088][3000301] Reached max children process limit: 6, extra: 2, current: 8, busy: 8, please increase LSAPI_CHILDREN.
[UID:1088][3000301] Reached max children process limit: 6, extra: 2, current: 8, busy: 8, please increase LSAPI_CHILDREN.
[UID:1088][3000301] Reached max children process limit: 6, extra: 2, current: 8, busy: 8, please increase LSAPI_CHILDREN.
[UID:1088][3000301] Reached max children process limit: 6, extra: 2, current: 8, busy: 8, please increase LSAPI_CHILDREN.
[UID:1088][3000301] Reached max children process limit: 6, extra: 2, current: 8, busy: 8, please increase LSAPI_CHILDREN.
[UID:1088][3000301] Reached max children process limit: 6, extra: 2, current: 8, busy: 8, please increase LSAPI_CHILDREN.
[UID:1088][3000301] Reached max children process limit: 6, extra: 2, current: 8, busy: 8, please increase LSAPI_CHILDREN.
[UID:1088][3000301] Reached max children process limit: 6, extra: 2, current: 8, busy: 8, please increase LSAPI_CHILDREN.
[UID:1088][3000301] Reached max children process limit: 6, extra: 2, current: 8, busy: 8, please increase LSAPI_CHILDREN.
[UID:1088][3000301] Reached max children process limit: 6, extra: 2, current: 8, busy: 8, please increase LSAPI_CHILDREN.
[UID:1088][3000301] Reached max children process limit: 6, extra: 2, current: 8, busy: 8, please increase LSAPI_CHILDREN.
[UID:1088][3000301] Reached max children process limit: 6, extra: 2, current: 8, busy: 8, please increase LSAPI_CHILDREN.
[UID:1088][3000301] Reached max children process limit: 6, extra: 2, current: 8, busy: 8, please increase LSAPI_CHILDREN.
[UID:1088][3000301] Reached max children process limit: 6, extra: 2, current: 8, busy: 8, please increase LSAPI_CHILDREN.
[UID:1088][3000301] Reached max children process limit: 6, extra: 2, current: 8, busy: 8, please increase LSAPI_CHILDREN.
[UID:1088][3000301] Reached max children process limit: 6, extra: 2, current: 8, busy: 8, please increase LSAPI_CHILDREN.
[UID:1088][3000301] Reached max children process limit: 6, extra: 2, current: 8, busy: 8, please increase LSAPI_CHILDREN.
[UID:1088][3000301] Reached max children process limit: 6, extra: 2, current: 8, busy: 8, please increase LSAPI_CHILDREN.
[UID:1088][3000301] Reached max children process limit: 6, extra: 2, current: 8, busy: 8, please increase LSAPI_CHILDREN.
[UID:1088][3000301] Reached max children process limit: 6, extra: 2, current: 8, busy: 8, please increase LSAPI_CHILDREN.
[UID:1088][3000301] Reached max children process limit: 6, extra: 2, current: 8, busy: 8, please increase LSAPI_CHILDREN.
[UID:1088][3000301] Reached max children process limit: 6, extra: 2, current: 8, busy: 8, please increase LSAPI_CHILDREN.
[UID:1088][3000301] Reached max children process limit: 6, extra: 2, current: 8, busy: 7, please increase LSAPI_CHILDREN.
[UID:1088][3000301] Reached max children process limit: 6, extra: 2, current: 8, busy: 6, please increase LSAPI_CHILDREN.
Not Found: /wp-admin/setup-config.php
Not Found: /wordpress/wp-admin/setup-config.php
Not Found: /wp-admin/setup-config.php
Not Found: /wordpress/wp-admin/setup-config.php
Not Found: /robots.txt
Not Found: /robots.txt
Not Found: /robots.txt
Not Found: /enhancecp
Not Found: /xmlrpc.php
Not Found: /robots.txt
Not Found: /robots.txt
Not Found: /robots.txt
Not Found: /xmlrpc.php
Not Found: /xmlrpc.php
Not Found: /xmlrpc.php
Not Found: /configuration/info.xml
Not Found: /robots.txt
Not Found: /robots.txt
Not Found: /robots.txt
Not Found: /robots.txt
Not Found: /robots.txt
Not Found: /robots.txt
Not Found: /xmlrpc.php
Not Found: /robots.txt
Not Found: /sitemaps.xml
Not Found: /wordpress/wp-admin/setup-config.php
Not Found: /wordpress/wp-admin/setup-config.php
Not Found: /wp-admin/setup-config.php
Not Found: /wp-admin/setup-config.php
Not Found: /robots.txt
Not Found: /robots.txt
Not Found: /robots.txt
Not Found: /xmlrpc.php
Not Found: /wordpress/wp-admin/setup-config.php
Not Found: /wordpress/wp-admin/setup-config.php
Not Found: /wp-admin/setup-config.php
Not Found: /wp-admin/setup-config.php
Not Found: /robots.txt
[UID:1088][812049] Child process with pid: 812071 was killed by signal: 15, core dumped: no
OSError: LSAPI: File error
Not Found: /xmlrpc.php
Not Found: /robots.txt
Not Found: /xmlrpc.php
Not Found: /xmlrpc.php
Not Found: /robots.txt
Not Found: /robots.txt
Not Found: /xmlrpc.php
Not Found: /robots.txt
Not Found: /robots.txt
Not Found: /robots.txt
Not Found: /robots.txt
Not Found: /robots.txt
Not Found: /xmlrpc.php
Not Found: /robots.txt
Not Found: /robots.txt
Not Found: /robots.txt
Not Found: /wordpress/wp-admin/setup-config.php
Not Found: /wordpress/wp-admin/setup-config.php
Not Found: /wp-admin/setup-config.php
Not Found: /wp-admin/setup-config.php
Not Found: /robots.txt
Not Found: /robots.txt
Not Found: /robots.txt
Not Found: /xmlrpc.php
Not Found: /robots.txt
Not Found: /robots.txt
Not Found: /robots.txt
Not Found: /robots.txt
[UID:1088][191951] Reached max children process limit: 6, extra: 2, current: 8, busy: 7, please increase LSAPI_CHILDREN.
[UID:1088][191951] Reached max children process limit: 6, extra: 2, current: 8, busy: 8, please increase LSAPI_CHILDREN.
[UID:1088][191951] Reached max children process limit: 6, extra: 2, current: 8, busy: 8, please increase LSAPI_CHILDREN.
[UID:1088][191951] Reached max children process limit: 6, extra: 2, current: 8, busy: 8, please increase LSAPI_CHILDREN.
[UID:1088][191951] Reached max children process limit: 6, extra: 2, current: 8, busy: 8, please increase LSAPI_CHILDREN.
[UID:1088][191951] Reached max children process limit: 6, extra: 2, current: 8, busy: 8, please increase LSAPI_CHILDREN.
[UID:1088][191951] Reached max children process limit: 6, extra: 2, current: 8, busy: 8, please increase LSAPI_CHILDREN.
[UID:1088][191951] Reached max children process limit: 6, extra: 2, current: 8, busy: 8, please increase LSAPI_CHILDREN.
[UID:1088][191951] Reached max children process limit: 6, extra: 2, current: 8, busy: 8, please increase LSAPI_CHILDREN.
[UID:1088][191951] Reached max children process limit: 6, extra: 2, current: 8, busy: 8, please increase LSAPI_CHILDREN.
[UID:1088][191951] Reached max children process limit: 6, extra: 2, current: 8, busy: 8, please increase LSAPI_CHILDREN.
[UID:1088][191951] Reached max children process limit: 6, extra: 2, current: 8, busy: 8, please increase LSAPI_CHILDREN.
[UID:1088][191951] Reached max children process limit: 6, extra: 2, current: 8, busy: 8, please increase LSAPI_CHILDREN.
[UID:1088][191951] Reached max children process limit: 6, extra: 2, current: 8, busy: 8, please increase LSAPI_CHILDREN.
[UID:1088][191951] Reached max children process limit: 6, extra: 2, current: 8, busy: 8, please increase LSAPI_CHILDREN.
[UID:1088][191951] Reached max children process limit: 6, extra: 2, current: 8, busy: 8, please increase LSAPI_CHILDREN.
[UID:1088][191951] Reached max children process limit: 6, extra: 2, current: 8, busy: 8, please increase LSAPI_CHILDREN.
[UID:1088][191951] Reached max children process limit: 6, extra: 2, current: 8, busy: 8, please increase LSAPI_CHILDREN.
[UID:1088][191951] Reached max children process limit: 6, extra: 2, current: 8, busy: 8, please increase LSAPI_CHILDREN.
[UID:1088][191951] Reached max children process limit: 6, extra: 2, current: 8, busy: 8, please increase LSAPI_CHILDREN.
[UID:1088][191951] Reached max children process limit: 6, extra: 2, current: 8, busy: 8, please increase LSAPI_CHILDREN.
[UID:1088][191951] Reached max children process limit: 6, extra: 2, current: 8, busy: 8, please increase LSAPI_CHILDREN.
[UID:1088][191951] Reached max children process limit: 6, extra: 2, current: 8, busy: 8, please increase LSAPI_CHILDREN.
[UID:1088][191951] Reached max children process limit: 6, extra: 2, current: 8, busy: 8, please increase LSAPI_CHILDREN.
[UID:1088][191951] Reached max children process limit: 6, extra: 2, current: 8, busy: 7, please increase LSAPI_CHILDREN.
[UID:1088][191951] Reached max children process limit: 6, extra: 2, current: 8, busy: 7, please increase LSAPI_CHILDREN.
[UID:1088][191951] Reached max children process limit: 6, extra: 2, current: 8, busy: 7, please increase LSAPI_CHILDREN.
Not Found: /wp-includes/ID3/license.txt
Not Found: /feed/
Not Found: /xmlrpc.php
Not Found: /blog/wp-includes/wlwmanifest.xml
Not Found: /web/wp-includes/wlwmanifest.xml
Not Found: /wordpress/wp-includes/wlwmanifest.xml
Not Found: /wp/wp-includes/wlwmanifest.xml
Not Found: /2020/wp-includes/wlwmanifest.xml
Not Found: /2019/wp-includes/wlwmanifest.xml
Not Found: /2021/wp-includes/wlwmanifest.xml
Not Found: /shop/wp-includes/wlwmanifest.xml
Not Found: /wp1/wp-includes/wlwmanifest.xml
Not Found: /test/wp-includes/wlwmanifest.xml
Not Found: /site/wp-includes/wlwmanifest.xml
Not Found: /cms/wp-includes/wlwmanifest.xml
Not Found: /robots.txt
Not Found: /robots.txt
Not Found: /robots.txt
Not Found: /robots.txt
Not Found: /robots.txt
Not Found: /xmlrpc.php
Not Found: /robots.txt
Not Found: /robots.txt
Not Found: /robots.txt
Not Found: /robots.txt
Not Found: /robots.txt
Not Found: /robots.txt
Not Found: /robots.txt
Not Found: /xmlrpc.php
Not Found: /robots.txt
Not Found: /xmlrpc.php
Not Found: /robots.txt
Not Found: /wp-admin/setup-config.php
Not Found: /wordpress/wp-admin/setup-config.php
Not Found: /wordpress/wp-admin/setup-config.php
Not Found: /wp-admin/setup-config.php
Not Found: /robots.txt
Not Found: /robots.txt
Not Found: /robots.txt
Not Found: /robots.txt
Not Found: /robots.txt
Not Found: /wp-includes/css/buttons.css
Not Found: /media/system/js/core.js
Not Found: /txets.php
Not Found: /wp-content/txets.php
Not Found: /wp-admin/txets.php
Not Found: /wp-includes/txets.php
Not Found: /schallfuns.php
Not Found: /postnews.php
Not Found: /wp-content/postnews.php
Not Found: /wp-admin/postnews.php
Not Found: /wp-includes/postnews.php
Not Found: /robots.txt
Not Found: /favicon.ico
Not Found: /robots.txt
Not Found: /favicon.ico
Not Found: /robots.txt
Not Found: /robots.txt
Not Found: /robots.txt
Not Found: /robots.txt
Not Found: /robots.txt
Not Found: /robots.txt
Not Found: /xmlrpc.php
Not Found: /robots.txt
Not Found: /robots.txt
Not Found: /robots.txt
Not Found: /robots.txt
Not Found: /robots.txt
Not Found: /robots.txt
Not Found: /wordpress/wp-admin/setup-config.php
Not Found: /wp-admin/setup-config.php
Not Found: /wp-admin/setup-config.php
Not Found: /wordpress/wp-admin/setup-config.php
Not Found: /.well-known/security.txt
Not Found: /robots.txt
Not Found: /wp-login.php
Not Found: /sitemap_index.xml
Not Found: /robots.txt
Not Found: /robots.txt
Not Found: /sitemap_index.xml
Not Found: /.well-known/security.txt
Not Found: /security.txt
Not Found: /service/responsible-disclosure
Not Found: /responsible-disclosure
Not Found: /bugbounty
Not Found: /security
Not Found: /responsible-disclosure-policy
Not Found: /wordpress/wp-admin/setup-config.php
Not Found: /wp-admin/setup-config.php
Not Found: /wordpress/wp-admin/setup-config.php
Not Found: /wp-admin/setup-config.php
Not Found: /robots.txt
Not Found: /license.txt
Not Found: /robots.txt
Not Found: /xmlrpc.php
Not Found: /wp-includes/ID3/license.txt
Not Found: /feed/
Not Found: /xmlrpc.php
Not Found: /blog/wp-includes/wlwmanifest.xml
Not Found: /web/wp-includes/wlwmanifest.xml
Not Found: /wordpress/wp-includes/wlwmanifest.xml
Not Found: /wp/wp-includes/wlwmanifest.xml
Not Found: /2020/wp-includes/wlwmanifest.xml
Not Found: /2019/wp-includes/wlwmanifest.xml
Not Found: /2021/wp-includes/wlwmanifest.xml
Not Found: /shop/wp-includes/wlwmanifest.xml
Not Found: /wp1/wp-includes/wlwmanifest.xml
Not Found: /test/wp-includes/wlwmanifest.xml
Not Found: /site/wp-includes/wlwmanifest.xml
Not Found: /cms/wp-includes/wlwmanifest.xml
Not Found: /xmlrpc.php
Not Found: /robots.txt
Not Found: /robots.txt
Not Found: /robots.txt
Not Found: /xmlrpc.php
Not Found: /robots.txt
[UID:1088][1981407] Reached max children process limit: 6, extra: 2, current: 8, busy: 7, please increase LSAPI_CHILDREN.
[UID:1088][1981407] Reached max children process limit: 6, extra: 2, current: 8, busy: 8, please increase LSAPI_CHILDREN.
[UID:1088][1981407] Reached max children process limit: 6, extra: 2, current: 8, busy: 8, please increase LSAPI_CHILDREN.
[UID:1088][1981407] Reached max children process limit: 6, extra: 2, current: 8, busy: 8, please increase LSAPI_CHILDREN.
[UID:1088][1981407] Reached max children process limit: 6, extra: 2, current: 8, busy: 8, please increase LSAPI_CHILDREN.
[UID:1088][1981407] Reached max children process limit: 6, extra: 2, current: 8, busy: 8, please increase LSAPI_CHILDREN.
[UID:1088][1981407] Reached max children process limit: 6, extra: 2, current: 8, busy: 8, please increase LSAPI_CHILDREN.
[UID:1088][1981407] Reached max children process limit: 6, extra: 2, current: 8, busy: 8, please increase LSAPI_CHILDREN.
[UID:1088][1981407] Reached max children process limit: 6, extra: 2, current: 8, busy: 8, please increase LSAPI_CHILDREN.
[UID:1088][1981407] Reached max children process limit: 6, extra: 2, current: 8, busy: 8, please increase LSAPI_CHILDREN.
[UID:1088][1981407] Reached max children process limit: 6, extra: 2, current: 8, busy: 8, please increase LSAPI_CHILDREN.
[UID:1088][1981407] Reached max children process limit: 6, extra: 2, current: 8, busy: 8, please increase LSAPI_CHILDREN.
[UID:1088][1981407] Reached max children process limit: 6, extra: 2, current: 8, busy: 8, please increase LSAPI_CHILDREN.
[UID:1088][1981407] Reached max children process limit: 6, extra: 2, current: 8, busy: 8, please increase LSAPI_CHILDREN.
[UID:1088][1981407] Reached max children process limit: 6, extra: 2, current: 8, busy: 8, please increase LSAPI_CHILDREN.
[UID:1088][1981407] Reached max children process limit: 6, extra: 2, current: 8, busy: 8, please increase LSAPI_CHILDREN.
[UID:1088][1981407] Reached max children process limit: 6, extra: 2, current: 8, busy: 8, please increase LSAPI_CHILDREN.
[UID:1088][1981407] Reached max children process limit: 6, extra: 2, current: 8, busy: 8, please increase LSAPI_CHILDREN.
[UID:1088][1981407] Reached max children process limit: 6, extra: 2, current: 8, busy: 8, please increase LSAPI_CHILDREN.
[UID:1088][1981407] Reached max children process limit: 6, extra: 2, current: 8, busy: 8, please increase LSAPI_CHILDREN.
[UID:1088][1981407] Reached max children process limit: 6, extra: 2, current: 8, busy: 8, please increase LSAPI_CHILDREN.
[UID:1088][1981407] Reached max children process limit: 6, extra: 2, current: 8, busy: 7, please increase LSAPI_CHILDREN.
[UID:1088][1981407] Reached max children process limit: 6, extra: 2, current: 8, busy: 8, please increase LSAPI_CHILDREN.
[UID:1088][1981407] Reached max children process limit: 6, extra: 2, current: 8, busy: 8, please increase LSAPI_CHILDREN.
[UID:1088][1981407] Reached max children process limit: 6, extra: 2, current: 8, busy: 7, please increase LSAPI_CHILDREN.
Not Found: /robots.txt
Not Found: /robots.txt
Not Found: /robots.txt
Not Found: /.env
Not Found: /env/.env
Not Found: /.env
Not Found: /env/.env
Not Found: /wordpress/wp-admin/setup-config.php
Not Found: /wp-admin/setup-config.php
Not Found: /wordpress/wp-admin/setup-config.php
Not Found: /wp-admin/setup-config.php
Not Found: /config/.env
Not Found: /databases/.env
Not Found: /robots.txt
Not Found: /robots.txt
Not Found: /robots.txt
Not Found: /xmlrpc.php
Not Found: /xmlrpc.php
Not Found: /robots.txt
Not Found: /robots.txt
Not Found: /robots.txt
Not Found: /wp-admin/setup-config.php
Not Found: /wp-admin/setup-config.php
Not Found: /wordpress/wp-admin/setup-config.php
Not Found: /wordpress/wp-admin/setup-config.php
Not Found: /robots.txt
Not Found: /robots.txt
Not Found: /robots.txt
Not Found: /robots.txt
Not Found: /robots.txt
Not Found: /robots.txt
[UID:1088][162704] Reached max children process limit: 6, extra: 2, current: 8, busy: 8, please increase LSAPI_CHILDREN.
[UID:1088][162704] Reached max children process limit: 6, extra: 2, current: 8, busy: 8, please increase LSAPI_CHILDREN.
[UID:1088][162704] Reached max children process limit: 6, extra: 2, current: 8, busy: 8, please increase LSAPI_CHILDREN.
[UID:1088][162704] Reached max children process limit: 6, extra: 2, current: 8, busy: 8, please increase LSAPI_CHILDREN.
[UID:1088][162704] Reached max children process limit: 6, extra: 2, current: 8, busy: 8, please increase LSAPI_CHILDREN.
[UID:1088][162704] Reached max children process limit: 6, extra: 2, current: 8, busy: 8, please increase LSAPI_CHILDREN.
[UID:1088][162704] Reached max children process limit: 6, extra: 2, current: 8, busy: 8, please increase LSAPI_CHILDREN.
[UID:1088][162704] Reached max children process limit: 6, extra: 2, current: 8, busy: 8, please increase LSAPI_CHILDREN.
[UID:1088][162704] Reached max children process limit: 6, extra: 2, current: 8, busy: 8, please increase LSAPI_CHILDREN.
[UID:1088][162704] Reached max children process limit: 6, extra: 2, current: 8, busy: 8, please increase LSAPI_CHILDREN.
[UID:1088][162704] Reached max children process limit: 6, extra: 2, current: 8, busy: 8, please increase LSAPI_CHILDREN.
[UID:1088][162704] Reached max children process limit: 6, extra: 2, current: 8, busy: 8, please increase LSAPI_CHILDREN.
[UID:1088][162704] Reached max children process limit: 6, extra: 2, current: 8, busy: 8, please increase LSAPI_CHILDREN.
[UID:1088][162704] Reached max children process limit: 6, extra: 2, current: 8, busy: 8, please increase LSAPI_CHILDREN.
[UID:1088][162704] Reached max children process limit: 6, extra: 2, current: 8, busy: 8, please increase LSAPI_CHILDREN.
[UID:1088][162704] Reached max children process limit: 6, extra: 2, current: 8, busy: 8, please increase LSAPI_CHILDREN.
[UID:1088][162704] Reached max children process limit: 6, extra: 2, current: 8, busy: 8, please increase LSAPI_CHILDREN.
[UID:1088][162704] Reached max children process limit: 6, extra: 2, current: 8, busy: 8, please increase LSAPI_CHILDREN.
[UID:1088][162704] Reached max children process limit: 6, extra: 2, current: 8, busy: 8, please increase LSAPI_CHILDREN.
[UID:1088][162704] Reached max children process limit: 6, extra: 2, current: 8, busy: 8, please increase LSAPI_CHILDREN.
[UID:1088][162704] Reached max children process limit: 6, extra: 2, current: 8, busy: 8, please increase LSAPI_CHILDREN.
Not Found: /robots.txt
Not Found: /robots.txt
Not Found: /robots.txt
Not Found: /robots.txt
Not Found: /sitemap_index.xml
Not Found: /sitemap_index.xml
Not Found: /xmlrpc.php
Not Found: /wordpress/wp-admin/setup-config.php
Not Found: /wp-admin/setup-config.php
Not Found: /wordpress/wp-admin/setup-config.php
Not Found: /wp-admin/setup-config.php
Not Found: /robots.txt
Not Found: /robots.txt
Not Found: /xmlrpc.php
Not Found: /xmlrpc.php
Not Found: /contact
Not Found: /contact-us
Not Found: /contactus
Not Found: /contact.php
Not Found: /contact.html
Not Found: /contact/
Not Found: /contact-us/
Not Found: /contactus/
Not Found: /about/contact
Not Found: /support
Not Found: /robots.txt
Not Found: /robots.txt
Not Found: /robots.txt
Not Found: /robots.txt
Not Found: /robots.txt
Not Found: /robots.txt
Not Found: /xmlrpc.php
Not Found: /robots.txt
Not Found: /robots.txt
Not Found: /robots.txt
Not Found: /robots.txt
Not Found: /robots.txt
Not Found: /robots.txt
Not Found: /robots.txt
Not Found: /robots.txt
Not Found: /robots.txt
Not Found: /sitemap.xml
Not Found: /robots.txt
Not Found: /robots.txt
Not Found: /ads.txt
Not Found: /robots.txt
Not Found: /robots.txt
Not Found: /robots.txt
Not Found: /robots.txt
Not Found: /robots.txt
Not Found: /robots.txt
Not Found: /index.php
Not Found: /xmlrpc.php
Not Found: /robots.txt
Not Found: /robots.txt
Not Found: /sitemap.txt
Not Found: /sitemap.txt
[UID:1088][3514341] Reached max children process limit: 6, extra: 2, current: 8, busy: 7, please increase LSAPI_CHILDREN.
[UID:1088][3514341] Reached max children process limit: 6, extra: 2, current: 8, busy: 8, please increase LSAPI_CHILDREN.
[UID:1088][3514341] Reached max children process limit: 6, extra: 2, current: 8, busy: 8, please increase LSAPI_CHILDREN.
[UID:1088][3514341] Reached max children process limit: 6, extra: 2, current: 8, busy: 8, please increase LSAPI_CHILDREN.
[UID:1088][3514341] Reached max children process limit: 6, extra: 2, current: 8, busy: 8, please increase LSAPI_CHILDREN.
[UID:1088][3514341] Reached max children process limit: 6, extra: 2, current: 8, busy: 8, please increase LSAPI_CHILDREN.
[UID:1088][3514341] Reached max children process limit: 6, extra: 2, current: 8, busy: 8, please increase LSAPI_CHILDREN.
[UID:1088][3514341] Reached max children process limit: 6, extra: 2, current: 8, busy: 8, please increase LSAPI_CHILDREN.
[UID:1088][3514341] Reached max children process limit: 6, extra: 2, current: 8, busy: 8, please increase LSAPI_CHILDREN.
[UID:1088][3514341] Reached max children process limit: 6, extra: 2, current: 8, busy: 8, please increase LSAPI_CHILDREN.
[UID:1088][3514341] Reached max children process limit: 6, extra: 2, current: 8, busy: 8, please increase LSAPI_CHILDREN.
[UID:1088][3514341] Reached max children process limit: 6, extra: 2, current: 8, busy: 8, please increase LSAPI_CHILDREN.
[UID:1088][3514341] Reached max children process limit: 6, extra: 2, current: 8, busy: 8, please increase LSAPI_CHILDREN.
[UID:1088][3514341] Reached max children process limit: 6, extra: 2, current: 8, busy: 8, please increase LSAPI_CHILDREN.
[UID:1088][3514341] Reached max children process limit: 6, extra: 2, current: 8, busy: 8, please increase LSAPI_CHILDREN.
[UID:1088][3514341] Reached max children process limit: 6, extra: 2, current: 8, busy: 8, please increase LSAPI_CHILDREN.
[UID:1088][3514341] Reached max children process limit: 6, extra: 2, current: 8, busy: 8, please increase LSAPI_CHILDREN.
[UID:1088][3514341] Reached max children process limit: 6, extra: 2, current: 8, busy: 8, please increase LSAPI_CHILDREN.
[UID:1088][3514341] Reached max children process limit: 6, extra: 2, current: 8, busy: 8, please increase LSAPI_CHILDREN.
[UID:1088][3514341] Reached max children process limit: 6, extra: 2, current: 8, busy: 8, please increase LSAPI_CHILDREN.
[UID:1088][3514341] Reached max children process limit: 6, extra: 2, current: 8, busy: 8, please increase LSAPI_CHILDREN.
[UID:1088][3514341] Reached max children process limit: 6, extra: 2, current: 8, busy: 8, please increase LSAPI_CHILDREN.
[UID:1088][3514341] Reached max children process limit: 6, extra: 2, current: 8, busy: 8, please increase LSAPI_CHILDREN.
[UID:1088][3514341] Reached max children process limit: 6, extra: 2, current: 8, busy: 8, please increase LSAPI_CHILDREN.
[UID:1088][3514341] Reached max children process limit: 6, extra: 2, current: 8, busy: 8, please increase LSAPI_CHILDREN.
[UID:1088][3514341] Reached max children process limit: 6, extra: 2, current: 8, busy: 7, please increase LSAPI_CHILDREN.
[UID:1088][3514341] Reached max children process limit: 6, extra: 2, current: 8, busy: 8, please increase LSAPI_CHILDREN.
Not Found: /wordpress/wp-admin/setup-config.php
Not Found: /wordpress/wp-admin/setup-config.php
Not Found: /wp-admin/setup-config.php
Not Found: /wp-admin/setup-config.php
Not Found: /xmlrpc.php
Not Found: /wp-admin/setup-config.php
Not Found: /wp-admin/setup-config.php
Not Found: /wordpress/wp-admin/setup-config.php
Not Found: /wordpress/wp-admin/setup-config.php
Not Found: /robots.txt
Not Found: /xmlrpc.php
Not Found: /robots.txt
Not Found: /wordpress/wp-admin/setup-config.php
Not Found: /wordpress/wp-admin/setup-config.php
Not Found: /wp-admin/setup-config.php
Not Found: /wp-admin/setup-config.php
Not Found: /robots.txt
OSError: LSAPI: File error
Not Found: /robots.txt
Not Found: /robots.txt
Not Found: /robots.txt
Not Found: /robots.txt
Not Found: /robots.txt
Not Found: /robots.txt
Not Found: /url('https:/fonts.googleapis.com/css2/url('https://fonts.googleapis.com/css2
Not Found: /robots.txt
Not Found: /robots.txt
Not Found: /wp-admin/setup-config.php
Not Found: /wordpress/wp-admin/setup-config.php
Not Found: /wp-admin/setup-config.php
Not Found: /wordpress/wp-admin/setup-config.php
Not Found: /robots.txt
Not Found: /sitemap.xml
Not Found: /sitemap.xml
Not Found: /robots.txt
Not Found: /xmlrpc.php
Not Found: /robots.txt
Not Found: /robots.txt
Not Found: /robots.txt
Not Found: /xmlrpc.php
Not Found: /robots.txt
Not Found: /robots.txt
Not Found: /robots.txt
Not Found: /favicon.ico
Not Found: /favicon.ico
Not Found: /favicon.png
Not Found: /robots.txt
Not Found: /robots.txt
Not Found: /robots.txt
Not Found: /robots.txt
Not Found: /wordpress/wp-admin/setup-config.php
Not Found: /wp-admin/setup-config.php
Not Found: /wordpress/wp-admin/setup-config.php
Not Found: /wp-admin/setup-config.php
Not Found: /robots.txt
Not Found: /robots.txt
Not Found: /favicon.ico
Not Found: /xmlrpc.php
Not Found: /robots.txt
Not Found: /sitemap.txt
Not Found: /robots.txt
Not Found: /sitemap.xml.gz
Not Found: /robots.txt
Not Found: /sitemap.xml.gz
Not Found: /wp-admin/setup-config.php
Not Found: /wp-admin/setup-config.php
Not Found: /wordpress/wp-admin/setup-config.php
Not Found: /wordpress/wp-admin/setup-config.php
Not Found: /sitemap.txt
Not Found: /sitemap.xml.gz
Not Found: /sitemap.xml.gz
Not Found: /xmlrpc.php
Not Found: /robots.txt
Not Found: /robots.txt
Not Found: /robots.txt
Not Found: /xmlrpc.php
Not Found: /wp-includes/
Not Found: /wp-login.php
Not Found: /xmlrpc.php
Not Found: /xmlrpc.php
Not Found: /robots.txt
Not Found: /robots.txt
Not Found: /wp-admin/setup-config.php
Not Found: /wordpress/wp-admin/setup-config.php
Not Found: /wordpress/wp-admin/setup-config.php
Not Found: /wp-admin/setup-config.php
Not Found: /xmlrpc.php
Not Found: /robots.txt
Not Found: /robots.txt
Not Found: /static/vendor/adminlte/js/'+t+'
Not Found: /robots.txt
Not Found: /robots.txt
Not Found: /robots.txt
Not Found: /robots.txt
Not Found: /robots.txt
Forbidden (Referer checking failed - no Referer.): /
Forbidden (Referer checking failed - no Referer.): /
Not Found: /robots.txt
Not Found: /robots.txt
Not Found: /robots.txt
Not Found: /txets.php
Not Found: /wp-content/txets.php
Not Found: /wp-admin/txets.php
Not Found: /wp-includes/txets.php
Not Found: /schallfuns.php
Not Found: /postnews.php
Not Found: /wp-content/postnews.php
Not Found: /wp-admin/postnews.php
Not Found: /wp-includes/postnews.php
Not Found: /.well-known/traffic-advice
Not Found: /wordpress/wp-admin/setup-config.php
Not Found: /wordpress/wp-admin/setup-config.php
Not Found: /wp-admin/setup-config.php
Not Found: /wp-admin/setup-config.php
Not Found: /robots.txt
Not Found: /xmlrpc.php
Not Found: /sitemap.xml
Not Found: /robots.txt
Not Found: /sitemap_index.xml
Not Found: /robots.txt
Not Found: /sitemap.xml
Not Found: /sitemap_index.xml
Not Found: /xmlrpc.php
Not Found: /robots.txt
Not Found: /wordpress/wp-admin/setup-config.php
Not Found: /wordpress/wp-admin/setup-config.php
Not Found: /wp-admin/setup-config.php
Not Found: /wp-admin/setup-config.php
Not Found: /wp-includes/wlwmanifest.xml
Not Found: /xmlrpc.php
Not Found: /blog/wp-includes/wlwmanifest.xml
Not Found: /web/wp-includes/wlwmanifest.xml
Not Found: /wordpress/wp-includes/wlwmanifest.xml
Not Found: /website/wp-includes/wlwmanifest.xml
Not Found: /wp/wp-includes/wlwmanifest.xml
Not Found: /news/wp-includes/wlwmanifest.xml
Not Found: /2020/wp-includes/wlwmanifest.xml
Not Found: /2019/wp-includes/wlwmanifest.xml
Not Found: /shop/wp-includes/wlwmanifest.xml
Not Found: /wp1/wp-includes/wlwmanifest.xml
Not Found: /test/wp-includes/wlwmanifest.xml
Not Found: /wp2/wp-includes/wlwmanifest.xml
Not Found: /site/wp-includes/wlwmanifest.xml
Not Found: /cms/wp-includes/wlwmanifest.xml
Not Found: /sito/wp-includes/wlwmanifest.xml
Not Found: /robots.txt
Not Found: /robots.txt
Not Found: /robots.txt
Not Found: /xmlrpc.php
Not Found: /wordpress/wp-admin/setup-config.php
Not Found: /wordpress/wp-admin/setup-config.php
Not Found: /wp-admin/setup-config.php
Not Found: /wp-admin/setup-config.php
[UID:1088][534221] Reached max children process limit: 6, extra: 2, current: 8, busy: 7, please increase LSAPI_CHILDREN.
[UID:1088][534221] Reached max children process limit: 6, extra: 2, current: 8, busy: 8, please increase LSAPI_CHILDREN.
[UID:1088][534221] Reached max children process limit: 6, extra: 2, current: 8, busy: 8, please increase LSAPI_CHILDREN.
[UID:1088][534221] Reached max children process limit: 6, extra: 2, current: 8, busy: 8, please increase LSAPI_CHILDREN.
[UID:1088][534221] Reached max children process limit: 6, extra: 2, current: 8, busy: 8, please increase LSAPI_CHILDREN.
[UID:1088][534221] Reached max children process limit: 6, extra: 2, current: 8, busy: 8, please increase LSAPI_CHILDREN.
[UID:1088][534221] Reached max children process limit: 6, extra: 2, current: 8, busy: 8, please increase LSAPI_CHILDREN.
[UID:1088][534221] Reached max children process limit: 6, extra: 2, current: 8, busy: 8, please increase LSAPI_CHILDREN.
[UID:1088][534221] Reached max children process limit: 6, extra: 2, current: 8, busy: 8, please increase LSAPI_CHILDREN.
[UID:1088][534221] Reached max children process limit: 6, extra: 2, current: 8, busy: 8, please increase LSAPI_CHILDREN.
[UID:1088][534221] Reached max children process limit: 6, extra: 2, current: 8, busy: 8, please increase LSAPI_CHILDREN.
[UID:1088][534221] Reached max children process limit: 6, extra: 2, current: 8, busy: 8, please increase LSAPI_CHILDREN.
[UID:1088][534221] Reached max children process limit: 6, extra: 2, current: 8, busy: 8, please increase LSAPI_CHILDREN.
[UID:1088][534221] Reached max children process limit: 6, extra: 2, current: 8, busy: 8, please increase LSAPI_CHILDREN.
[UID:1088][534221] Reached max children process limit: 6, extra: 2, current: 8, busy: 8, please increase LSAPI_CHILDREN.
[UID:1088][534221] Reached max children process limit: 6, extra: 2, current: 8, busy: 8, please increase LSAPI_CHILDREN.
[UID:1088][534221] Reached max children process limit: 6, extra: 2, current: 8, busy: 8, please increase LSAPI_CHILDREN.
[UID:1088][534221] Reached max children process limit: 6, extra: 2, current: 8, busy: 8, please increase LSAPI_CHILDREN.
[UID:1088][534221] Reached max children process limit: 6, extra: 2, current: 8, busy: 8, please increase LSAPI_CHILDREN.
[UID:1088][534221] Reached max children process limit: 6, extra: 2, current: 8, busy: 8, please increase LSAPI_CHILDREN.
[UID:1088][534221] Reached max children process limit: 6, extra: 2, current: 8, busy: 8, please increase LSAPI_CHILDREN.
[UID:1088][534221] Reached max children process limit: 6, extra: 2, current: 8, busy: 8, please increase LSAPI_CHILDREN.
[UID:1088][534221] Reached max children process limit: 6, extra: 2, current: 8, busy: 8, please increase LSAPI_CHILDREN.
[UID:1088][534221] Reached max children process limit: 6, extra: 2, current: 8, busy: 8, please increase LSAPI_CHILDREN.
[UID:1088][534221] Reached max children process limit: 6, extra: 2, current: 8, busy: 8, please increase LSAPI_CHILDREN.
[UID:1088][534221] Reached max children process limit: 6, extra: 2, current: 8, busy: 7, please increase LSAPI_CHILDREN.
[UID:1088][534221] Reached max children process limit: 6, extra: 2, current: 8, busy: 8, please increase LSAPI_CHILDREN.
[UID:1088][534221] Reached max children process limit: 6, extra: 2, current: 8, busy: 7, please increase LSAPI_CHILDREN.
[UID:1088][534221] Reached max children process limit: 6, extra: 2, current: 8, busy: 7, please increase LSAPI_CHILDREN.
Not Found: /.well-known/security.txt
Not Found: /robots.txt
Not Found: /robots.txt
Not Found: /favicon.ico
Not Found: /favicon.ico
Not Found: /.well-known/traffic-advice
Not Found: /post/
Not Found: /single-post/
Not Found: /robots.txt
Not Found: /.well-known/security.txt
Not Found: /robots.txt
Not Found: /favicon.ico
Not Found: /favicon.png
Not Found: /favicon.ico
Not Found: /robots.txt
Not Found: /wordpress/wp-admin/setup-config.php
Not Found: /wordpress/wp-admin/setup-config.php
Not Found: /wp-admin/setup-config.php
Not Found: /wp-admin/setup-config.php
Not Found: /xmlrpc.php
Not Found: /xmlrpc.php
Not Found: /robots.txt
Not Found: /robots.txt
Not Found: /robots.txt
Not Found: /xmlrpc.php
Not Found: /robots.txt
Not Found: /unzipper.php
Not Found: /xmlrpc.php
Not Found: /xmlrpc.php
Not Found: /xmlrpc.php
Not Found: /sitemap.xml.gz
Not Found: /robots.txt
Not Found: /sitemaps.xml
Not Found: /wordpress/wp-admin/setup-config.php
Not Found: /wp-admin/setup-config.php
Not Found: /wp-admin/setup-config.php
Not Found: /wordpress/wp-admin/setup-config.php
Not Found: /robots.txt
Not Found: /sitemap.xml.gz
Not Found: /xmlrpc.php
Not Found: /robots.txt
Not Found: /sitemaps.xml
Not Found: /robots.txt
Not Found: /robots.txt
Not Found: /wp-includes/wlwmanifest.xml
Not Found: /xmlrpc.php
Not Found: /blog/wp-includes/wlwmanifest.xml
Not Found: /web/wp-includes/wlwmanifest.xml
Not Found: /wordpress/wp-includes/wlwmanifest.xml
Not Found: /website/wp-includes/wlwmanifest.xml
Not Found: /wp/wp-includes/wlwmanifest.xml
Not Found: /news/wp-includes/wlwmanifest.xml
Not Found: /2020/wp-includes/wlwmanifest.xml
Not Found: /2019/wp-includes/wlwmanifest.xml
Not Found: /shop/wp-includes/wlwmanifest.xml
Not Found: /wp1/wp-includes/wlwmanifest.xml
Not Found: /test/wp-includes/wlwmanifest.xml
Not Found: /wp2/wp-includes/wlwmanifest.xml
Not Found: /site/wp-includes/wlwmanifest.xml
Not Found: /cms/wp-includes/wlwmanifest.xml
Not Found: /sito/wp-includes/wlwmanifest.xml
Not Found: /robots.txt
Not Found: /wordpress/wp-admin/setup-config.php
Not Found: /wp-admin/setup-config.php
Not Found: /wp-admin/setup-config.php
Not Found: /wordpress/wp-admin/setup-config.php
Not Found: /robots.txt
Not Found: /robots.txt
Not Found: /robots.txt
Not Found: /robots.txt
Not Found: /robots.txt
Not Found: /.well-known/traffic-advice
Not Found: /robots.txt
Not Found: /robots.txt
Not Found: /robots.txt
Not Found: /xmlrpc.php
Not Found: /xmlrpc.php
Not Found: /robots.txt
Not Found: /robots.txt
Not Found: /robots.txt
Not Found: /robots.txt
Not Found: /robots.txt
Not Found: /robots.txt
Not Found: /robots.txt
Not Found: /.well-known/traffic-advice
Not Found: /.well-known/traffic-advice
Not Found: /robots.txt
Not Found: /wordpress/wp-admin/setup-config.php
Not Found: /robots.txt
Not Found: /robots.txt
Not Found: /wp-admin/setup-config.php
Not Found: /wordpress/wp-admin/setup-config.php
Not Found: /wp-admin/setup-config.php
Not Found: /sitemap_index.xml
Not Found: /sitemap_index.xml
Not Found: /robots.txt
Not Found: /wp-admin/setup-config.php
Not Found: /wordpress/wp-admin/setup-config.php
Not Found: /wp-admin/setup-config.php
Not Found: /wordpress/wp-admin/setup-config.php
Not Found: /robots.txt
Not Found: /robots.txt
Not Found: /xmlrpc.php
Not Found: /robots.txt
Not Found: /robots.txt
Not Found: /xmlrpc.php
Not Found: /robots.txt
Not Found: /robots.txt
Not Found: /wp-admin/setup-config.php
Not Found: /wp-admin/setup-config.php
Not Found: /wordpress/wp-admin/setup-config.php
Not Found: /wordpress/wp-admin/setup-config.php
Not Found: /xmlrpc.php
Not Found: /robots.txt
Not Found: /robots.txt
[UID:1088][3496943] Reached max children process limit: 6, extra: 2, current: 8, busy: 7, please increase LSAPI_CHILDREN.
[UID:1088][3496943] Reached max children process limit: 6, extra: 2, current: 8, busy: 8, please increase LSAPI_CHILDREN.
[UID:1088][3496943] Reached max children process limit: 6, extra: 2, current: 8, busy: 8, please increase LSAPI_CHILDREN.
[UID:1088][3496943] Reached max children process limit: 6, extra: 2, current: 8, busy: 8, please increase LSAPI_CHILDREN.
[UID:1088][3496943] Reached max children process limit: 6, extra: 2, current: 8, busy: 8, please increase LSAPI_CHILDREN.
[UID:1088][3496943] Reached max children process limit: 6, extra: 2, current: 8, busy: 8, please increase LSAPI_CHILDREN.
[UID:1088][3496943] Reached max children process limit: 6, extra: 2, current: 8, busy: 8, please increase LSAPI_CHILDREN.
[UID:1088][3496943] Reached max children process limit: 6, extra: 2, current: 8, busy: 8, please increase LSAPI_CHILDREN.
[UID:1088][3496943] Reached max children process limit: 6, extra: 2, current: 8, busy: 8, please increase LSAPI_CHILDREN.
[UID:1088][3496943] Reached max children process limit: 6, extra: 2, current: 8, busy: 8, please increase LSAPI_CHILDREN.
[UID:1088][3496943] Reached max children process limit: 6, extra: 2, current: 8, busy: 8, please increase LSAPI_CHILDREN.
[UID:1088][3496943] Reached max children process limit: 6, extra: 2, current: 8, busy: 8, please increase LSAPI_CHILDREN.
[UID:1088][3496943] Reached max children process limit: 6, extra: 2, current: 8, busy: 8, please increase LSAPI_CHILDREN.
[UID:1088][3496943] Reached max children process limit: 6, extra: 2, current: 8, busy: 8, please increase LSAPI_CHILDREN.
[UID:1088][3496943] Reached max children process limit: 6, extra: 2, current: 8, busy: 8, please increase LSAPI_CHILDREN.
[UID:1088][3496943] Reached max children process limit: 6, extra: 2, current: 8, busy: 8, please increase LSAPI_CHILDREN.
[UID:1088][3496943] Reached max children process limit: 6, extra: 2, current: 8, busy: 8, please increase LSAPI_CHILDREN.
[UID:1088][3496943] Reached max children process limit: 6, extra: 2, current: 8, busy: 8, please increase LSAPI_CHILDREN.
[UID:1088][3496943] Reached max children process limit: 6, extra: 2, current: 8, busy: 8, please increase LSAPI_CHILDREN.
[UID:1088][3496943] Reached max children process limit: 6, extra: 2, current: 8, busy: 8, please increase LSAPI_CHILDREN.
[UID:1088][3496943] Reached max children process limit: 6, extra: 2, current: 8, busy: 8, please increase LSAPI_CHILDREN.
[UID:1088][3496943] Reached max children process limit: 6, extra: 2, current: 8, busy: 8, please increase LSAPI_CHILDREN.
[UID:1088][3496943] Reached max children process limit: 6, extra: 2, current: 8, busy: 8, please increase LSAPI_CHILDREN.
[UID:1088][3496943] Reached max children process limit: 6, extra: 2, current: 8, busy: 8, please increase LSAPI_CHILDREN.
[UID:1088][3496943] Reached max children process limit: 6, extra: 2, current: 8, busy: 7, please increase LSAPI_CHILDREN.
[UID:1088][3496943] Reached max children process limit: 6, extra: 2, current: 8, busy: 7, please increase LSAPI_CHILDREN.
[UID:1088][3496943] Reached max children process limit: 6, extra: 2, current: 8, busy: 7, please increase LSAPI_CHILDREN.
Not Found: /robots.txt
Not Found: /robots.txt
Not Found: /robots.txt
Not Found: /robots.txt
Not Found: /robots.txt
Not Found: /robots.txt
Not Found: /robots.txt
Not Found: /wp-admin/setup-config.php
Not Found: /wordpress/wp-admin/setup-config.php
Not Found: /wordpress/wp-admin/setup-config.php
Not Found: /wp-admin/setup-config.php
Not Found: /google4ec7b66b006d9c70.html
Not Found: /xmlrpc.php
Not Found: /robots.txt
Not Found: /robots.txt
Not Found: /robots.txt
Not Found: /robots.txt
Not Found: /xmlrpc.php
Not Found: /robots.txt
Not Found: /robots.txt
Not Found: /wp-admin/setup-config.php
Not Found: /wp-admin/setup-config.php
Not Found: /wordpress/wp-admin/setup-config.php
Not Found: /wordpress/wp-admin/setup-config.php
Not Found: /wp-includes/wlwmanifest.xml
Not Found: /xmlrpc.php
Not Found: /blog/wp-includes/wlwmanifest.xml
Not Found: /web/wp-includes/wlwmanifest.xml
Not Found: /wordpress/wp-includes/wlwmanifest.xml
Not Found: /website/wp-includes/wlwmanifest.xml
Not Found: /wp/wp-includes/wlwmanifest.xml
Not Found: /news/wp-includes/wlwmanifest.xml
Not Found: /2018/wp-includes/wlwmanifest.xml
Not Found: /2019/wp-includes/wlwmanifest.xml
Not Found: /shop/wp-includes/wlwmanifest.xml
Not Found: /wp1/wp-includes/wlwmanifest.xml
Not Found: /test/wp-includes/wlwmanifest.xml
Not Found: /media/wp-includes/wlwmanifest.xml
Not Found: /wp2/wp-includes/wlwmanifest.xml
Not Found: /site/wp-includes/wlwmanifest.xml
Not Found: /cms/wp-includes/wlwmanifest.xml
Not Found: /sito/wp-includes/wlwmanifest.xml
Not Found: /sftp-config.json
Not Found: /.vscode/sftp.json
Not Found: /.vscode/ftp-config.json
Not Found: /.vscode/ftp-sync.json
Not Found: /.sftp-config.json
Not Found: /ftp-sync.json
Not Found: /.ftp-sync.json
Not Found: /ftp-config.json
Not Found: /.ftp-config.json
Not Found: /wp-admin/setup-config.php
Not Found: /wp-admin/setup-config.php
Not Found: /wordpress/wp-admin/setup-config.php
Not Found: /wordpress/wp-admin/setup-config.php
Not Found: /robots.txt
Not Found: /robots.txt
Not Found: /robots.txt
Not Found: /robots.txt
Not Found: /robots.txt
Not Found: /favicon.ico
Not Found: /robots.txt
Not Found: /robots.txt
Not Found: /robots.txt
Not Found: /robots.txt
Not Found: /robots.txt
Not Found: /robots.txt
Not Found: /robots.txt
Not Found: /robots.txt
Not Found: /robots.txt
Not Found: /xmlrpc.php
Not Found: /robots.txt
Not Found: /robots.txt
Not Found: /robots.txt
Not Found: /robots.txt
Not Found: /robots.txt
Not Found: /robots.txt
Not Found: /robots.txt
Not Found: /robots.txt
Not Found: /robots.txt
Not Found: /robots.txt
Not Found: /robots.txt
Not Found: /robots.txt
Not Found: /robots.txt
Not Found: /robots.txt
Not Found: /robots.txt
Not Found: /wp-login.php
Not Found: /wp-admin/
Not Found: /robots.txt
Not Found: /robots.txt
Not Found: /robots.txt
Not Found: /robots.txt
Not Found: /robots.txt
Not Found: /wordpress/wp-admin/setup-config.php
Not Found: /wp-admin/setup-config.php
Not Found: /wordpress/wp-admin/setup-config.php
Not Found: /wp-admin/setup-config.php
Not Found: /robots.txt
Not Found: /robots.txt
Not Found: /robots.txt
Not Found: /robots.txt
Not Found: /robots.txt
Not Found: /robots.txt
Not Found: /robots.txt
Not Found: /xmlrpc.php
Not Found: /robots.txt
Not Found: /robots.txt
Not Found: /robots.txt
Not Found: /.well-known/traffic-advice
Not Found: /robots.txt
Not Found: /favicon.ico
Not Found: /robots.txt
Not Found: /robots.txt
Not Found: /robots.txt
Not Found: /robots.txt
Not Found: /robots.txt
Not Found: /robots.txt
Not Found: /robots.txt
Not Found: /robots.txt
Not Found: /robots.txt
Not Found: /robots.txt
Not Found: /robots.txt
Not Found: /robots.txt
Not Found: /robots.txt
Not Found: /wp-admin/setup-config.php
Not Found: /wordpress/wp-admin/setup-config.php
Not Found: /wp-admin/setup-config.php
Not Found: /wordpress/wp-admin/setup-config.php
Not Found: /wp-includes/css/buttons.css
Not Found: /robots.txt
Not Found: /robots.txt
Not Found: /robots.txt
Not Found: /robots.txt
Not Found: /robots.txt
Not Found: /wp-admin/css/
Not Found: /.well-known/
Not Found: /sites/default/files/
Not Found: /uploads/
Not Found: /images/
Not Found: /files/
Not Found: /robots.txt
Not Found: /robots.txt
Not Found: /robots.txt
Not Found: /robots.txt
Not Found: /robots.txt
Not Found: /xmlrpc.php
Not Found: /_next/data/buildId/page.json
Not Found: /_next/data/buildId/index.json
Not Found: /api/endpoint
Not Found: /_next/static/chunks/pages/
Not Found: /api/[[...slug]]/api/%5B%5B...slug%5D%5D
Not Found: /_next/data/buildId/home.json
Not Found: /api/test
Not Found: /_next/data/buildId/page.json
Not Found: /_next/data/buildId/page.json
Not Found: /.env
Not Found: /phpinfo
Not Found: /phpinfo
Not Found: /phpinfo.php
Not Found: /portal/.env
Not Found: /env/.env
Not Found: /api/.env
Not Found: /dev/.env
Not Found: /dev/.env
Not Found: /new/.env
Not Found: /new/.env.local
Not Found: /new/.env.production
Not Found: /new/.env.staging
Not Found: /_phpinfo.php
Not Found: /_profiler/phpinfo
Not Found: /_profiler/phpinfo/info.php
Not Found: /_profiler/phpinfo/phpinfo.php
Not Found: /wp-config
Not Found: /aws-secret.yaml
Not Found: /awstats/.env
Not Found: /conf/.env
Not Found: /cron/.env
Not Found: /www/.env
Not Found: /docker/.env
Not Found: /env.backup
Not Found: /xampp/phpinfo.php
Not Found: /lara/info.php
Not Found: /lara/phpinfo.php
Not Found: /laravel/info.php
Not Found: /.vscode/.env
Not Found: /js/.env
Not Found: /laravel/.env
Not Found: /laravel/core/.env
Not Found: /mail/.env
Not Found: /mailer/.env
Not Found: /nginx/.env
Not Found: /public/.env
Not Found: /site/.env
Not Found: /xampp/.env
Not Found: /main/.env
Not Found: /node_modules/.env
Not Found: /kyc/.env
Not Found: /prod/.env
Not Found: /.env.bak
Not Found: /api/shared/config/config.env
Not Found: /api/shared/config.env
Not Found: /config.env
Not Found: /website/.env
Not Found: /development/.env
Not Found: /backend/.env
Not Found: /api/shared/config/.env
Not Found: /api/shared/.env
Not Found: /api/config.env
Not Found: /service/email_service.py
Not Found: /node/.env_example
Not Found: /.env.production.local
Not Found: /.env.local
Not Found: /.env.example
Not Found: /.env.stage
Not Found: /robots.txt
Not Found: /favicon.ico
Not Found: /robots.txt
Not Found: /robots.txt
Not Found: /robots.txt
Not Found: /wp-admin/setup-config.php
Not Found: /wp-admin/setup-config.php
Not Found: /wordpress/wp-admin/setup-config.php
Not Found: /wordpress/wp-admin/setup-config.php
Not Found: /xmlrpc.php
Not Found: /robots.txt
Not Found: /.well-known/traffic-advice
Not Found: /favicon.ico
Not Found: /robots.txt
Not Found: /robots.txt
Not Found: /robots.txt
Not Found: /wordpress/wp-admin/setup-config.php
Not Found: /wp-admin/setup-config.php
Not Found: /wordpress/wp-admin/setup-config.php
Not Found: /wp-admin/setup-config.php
Not Found: /robots.txt
Not Found: /robots.txt
Not Found: /robots.txt
Not Found: /.well-known/traffic-advice
Not Found: /robots.txt
Not Found: /robots.txt
Not Found: /robots.txt
Not Found: /robots.txt
Not Found: /.well-known/traffic-advice
Not Found: /news//news/
Not Found: /blog//blog/
Not Found: /wordpress//wordpress/
Not Found: /wp//wp/
Not Found: /site//site/
Not Found: /robots.txt
Not Found: /wp-login.php
Not Found: /wp-admin/
Not Found: /administrator/
Not Found: /user/login
Not Found: /login
Not Found: /register
Not Found: /login
Not Found: /xmlrpc.php
Not Found: /.well-known/traffic-advice
Not Found: /robots.txt
Not Found: /xmlrpc.php
Not Found: /.well-known/traffic-advice
Not Found: /robots.txt
Not Found: /wordpress/wp-admin/setup-config.php
Not Found: /wordpress/wp-admin/setup-config.php
Not Found: /wp-admin/setup-config.php
Not Found: /wp-admin/setup-config.php
Not Found: /wordpress/wp-admin/setup-config.php
Not Found: /wordpress/wp-admin/setup-config.php
Not Found: /wp-admin/setup-config.php
Not Found: /wp-admin/setup-config.php
[UID:1088][538104] Reached max children process limit: 6, extra: 2, current: 8, busy: 7, please increase LSAPI_CHILDREN.
[UID:1088][538104] Reached max children process limit: 6, extra: 2, current: 8, busy: 8, please increase LSAPI_CHILDREN.
[UID:1088][538104] Reached max children process limit: 6, extra: 2, current: 8, busy: 8, please increase LSAPI_CHILDREN.
[UID:1088][538104] Reached max children process limit: 6, extra: 2, current: 8, busy: 8, please increase LSAPI_CHILDREN.
[UID:1088][538104] Reached max children process limit: 6, extra: 2, current: 8, busy: 8, please increase LSAPI_CHILDREN.
[UID:1088][538104] Reached max children process limit: 6, extra: 2, current: 8, busy: 8, please increase LSAPI_CHILDREN.
[UID:1088][538104] Reached max children process limit: 6, extra: 2, current: 8, busy: 8, please increase LSAPI_CHILDREN.
[UID:1088][538104] Reached max children process limit: 6, extra: 2, current: 8, busy: 8, please increase LSAPI_CHILDREN.
[UID:1088][538104] Reached max children process limit: 6, extra: 2, current: 8, busy: 8, please increase LSAPI_CHILDREN.
[UID:1088][538104] Reached max children process limit: 6, extra: 2, current: 8, busy: 8, please increase LSAPI_CHILDREN.
[UID:1088][538104] Reached max children process limit: 6, extra: 2, current: 8, busy: 8, please increase LSAPI_CHILDREN.
[UID:1088][538104] Reached max children process limit: 6, extra: 2, current: 8, busy: 8, please increase LSAPI_CHILDREN.
[UID:1088][538104] Reached max children process limit: 6, extra: 2, current: 8, busy: 8, please increase LSAPI_CHILDREN.
[UID:1088][538104] Reached max children process limit: 6, extra: 2, current: 8, busy: 8, please increase LSAPI_CHILDREN.
[UID:1088][538104] Reached max children process limit: 6, extra: 2, current: 8, busy: 8, please increase LSAPI_CHILDREN.
[UID:1088][538104] Reached max children process limit: 6, extra: 2, current: 8, busy: 8, please increase LSAPI_CHILDREN.
[UID:1088][538104] Reached max children process limit: 6, extra: 2, current: 8, busy: 8, please increase LSAPI_CHILDREN.
[UID:1088][538104] Reached max children process limit: 6, extra: 2, current: 8, busy: 8, please increase LSAPI_CHILDREN.
[UID:1088][538104] Reached max children process limit: 6, extra: 2, current: 8, busy: 8, please increase LSAPI_CHILDREN.
[UID:1088][538104] Reached max children process limit: 6, extra: 2, current: 8, busy: 8, please increase LSAPI_CHILDREN.
[UID:1088][538104] Reached max children process limit: 6, extra: 2, current: 8, busy: 8, please increase LSAPI_CHILDREN.
[UID:1088][538104] Reached max children process limit: 6, extra: 2, current: 8, busy: 8, please increase LSAPI_CHILDREN.
[UID:1088][538104] Reached max children process limit: 6, extra: 2, current: 8, busy: 8, please increase LSAPI_CHILDREN.
[UID:1088][538104] Reached max children process limit: 6, extra: 2, current: 8, busy: 8, please increase LSAPI_CHILDREN.
[UID:1088][538104] Reached max children process limit: 6, extra: 2, current: 8, busy: 7, please increase LSAPI_CHILDREN.
[UID:1088][538104] Reached max children process limit: 6, extra: 2, current: 8, busy: 8, please increase LSAPI_CHILDREN.
[UID:1088][538104] Reached max children process limit: 6, extra: 2, current: 8, busy: 7, please increase LSAPI_CHILDREN.
[UID:1088][538104] Reached max children process limit: 6, extra: 2, current: 8, busy: 7, please increase LSAPI_CHILDREN.
Not Found: /robots.txt
Not Found: /robots.txt
Not Found: /robots.txt
Not Found: /.well-known/traffic-advice
Not Found: /wp-login.php
Not Found: /robots.txt
Not Found: /.well-known/traffic-advice
Not Found: /robots.txt
Not Found: /robots.txt
Not Found: /robots.txt
Not Found: /robots.txt
Not Found: /robots.txt
[UID:1088][1654147] Child process with pid: 1654191 was killed by signal: 15, core dumped: no
Not Found: /robots.txt
Not Found: /robots.txt
Not Found: /wp-admin/setup-config.php
Not Found: /wordpress/wp-admin/setup-config.php
Not Found: /wordpress/wp-admin/setup-config.php
Not Found: /wp-admin/setup-config.php
Not Found: /robots.txt
Not Found: /.well-known/traffic-advice
[UID:1088][1823061] Child process with pid: 1823188 was killed by signal: 15, core dumped: no
[UID:1088][1823061] Child process with pid: 1823602 was killed by signal: 15, core dumped: no
Not Found: /robots.txt
Not Found: /robots.txt
OSError: LSAPI: File error
[UID:1088][1951487] Child process with pid: 1951737 was killed by signal: 15, core dumped: no
[UID:1088][1951487] Child process with pid: 1951736 was killed by signal: 15, core dumped: no
Not Found: /.well-known/traffic-advice
Not Found: /xmlrpc.php
Not Found: /robots.txt
Not Found: /xmlrpc.php
Not Found: /robots.txt
Not Found: /robots.txt
Not Found: /robots.txt
Not Found: /robots.txt
Not Found: /xmlrpc.php
Not Found: /robots.txt
Not Found: /robots.txt
Not Found: /robots.txt
Not Found: /robots.txt
Not Found: /robots.txt
Not Found: /xmlrpc.php
Not Found: /robots.txt
Not Found: /robots.txt
Not Found: /robots.txt
Not Found: /robots.txt
Not Found: /robots.txt
Not Found: /robots.txt
Not Found: /robots.txt
Not Found: /robots.txt
Not Found: /wp-includes/wlwmanifest.xml
Not Found: /xmlrpc.php
Not Found: /blog/wp-includes/wlwmanifest.xml
Not Found: /web/wp-includes/wlwmanifest.xml
Not Found: /wordpress/wp-includes/wlwmanifest.xml
Not Found: /website/wp-includes/wlwmanifest.xml
Not Found: /wp/wp-includes/wlwmanifest.xml
Not Found: /news/wp-includes/wlwmanifest.xml
Not Found: /2018/wp-includes/wlwmanifest.xml
Not Found: /2019/wp-includes/wlwmanifest.xml
Not Found: /shop/wp-includes/wlwmanifest.xml
Not Found: /wp1/wp-includes/wlwmanifest.xml
Not Found: /test/wp-includes/wlwmanifest.xml
Not Found: /media/wp-includes/wlwmanifest.xml
Not Found: /wp2/wp-includes/wlwmanifest.xml
Not Found: /site/wp-includes/wlwmanifest.xml
Not Found: /cms/wp-includes/wlwmanifest.xml
Not Found: /sito/wp-includes/wlwmanifest.xml
Not Found: /wp-admin/setup-config.php
Not Found: /wordpress/wp-admin/setup-config.php
Not Found: /robots.txt
Not Found: /wordpress/wp-admin/setup-config.php
Not Found: /wp-admin/setup-config.php
Not Found: /.well-known/security.txt
Not Found: /robots.txt
Not Found: /robots.txt
Not Found: /xmlrpc.php
Not Found: /xmlrpc.php
Not Found: /robots.txt
Not Found: /robots.txt
Not Found: /robots.txt
Not Found: /.well-known/security.txt
Not Found: /favicon.ico
Not Found: /robots.txt
Not Found: /favicon.ico
Not Found: /robots.txt
Not Found: /xmlrpc.php
Not Found: /wp-json/wc/store/cart
Not Found: /robots.txt
Not Found: /robots.txt
Not Found: /robots.txt
Not Found: /wordpress/wp-admin/setup-config.php
Not Found: /wordpress/wp-admin/setup-config.php
Not Found: /robots.txt
Not Found: /robots.txt
Not Found: /robots.txt
Not Found: /robots.txt
Not Found: /robots.txt
Not Found: /robots.txt
Not Found: /robots.txt
Not Found: /src/.env
Not Found: /server/.env
Not Found: /serviceAccountKey.json
Not Found: /.env.local
Not Found: /backend/.env
Not Found: /app/.env
Not Found: /config.json
[UID:1088][3357888] Reached max children process limit: 6, extra: 2, current: 8, busy: 7, please increase LSAPI_CHILDREN.
Not Found: /.env.dev
Not Found: /.anthropic/config.json
Not Found: /.env.backup
Not Found: /secrets.json
Not Found: /.cursor/mcp.json
Not Found: /.aws/credentials
Not Found: /.npmrc
Not Found: /.env.bak
Not Found: /.env
Not Found: /docker-compose.yml
Not Found: /config/.env
Not Found: /laravel/.env
Not Found: /.openai/config.json
Not Found: /appsettings.json
[UID:1088][3357888] Reached max children process limit: 6, extra: 2, current: 8, busy: 8, please increase LSAPI_CHILDREN.
Not Found: /api/.env
Not Found: /.env.production
Not Found: /.env.staging
[UID:1088][3357888] Reached max children process limit: 6, extra: 2, current: 8, busy: 8, please increase LSAPI_CHILDREN.
[UID:1088][3357888] Reached max children process limit: 6, extra: 2, current: 8, busy: 8, please increase LSAPI_CHILDREN.
[UID:1088][3357888] Reached max children process limit: 6, extra: 2, current: 8, busy: 8, please increase LSAPI_CHILDREN.
[UID:1088][3357888] Reached max children process limit: 6, extra: 2, current: 8, busy: 8, please increase LSAPI_CHILDREN.
[UID:1088][3357888] Reached max children process limit: 6, extra: 2, current: 8, busy: 8, please increase LSAPI_CHILDREN.
[UID:1088][3357888] Reached max children process limit: 6, extra: 2, current: 8, busy: 8, please increase LSAPI_CHILDREN.
[UID:1088][3357888] Reached max children process limit: 6, extra: 2, current: 8, busy: 8, please increase LSAPI_CHILDREN.
[UID:1088][3357888] Reached max children process limit: 6, extra: 2, current: 8, busy: 8, please increase LSAPI_CHILDREN.
[UID:1088][3357888] Reached max children process limit: 6, extra: 2, current: 8, busy: 8, please increase LSAPI_CHILDREN.
[UID:1088][3357888] Reached max children process limit: 6, extra: 2, current: 8, busy: 8, please increase LSAPI_CHILDREN.
[UID:1088][3357888] Reached max children process limit: 6, extra: 2, current: 8, busy: 8, please increase LSAPI_CHILDREN.
[UID:1088][3357888] Reached max children process limit: 6, extra: 2, current: 8, busy: 8, please increase LSAPI_CHILDREN.
[UID:1088][3357888] Reached max children process limit: 6, extra: 2, current: 8, busy: 8, please increase LSAPI_CHILDREN.
[UID:1088][3357888] Reached max children process limit: 6, extra: 2, current: 8, busy: 8, please increase LSAPI_CHILDREN.
[UID:1088][3357888] Reached max children process limit: 6, extra: 2, current: 8, busy: 8, please increase LSAPI_CHILDREN.
[UID:1088][3357888] Reached max children process limit: 6, extra: 2, current: 8, busy: 8, please increase LSAPI_CHILDREN.
[UID:1088][3357888] Reached max children process limit: 6, extra: 2, current: 8, busy: 8, please increase LSAPI_CHILDREN.
[UID:1088][3357888] Reached max children process limit: 6, extra: 2, current: 8, busy: 8, please increase LSAPI_CHILDREN.
[UID:1088][3357888] Reached max children process limit: 6, extra: 2, current: 8, busy: 8, please increase LSAPI_CHILDREN.
[UID:1088][3357888] Reached max children process limit: 6, extra: 2, current: 8, busy: 8, please increase LSAPI_CHILDREN.
[UID:1088][3357888] Reached max children process limit: 6, extra: 2, current: 8, busy: 8, please increase LSAPI_CHILDREN.
[UID:1088][3357888] Reached max children process limit: 6, extra: 2, current: 8, busy: 8, please increase LSAPI_CHILDREN.
[UID:1088][3357888] Reached max children process limit: 6, extra: 2, current: 8, busy: 8, please increase LSAPI_CHILDREN.
Not Found: /credentials.json
Not Found: /robots.txt
Not Found: /robots.txt
Not Found: /robots.txt
Not Found: /robots.txt
Not Found: /robots.txt
Not Found: /robots.txt
Not Found: /robots.txt
